[2025-08-23 17:45:27,852][INFO][omni.repo.man.entry.run:133] Running repo tool: repo_kit_template@1.4.2. args: ['template', 'new']
[2025-08-23 17:45:45,543][INFO][omni.repo.kit_template.backend.template_render.render_template_file:106] Rendering template /mnt/c/projects/kit-app-template/templates/apps/kit_base_editor/kit_base_editor.kit to /mnt/c/projects/kit-app-template/source/apps/my_company.my_editor.kit. Context: {'application_name': 'my_company.my_editor', 'application_display_name': 'My Editor', 'version': '0.1.0', 'repo_rendered_extensions': []}
[2025-08-23 17:45:57,196][INFO][omni.repo.man.entry.run:133] Running repo tool: repo_build@1.13.2. args: ['build']
[2025-08-23 17:45:57,198][INFO][omni.repo.man.utils.set_niceness:1013] set IO niceness to 3 (idle)
[2025-08-23 17:45:57,199][INFO][omni.repo.man.utils.set_niceness:1027] set process niceness to 19 (max)
[2025-08-23 17:45:57,200][INFO][omni.repo.man.configuration.set_token:231] Token: 'platform_target' set to 'linux-x86_64'
[2025-08-23 17:45:57,200][INFO][omni.repo.man.configuration.set_token:231] Token: 'platform_target_abi' set to 'manylinux_2_35_x86_64'
[2025-08-23 17:45:57,200][INFO][omni.repo.man.utils.run_process:241] running process: mkdir --parents /mnt/c/projects/kit-app-template/source/apps
[2025-08-23 17:45:57,204][INFO][omni.repo.build.dependencies.pull_files:275] Skipping project file (doesn't exist): /mnt/c/projects/kit-app-template/deps/host-deps.packman.xml
[2025-08-23 17:46:00,165][WARNING][omni.repo.man.version.get_tool_version:312] Retrieving repo_build version via VERSION file.
[2025-08-23 17:46:00,171][ERROR][omni.repo.man.exceptions_utils.print_log:182] BuildError exception stack trace dumped to logfile /mnt/c/projects/kit-app-template/_repo/repo.log. Stacks dumped to console via `--verbose` or `--tracebacks`. 
BuildError: An error occured while pulling packman dependencies for `/mnt/c/projects/kit-app-template/tools/deps/kit-sdk.packman.xml`:
Bad CRC-32 for file 'kernel/plugins/crashreport.gui'
[2025-08-23 17:46:00,172][ERROR][omni.repo.emit_stack_to_logfile:156] BuildError encountered while running repo_build via ['/mnt/c/projects/kit-app-template/tools/repoman/repoman.py', 'build']:
Traceback (most recent call last):
  File "/mnt/c/projects/kit-app-template/_repo/deps/repo_build/omni/repo/build/dependencies.py", line 262, in pull_files
    returned_data = packmanapi.pull(
  File "/home/kamran/.cache/packman/packman-common/7.29/packman/utils.py", line 514, in wrapper_message_block
    return func(*args, **kwargs)
  File "/home/kamran/.cache/packman/packman-common/7.29/packman/main.py", line 1098, in pull
    dep_map = pull_with_variable_file(
  File "/home/kamran/.cache/packman/packman-common/7.29/packman/main.py", line 1161, in pull_with_variable_file
    pull_map = pull_dependencies(
  File "/home/kamran/.cache/packman/packman-common/7.29/packman/main.py", line 1362, in pull_dependencies
    packager.install_package(target_filename, install_path, passphrase)
  File "/home/kamran/.cache/packman/packman-common/7.29/packman/packager.py", line 415, in install_package
    archivezip.extract_archive_to_folder(package_path, install_path)
  File "/home/kamran/.cache/packman/packman-common/7.29/packman/archivezip.py", line 221, in extract_archive_to_folder
    _extract_file(zip_file, file_info, output_folder)
  File "/home/kamran/.cache/packman/packman-common/7.29/packman/archivezip.py", line 180, in _extract_file
    zip.extract(file_info, path=extract_dir)
  File "/home/kamran/.cache/packman/python/3.10.17-nv1-linux-x86_64/lib/python3.10/zipfile.py", line 1643, in extract
    return self._extract_member(member, path, pwd)
  File "/home/kamran/.cache/packman/python/3.10.17-nv1-linux-x86_64/lib/python3.10/zipfile.py", line 1715, in _extract_member
    shutil.copyfileobj(source, target)
  File "/home/kamran/.cache/packman/python/3.10.17-nv1-linux-x86_64/lib/python3.10/shutil.py", line 195, in copyfileobj
    buf = fsrc_read(length)
  File "/home/kamran/.cache/packman/python/3.10.17-nv1-linux-x86_64/lib/python3.10/zipfile.py", line 930, in read
    data = self._read1(n)
  File "/home/kamran/.cache/packman/python/3.10.17-nv1-linux-x86_64/lib/python3.10/zipfile.py", line 1020, in _read1
    self._update_crc(data)
  File "/home/kamran/.cache/packman/python/3.10.17-nv1-linux-x86_64/lib/python3.10/zipfile.py", line 948, in _update_crc
    raise BadZipFile("Bad CRC-32 for file %r" % self.name)
zipfile.BadZipFile: Bad CRC-32 for file 'kernel/plugins/crashreport.gui'

During handling of the above exception, another exception occurred:

Traceback (most recent call last):
  File "/mnt/c/projects/kit-app-template/_repo/deps/repo_man/omni/repo/man/entry.py", line 138, in run
    options.func(options)
  File "/mnt/c/projects/kit-app-template/_repo/deps/repo_man/omni/repo/man/entry.py", line 90, in <lambda>
    func=lambda args, func=func, config=self.merged_tool_config: func(args, config),
  File "/mnt/c/projects/kit-app-template/_repo/deps/repo_build/omni/repo/build/main.py", line 1576, in run_repo_tool
    run_build(options, repo_folders, None, config)
  File "/mnt/c/projects/kit-app-template/_repo/deps/repo_build/omni/repo/build/utils.py", line 49, in wrapper
    return func(*args, **kwargs)
  File "/mnt/c/projects/kit-app-template/_repo/deps/repo_build/omni/repo/build/main.py", line 1089, in run_build
    dependencies = pull_dependencies_fn(
  File "/mnt/c/projects/kit-app-template/_repo/deps/repo_man/omni/repo/man/nvteamcity.py", line 177, in wrapper
    result = func(*args, **kwargs)
  File "/mnt/c/projects/kit-app-template/_repo/deps/repo_build/omni/repo/build/dependencies.py", line 298, in pull_dependencies
    pull_files(packman_target_files_to_pull, pull_files_platform_target, dependencies)
  File "/mnt/c/projects/kit-app-template/_repo/deps/repo_build/omni/repo/build/dependencies.py", line 271, in pull_files
    raise BuildError(
omni.repo.build.exceptions.BuildError: An error occured while pulling packman dependencies for `/mnt/c/projects/kit-app-template/tools/deps/kit-sdk.packman.xml`:
Bad CRC-32 for file 'kernel/plugins/crashreport.gui'
[2025-08-23 17:46:08,077][INFO][omni.repo.man.entry.run:133] Running repo tool: repo_launch@None. args: ['launch']
[2025-08-23 17:46:27,778][INFO][omni.repo.man.entry.run:133] Running repo tool: repo_kit_template@1.4.2. args: ['template', 'new']
[2025-08-23 17:46:36,126][INFO][omni.repo.kit_template.backend.template_render.render_template_file:106] Rendering template /mnt/c/projects/kit-app-template/templates/apps/kit_base_editor/kit_base_editor.kit to /mnt/c/projects/kit-app-template/source/apps/my_company.my_editor.kit. Context: {'application_name': 'my_company.my_editor', 'application_display_name': 'My Editor', 'version': '0.1.0', 'repo_rendered_extensions': []}
[2025-08-23 17:46:36,159][INFO][omni.repo.kit_template.backend.templates.application_template._add_app_to_premake:197] App define string: define_app("my_company.my_editor.kit") found in premake file: /mnt/c/projects/kit-app-template/premake5.lua
[2025-08-23 17:46:36,178][INFO][omni.repo.kit_template.backend.templates.application_template._add_repo_precache_exts:234] Kit app ${root}/source/apps/my_company.my_editor.kit is already present.
[2025-08-23 17:46:55,427][INFO][omni.repo.man.entry.run:133] Running repo tool: repo_build@1.13.2. args: ['build']
[2025-08-23 17:46:55,428][INFO][omni.repo.man.utils.set_niceness:1013] set IO niceness to 3 (idle)
[2025-08-23 17:46:55,429][INFO][omni.repo.man.utils.set_niceness:1027] set process niceness to 19 (max)
[2025-08-23 17:46:55,430][INFO][omni.repo.man.configuration.set_token:231] Token: 'platform_target' set to 'linux-x86_64'
[2025-08-23 17:46:55,430][INFO][omni.repo.man.configuration.set_token:231] Token: 'platform_target_abi' set to 'manylinux_2_35_x86_64'
[2025-08-23 17:46:55,430][INFO][omni.repo.man.utils.run_process:241] running process: mkdir --parents /mnt/c/projects/kit-app-template/source/apps
[2025-08-23 17:46:55,433][INFO][omni.repo.build.dependencies.pull_files:275] Skipping project file (doesn't exist): /mnt/c/projects/kit-app-template/deps/host-deps.packman.xml
[2025-08-23 17:46:58,649][WARNING][omni.repo.man.version.get_tool_version:312] Retrieving repo_build version via VERSION file.
[2025-08-23 17:46:58,657][ERROR][omni.repo.man.exceptions_utils.print_log:182] BuildError exception stack trace dumped to logfile /mnt/c/projects/kit-app-template/_repo/repo.log. Stacks dumped to console via `--verbose` or `--tracebacks`. 
BuildError: An error occured while pulling packman dependencies for `/mnt/c/projects/kit-app-template/tools/deps/kit-sdk.packman.xml`:
Bad CRC-32 for file 'kernel/py/omni/ext/_extensions.cpython-312-x86_64-linux-gnu.so'
[2025-08-23 17:46:58,659][ERROR][omni.repo.emit_stack_to_logfile:156] BuildError encountered while running repo_build via ['/mnt/c/projects/kit-app-template/tools/repoman/repoman.py', 'build']:
Traceback (most recent call last):
  File "/mnt/c/projects/kit-app-template/_repo/deps/repo_build/omni/repo/build/dependencies.py", line 262, in pull_files
    returned_data = packmanapi.pull(
  File "/home/kamran/.cache/packman/packman-common/7.29/packman/utils.py", line 514, in wrapper_message_block
    return func(*args, **kwargs)
  File "/home/kamran/.cache/packman/packman-common/7.29/packman/main.py", line 1098, in pull
    dep_map = pull_with_variable_file(
  File "/home/kamran/.cache/packman/packman-common/7.29/packman/main.py", line 1161, in pull_with_variable_file
    pull_map = pull_dependencies(
  File "/home/kamran/.cache/packman/packman-common/7.29/packman/main.py", line 1358, in pull_dependencies
    packager.install_package(target_filename, actual_path, passphrase)
  File "/home/kamran/.cache/packman/packman-common/7.29/packman/packager.py", line 415, in install_package
    archivezip.extract_archive_to_folder(package_path, install_path)
  File "/home/kamran/.cache/packman/packman-common/7.29/packman/archivezip.py", line 221, in extract_archive_to_folder
    _extract_file(zip_file, file_info, output_folder)
  File "/home/kamran/.cache/packman/packman-common/7.29/packman/archivezip.py", line 180, in _extract_file
    zip.extract(file_info, path=extract_dir)
  File "/home/kamran/.cache/packman/python/3.10.17-nv1-linux-x86_64/lib/python3.10/zipfile.py", line 1643, in extract
    return self._extract_member(member, path, pwd)
  File "/home/kamran/.cache/packman/python/3.10.17-nv1-linux-x86_64/lib/python3.10/zipfile.py", line 1715, in _extract_member
    shutil.copyfileobj(source, target)
  File "/home/kamran/.cache/packman/python/3.10.17-nv1-linux-x86_64/lib/python3.10/shutil.py", line 195, in copyfileobj
    buf = fsrc_read(length)
  File "/home/kamran/.cache/packman/python/3.10.17-nv1-linux-x86_64/lib/python3.10/zipfile.py", line 930, in read
    data = self._read1(n)
  File "/home/kamran/.cache/packman/python/3.10.17-nv1-linux-x86_64/lib/python3.10/zipfile.py", line 1020, in _read1
    self._update_crc(data)
  File "/home/kamran/.cache/packman/python/3.10.17-nv1-linux-x86_64/lib/python3.10/zipfile.py", line 948, in _update_crc
    raise BadZipFile("Bad CRC-32 for file %r" % self.name)
zipfile.BadZipFile: Bad CRC-32 for file 'kernel/py/omni/ext/_extensions.cpython-312-x86_64-linux-gnu.so'

During handling of the above exception, another exception occurred:

Traceback (most recent call last):
  File "/mnt/c/projects/kit-app-template/_repo/deps/repo_man/omni/repo/man/entry.py", line 138, in run
    options.func(options)
  File "/mnt/c/projects/kit-app-template/_repo/deps/repo_man/omni/repo/man/entry.py", line 90, in <lambda>
    func=lambda args, func=func, config=self.merged_tool_config: func(args, config),
  File "/mnt/c/projects/kit-app-template/_repo/deps/repo_build/omni/repo/build/main.py", line 1576, in run_repo_tool
    run_build(options, repo_folders, None, config)
  File "/mnt/c/projects/kit-app-template/_repo/deps/repo_build/omni/repo/build/utils.py", line 49, in wrapper
    return func(*args, **kwargs)
  File "/mnt/c/projects/kit-app-template/_repo/deps/repo_build/omni/repo/build/main.py", line 1089, in run_build
    dependencies = pull_dependencies_fn(
  File "/mnt/c/projects/kit-app-template/_repo/deps/repo_man/omni/repo/man/nvteamcity.py", line 177, in wrapper
    result = func(*args, **kwargs)
  File "/mnt/c/projects/kit-app-template/_repo/deps/repo_build/omni/repo/build/dependencies.py", line 298, in pull_dependencies
    pull_files(packman_target_files_to_pull, pull_files_platform_target, dependencies)
  File "/mnt/c/projects/kit-app-template/_repo/deps/repo_build/omni/repo/build/dependencies.py", line 271, in pull_files
    raise BuildError(
omni.repo.build.exceptions.BuildError: An error occured while pulling packman dependencies for `/mnt/c/projects/kit-app-template/tools/deps/kit-sdk.packman.xml`:
Bad CRC-32 for file 'kernel/py/omni/ext/_extensions.cpython-312-x86_64-linux-gnu.so'
[2025-08-23 17:48:50,651][INFO][omni.repo.man.entry.run:133] Running repo tool: repo_build@1.13.2. args: ['build']
[2025-08-23 17:48:50,653][INFO][omni.repo.man.utils.set_niceness:1013] set IO niceness to 3 (idle)
[2025-08-23 17:48:50,654][INFO][omni.repo.man.utils.set_niceness:1027] set process niceness to 19 (max)
[2025-08-23 17:48:50,655][INFO][omni.repo.man.configuration.set_token:231] Token: 'platform_target' set to 'linux-x86_64'
[2025-08-23 17:48:50,655][INFO][omni.repo.man.configuration.set_token:231] Token: 'platform_target_abi' set to 'manylinux_2_35_x86_64'
[2025-08-23 17:48:50,656][INFO][omni.repo.man.utils.run_process:241] running process: mkdir --parents /mnt/c/projects/kit-app-template/source/apps
[2025-08-23 17:48:50,658][INFO][omni.repo.build.dependencies.pull_files:275] Skipping project file (doesn't exist): /mnt/c/projects/kit-app-template/deps/host-deps.packman.xml
[2025-08-23 17:48:52,060][WARNING][omni.repo.man.version.get_tool_version:312] Retrieving repo_build version via VERSION file.
[2025-08-23 17:48:52,066][ERROR][omni.repo.man.exceptions_utils.print_log:182] BuildError exception stack trace dumped to logfile /mnt/c/projects/kit-app-template/_repo/repo.log. Stacks dumped to console via `--verbose` or `--tracebacks`. 
BuildError: An error occured while pulling packman dependencies for `/mnt/c/projects/kit-app-template/tools/deps/kit-sdk.packman.xml`:
Bad CRC-32 for file 'python/lib/python3.12/lib-dynload/_pickle.cpython-312-x86_64-linux-gnu.so'
[2025-08-23 17:48:52,067][ERROR][omni.repo.emit_stack_to_logfile:156] BuildError encountered while running repo_build via ['/mnt/c/projects/kit-app-template/tools/repoman/repoman.py', 'build']:
Traceback (most recent call last):
  File "/mnt/c/projects/kit-app-template/_repo/deps/repo_build/omni/repo/build/dependencies.py", line 262, in pull_files
    returned_data = packmanapi.pull(
  File "/home/kamran/.cache/packman/packman-common/7.29/packman/utils.py", line 514, in wrapper_message_block
    return func(*args, **kwargs)
  File "/home/kamran/.cache/packman/packman-common/7.29/packman/main.py", line 1098, in pull
    dep_map = pull_with_variable_file(
  File "/home/kamran/.cache/packman/packman-common/7.29/packman/main.py", line 1161, in pull_with_variable_file
    pull_map = pull_dependencies(
  File "/home/kamran/.cache/packman/packman-common/7.29/packman/main.py", line 1358, in pull_dependencies
    packager.install_package(target_filename, actual_path, passphrase)
  File "/home/kamran/.cache/packman/packman-common/7.29/packman/packager.py", line 415, in install_package
    archivezip.extract_archive_to_folder(package_path, install_path)
  File "/home/kamran/.cache/packman/packman-common/7.29/packman/archivezip.py", line 221, in extract_archive_to_folder
    _extract_file(zip_file, file_info, output_folder)
  File "/home/kamran/.cache/packman/packman-common/7.29/packman/archivezip.py", line 180, in _extract_file
    zip.extract(file_info, path=extract_dir)
  File "/home/kamran/.cache/packman/python/3.10.17-nv1-linux-x86_64/lib/python3.10/zipfile.py", line 1643, in extract
    return self._extract_member(member, path, pwd)
  File "/home/kamran/.cache/packman/python/3.10.17-nv1-linux-x86_64/lib/python3.10/zipfile.py", line 1715, in _extract_member
    shutil.copyfileobj(source, target)
  File "/home/kamran/.cache/packman/python/3.10.17-nv1-linux-x86_64/lib/python3.10/shutil.py", line 195, in copyfileobj
    buf = fsrc_read(length)
  File "/home/kamran/.cache/packman/python/3.10.17-nv1-linux-x86_64/lib/python3.10/zipfile.py", line 930, in read
    data = self._read1(n)
  File "/home/kamran/.cache/packman/python/3.10.17-nv1-linux-x86_64/lib/python3.10/zipfile.py", line 1020, in _read1
    self._update_crc(data)
  File "/home/kamran/.cache/packman/python/3.10.17-nv1-linux-x86_64/lib/python3.10/zipfile.py", line 948, in _update_crc
    raise BadZipFile("Bad CRC-32 for file %r" % self.name)
zipfile.BadZipFile: Bad CRC-32 for file 'python/lib/python3.12/lib-dynload/_pickle.cpython-312-x86_64-linux-gnu.so'

During handling of the above exception, another exception occurred:

Traceback (most recent call last):
  File "/mnt/c/projects/kit-app-template/_repo/deps/repo_man/omni/repo/man/entry.py", line 138, in run
    options.func(options)
  File "/mnt/c/projects/kit-app-template/_repo/deps/repo_man/omni/repo/man/entry.py", line 90, in <lambda>
    func=lambda args, func=func, config=self.merged_tool_config: func(args, config),
  File "/mnt/c/projects/kit-app-template/_repo/deps/repo_build/omni/repo/build/main.py", line 1576, in run_repo_tool
    run_build(options, repo_folders, None, config)
  File "/mnt/c/projects/kit-app-template/_repo/deps/repo_build/omni/repo/build/utils.py", line 49, in wrapper
    return func(*args, **kwargs)
  File "/mnt/c/projects/kit-app-template/_repo/deps/repo_build/omni/repo/build/main.py", line 1089, in run_build
    dependencies = pull_dependencies_fn(
  File "/mnt/c/projects/kit-app-template/_repo/deps/repo_man/omni/repo/man/nvteamcity.py", line 177, in wrapper
    result = func(*args, **kwargs)
  File "/mnt/c/projects/kit-app-template/_repo/deps/repo_build/omni/repo/build/dependencies.py", line 298, in pull_dependencies
    pull_files(packman_target_files_to_pull, pull_files_platform_target, dependencies)
  File "/mnt/c/projects/kit-app-template/_repo/deps/repo_build/omni/repo/build/dependencies.py", line 271, in pull_files
    raise BuildError(
omni.repo.build.exceptions.BuildError: An error occured while pulling packman dependencies for `/mnt/c/projects/kit-app-template/tools/deps/kit-sdk.packman.xml`:
Bad CRC-32 for file 'python/lib/python3.12/lib-dynload/_pickle.cpython-312-x86_64-linux-gnu.so'
[2025-08-23 17:49:01,785][INFO][omni.repo.man.entry.run:133] Running repo tool: repo_build@1.13.2. args: ['build', '--clean']
[2025-08-23 17:49:01,787][INFO][omni.repo.man.utils.set_niceness:1013] set IO niceness to 3 (idle)
[2025-08-23 17:49:01,788][INFO][omni.repo.man.utils.set_niceness:1027] set process niceness to 19 (max)
[2025-08-23 17:49:01,788][INFO][omni.repo.build.main.clean:622] cleaning repo:
[2025-08-23 17:49:01,789][INFO][omni.repo.build.main.clean:639] removing folder: /mnt/c/projects/kit-app-template/_build
[2025-08-23 17:49:49,952][INFO][omni.repo.man.entry.run:133] Running repo tool: repo_build@1.13.2. args: ['build', '--clean']
[2025-08-23 17:49:49,954][INFO][omni.repo.man.utils.set_niceness:1013] set IO niceness to 3 (idle)
[2025-08-23 17:49:49,955][INFO][omni.repo.man.utils.set_niceness:1027] set process niceness to 19 (max)
[2025-08-23 17:49:49,955][INFO][omni.repo.build.main.clean:622] cleaning repo:
[2025-08-23 17:49:57,887][INFO][omni.repo.man.entry.run:133] Running repo tool: repo_build@1.13.2. args: ['build', '--fetch-only']
[2025-08-23 17:49:57,889][INFO][omni.repo.man.utils.set_niceness:1013] set IO niceness to 3 (idle)
[2025-08-23 17:49:57,891][INFO][omni.repo.man.utils.set_niceness:1027] set process niceness to 19 (max)
[2025-08-23 17:49:57,891][INFO][omni.repo.man.configuration.set_token:231] Token: 'platform_target' set to 'linux-x86_64'
[2025-08-23 17:49:57,892][INFO][omni.repo.man.configuration.set_token:231] Token: 'platform_target_abi' set to 'manylinux_2_35_x86_64'
[2025-08-23 17:49:57,893][INFO][omni.repo.man.utils.run_process:241] running process: mkdir --parents /mnt/c/projects/kit-app-template/source/apps
[2025-08-23 17:49:57,896][INFO][omni.repo.build.dependencies.pull_files:275] Skipping project file (doesn't exist): /mnt/c/projects/kit-app-template/deps/host-deps.packman.xml
[2025-08-23 17:50:13,812][INFO][omni.repo.man.utils.run_process:241] running process: /mnt/c/projects/kit-app-template/repo.sh precache_exts -c release
[2025-08-23 17:50:14,700][INFO][omni.repo.man.entry.run:133] Running repo tool: repo_precache_exts@None. args: ['precache_exts', '-c', 'release']
[2025-08-23 17:50:14,705][INFO][omni.repo.precache_exts.run:315] precaching app: /mnt/c/projects/kit-app-template/source/apps/my_company.my_editor.kit
[2025-08-23 17:50:14,709][INFO][omni.repo.man.utils.run_process:241] running process: /mnt/c/projects/kit-app-template/_build/linux-x86_64/release/kit/kit /mnt/c/projects/kit-app-template/source/apps/my_company.my_editor.kit --allow-root --portable --ext-precache-mode --/crashreporter/gatherUserStory=0 --/app/settings/persistent=0 --/app/settings/loadUserConfig=0 --/app/extensions/generateVersionLock=1 --/app/extensions/parallelPullEnabled=1 --/app/enableStdoutOutput=1 --/app/extensions/detailedSolverExplanation=1 --/app/extensions/registryEnabled=1 --/app/extensions/mkdirExtFolders=0 '--/app/extensions/registryCacheFull='"'"'/mnt/c/projects/kit-app-template/_build/linux-x86_64/release/extscache'"'"'' --/log/flushStandardStreamOutput=1 '--/exts/omni.kit.registry.nucleus/registries/0/name="kit/default"' '--/exts/omni.kit.registry.nucleus/registries/0/url="https://ovextensionsprod.blob.core.windows.net/exts/kit/prod/${kit_version_major}/shared"' '--/exts/omni.kit.registry.nucleus/registries/1/name="kit/sdk"' '--/exts/omni.kit.registry.nucleus/registries/1/url="https://ovextensionsprod.blob.core.windows.net/exts/kit/prod/sdk/${kit_version_short}/${kit_git_hash}"' '--/exts/omni.kit.registry.nucleus/registries/2/name="kit/community"' '--/exts/omni.kit.registry.nucleus/registries/2/url="https://dw290v42wisod.cloudfront.net/exts/kit/community"' --/app/extensions/target/config=release --ext-folder /mnt/c/projects/kit-app-template/source/extensions --ext-folder /mnt/c/projects/kit-app-template/source/apps --portable-root /mnt/c/projects/kit-app-template/_build/linux-x86_64/release --/app/extensions/generateVersionLockSkipLocalExts=1
[2025-08-23 17:50:46,272][ERROR][omni.repo.man.utils.run_process:264] error running: /mnt/c/projects/kit-app-template/_build/linux-x86_64/release/kit/kit /mnt/c/projects/kit-app-template/source/apps/my_company.my_editor.kit --allow-root --portable --ext-precache-mode --/crashreporter/gatherUserStory=0 --/app/settings/persistent=0 --/app/settings/loadUserConfig=0 --/app/extensions/generateVersionLock=1 --/app/extensions/parallelPullEnabled=1 --/app/enableStdoutOutput=1 --/app/extensions/detailedSolverExplanation=1 --/app/extensions/registryEnabled=1 --/app/extensions/mkdirExtFolders=0 '--/app/extensions/registryCacheFull='"'"'/mnt/c/projects/kit-app-template/_build/linux-x86_64/release/extscache'"'"'' --/log/flushStandardStreamOutput=1 '--/exts/omni.kit.registry.nucleus/registries/0/name="kit/default"' '--/exts/omni.kit.registry.nucleus/registries/0/url="https://ovextensionsprod.blob.core.windows.net/exts/kit/prod/${kit_version_major}/shared"' '--/exts/omni.kit.registry.nucleus/registries/1/name="kit/sdk"' '--/exts/omni.kit.registry.nucleus/registries/1/url="https://ovextensionsprod.blob.core.windows.net/exts/kit/prod/sdk/${kit_version_short}/${kit_git_hash}"' '--/exts/omni.kit.registry.nucleus/registries/2/name="kit/community"' '--/exts/omni.kit.registry.nucleus/registries/2/url="https://dw290v42wisod.cloudfront.net/exts/kit/community"' --/app/extensions/target/config=release --ext-folder /mnt/c/projects/kit-app-template/source/extensions --ext-folder /mnt/c/projects/kit-app-template/source/apps --portable-root /mnt/c/projects/kit-app-template/_build/linux-x86_64/release --/app/extensions/generateVersionLockSkipLocalExts=1, code: -1, message: "KeyboardInterrupt"
[2025-08-23 17:50:46,272][ERROR][omni.repo.man.utils.run_process:264] error running: /mnt/c/projects/kit-app-template/repo.sh precache_exts -c release, code: -1, message: "KeyboardInterrupt"
[2025-08-23 17:50:46,277][WARNING][omni.repo.man.version.get_tool_version:312] Retrieving repo_build version via VERSION file.
[2025-08-23 17:50:46,278][ERROR][omni.repo.man.exceptions_utils.print_log:182] SystemExit exception stack trace dumped to logfile /mnt/c/projects/kit-app-template/_repo/repo.log. Stacks dumped to console via `--verbose` or `--tracebacks`. 
SystemExit: -1
[2025-08-23 17:50:46,281][ERROR][omni.repo.man.exceptions_utils.print_log:182] SystemExit exception stack trace dumped to logfile /mnt/c/projects/kit-app-template/_repo/repo.log. Stacks dumped to console via `--verbose` or `--tracebacks`. 
SystemExit: -1
[2025-08-23 17:50:46,279][ERROR][omni.repo.emit_stack_to_logfile:156] SystemExit encountered while running repo_precache_exts via ['/mnt/c/projects/kit-app-template/tools/repoman/repoman.py', 'precache_exts', '-c', 'release']:
Traceback (most recent call last):
  File "/mnt/c/projects/kit-app-template/_repo/deps/repo_man/omni/repo/man/entry.py", line 138, in run
    options.func(options)
  File "/mnt/c/projects/kit-app-template/_repo/deps/repo_man/omni/repo/man/entry.py", line 90, in <lambda>
    func=lambda args, func=func, config=self.merged_tool_config: func(args, config),
  File "/home/kamran/.cache/packman/chk/kit-kernel/108.0.0+feature.221586.5941509b.gl.manylinux_2_35_x86_64.release+c3/dev/tools/repoman/precache_exts.py", line 481, in run_repo_tool
    run(tool_config, options, repo_folders["root"], platform_host)
  File "/home/kamran/.cache/packman/chk/kit-kernel/108.0.0+feature.221586.5941509b.gl.manylinux_2_35_x86_64.release+c3/dev/tools/repoman/precache_exts.py", line 434, in run
    sys.exit(returncode)
SystemExit: -1
[2025-08-23 17:50:46,282][ERROR][omni.repo.emit_stack_to_logfile:156] SystemExit encountered while running repo_build via ['/mnt/c/projects/kit-app-template/tools/repoman/repoman.py', 'build', '--fetch-only']:
Traceback (most recent call last):
  File "/mnt/c/projects/kit-app-template/_repo/deps/repo_man/omni/repo/man/entry.py", line 138, in run
    options.func(options)
  File "/mnt/c/projects/kit-app-template/_repo/deps/repo_man/omni/repo/man/entry.py", line 90, in <lambda>
    func=lambda args, func=func, config=self.merged_tool_config: func(args, config),
  File "/mnt/c/projects/kit-app-template/_repo/deps/repo_build/omni/repo/build/main.py", line 1576, in run_repo_tool
    run_build(options, repo_folders, None, config)
  File "/mnt/c/projects/kit-app-template/_repo/deps/repo_build/omni/repo/build/utils.py", line 49, in wrapper
    return func(*args, **kwargs)
  File "/mnt/c/projects/kit-app-template/_repo/deps/repo_build/omni/repo/build/main.py", line 1124, in run_build
    process_after_pull_commands(
  File "/mnt/c/projects/kit-app-template/_repo/deps/repo_build/omni/repo/build/dependencies.py", line 364, in process_after_pull_commands
    run_command(command, repo_folders, platform_target, config, extra_tokens, print_name="After Pull Commands")
  File "/mnt/c/projects/kit-app-template/_repo/deps/repo_build/omni/repo/build/utils.py", line 23, in run_command
    run_process(command, exit_on_error=True)
  File "/mnt/c/projects/kit-app-template/_repo/deps/repo_man/omni/repo/man/utils.py", line 266, in run_process
    sys.exit(returncode)
SystemExit: -1
[2025-08-23 17:50:58,498][INFO][omni.repo.man.entry.run:133] Running repo tool: repo_build@1.13.2. args: ['build']
[2025-08-23 17:50:58,499][INFO][omni.repo.man.utils.set_niceness:1013] set IO niceness to 3 (idle)
[2025-08-23 17:50:58,500][INFO][omni.repo.man.utils.set_niceness:1027] set process niceness to 19 (max)
[2025-08-23 17:50:58,501][INFO][omni.repo.man.configuration.set_token:231] Token: 'platform_target' set to 'linux-x86_64'
[2025-08-23 17:50:58,501][INFO][omni.repo.man.configuration.set_token:231] Token: 'platform_target_abi' set to 'manylinux_2_35_x86_64'
[2025-08-23 17:50:58,501][INFO][omni.repo.man.utils.run_process:241] running process: mkdir --parents /mnt/c/projects/kit-app-template/source/apps
[2025-08-23 17:50:58,504][INFO][omni.repo.build.dependencies.pull_files:275] Skipping project file (doesn't exist): /mnt/c/projects/kit-app-template/deps/host-deps.packman.xml
[2025-08-23 17:50:58,552][INFO][omni.repo.man.utils.run_process:241] running process: /mnt/c/projects/kit-app-template/repo.sh precache_exts -c release
[2025-08-23 17:50:59,493][INFO][omni.repo.man.entry.run:133] Running repo tool: repo_precache_exts@None. args: ['precache_exts', '-c', 'release']
[2025-08-23 17:50:59,498][INFO][omni.repo.precache_exts.run:315] precaching app: /mnt/c/projects/kit-app-template/source/apps/my_company.my_editor.kit
[2025-08-23 17:50:59,501][INFO][omni.repo.man.utils.run_process:241] running process: /mnt/c/projects/kit-app-template/_build/linux-x86_64/release/kit/kit /mnt/c/projects/kit-app-template/source/apps/my_company.my_editor.kit --allow-root --portable --ext-precache-mode --/crashreporter/gatherUserStory=0 --/app/settings/persistent=0 --/app/settings/loadUserConfig=0 --/app/extensions/generateVersionLock=1 --/app/extensions/parallelPullEnabled=1 --/app/enableStdoutOutput=1 --/app/extensions/detailedSolverExplanation=1 --/app/extensions/registryEnabled=1 --/app/extensions/mkdirExtFolders=0 '--/app/extensions/registryCacheFull='"'"'/mnt/c/projects/kit-app-template/_build/linux-x86_64/release/extscache'"'"'' --/log/flushStandardStreamOutput=1 '--/exts/omni.kit.registry.nucleus/registries/0/name="kit/default"' '--/exts/omni.kit.registry.nucleus/registries/0/url="https://ovextensionsprod.blob.core.windows.net/exts/kit/prod/${kit_version_major}/shared"' '--/exts/omni.kit.registry.nucleus/registries/1/name="kit/sdk"' '--/exts/omni.kit.registry.nucleus/registries/1/url="https://ovextensionsprod.blob.core.windows.net/exts/kit/prod/sdk/${kit_version_short}/${kit_git_hash}"' '--/exts/omni.kit.registry.nucleus/registries/2/name="kit/community"' '--/exts/omni.kit.registry.nucleus/registries/2/url="https://dw290v42wisod.cloudfront.net/exts/kit/community"' --/app/extensions/target/config=release --ext-folder /mnt/c/projects/kit-app-template/source/extensions --ext-folder /mnt/c/projects/kit-app-template/source/apps --portable-root /mnt/c/projects/kit-app-template/_build/linux-x86_64/release --/app/extensions/generateVersionLockSkipLocalExts=1
[2025-08-23 17:51:06,186][ERROR][omni.repo.man.utils.run_process:264] error running: /mnt/c/projects/kit-app-template/_build/linux-x86_64/release/kit/kit /mnt/c/projects/kit-app-template/source/apps/my_company.my_editor.kit --allow-root --portable --ext-precache-mode --/crashreporter/gatherUserStory=0 --/app/settings/persistent=0 --/app/settings/loadUserConfig=0 --/app/extensions/generateVersionLock=1 --/app/extensions/parallelPullEnabled=1 --/app/enableStdoutOutput=1 --/app/extensions/detailedSolverExplanation=1 --/app/extensions/registryEnabled=1 --/app/extensions/mkdirExtFolders=0 '--/app/extensions/registryCacheFull='"'"'/mnt/c/projects/kit-app-template/_build/linux-x86_64/release/extscache'"'"'' --/log/flushStandardStreamOutput=1 '--/exts/omni.kit.registry.nucleus/registries/0/name="kit/default"' '--/exts/omni.kit.registry.nucleus/registries/0/url="https://ovextensionsprod.blob.core.windows.net/exts/kit/prod/${kit_version_major}/shared"' '--/exts/omni.kit.registry.nucleus/registries/1/name="kit/sdk"' '--/exts/omni.kit.registry.nucleus/registries/1/url="https://ovextensionsprod.blob.core.windows.net/exts/kit/prod/sdk/${kit_version_short}/${kit_git_hash}"' '--/exts/omni.kit.registry.nucleus/registries/2/name="kit/community"' '--/exts/omni.kit.registry.nucleus/registries/2/url="https://dw290v42wisod.cloudfront.net/exts/kit/community"' --/app/extensions/target/config=release --ext-folder /mnt/c/projects/kit-app-template/source/extensions --ext-folder /mnt/c/projects/kit-app-template/source/apps --portable-root /mnt/c/projects/kit-app-template/_build/linux-x86_64/release --/app/extensions/generateVersionLockSkipLocalExts=1, code: 55, message: ""
[2025-08-23 17:51:06,191][ERROR][omni.repo.man.exceptions_utils.print_log:182] SystemExit exception stack trace dumped to logfile /mnt/c/projects/kit-app-template/_repo/repo.log. Stacks dumped to console via `--verbose` or `--tracebacks`. 
SystemExit: 55
[2025-08-23 17:51:06,192][ERROR][omni.repo.emit_stack_to_logfile:156] SystemExit encountered while running repo_precache_exts via ['/mnt/c/projects/kit-app-template/tools/repoman/repoman.py', 'precache_exts', '-c', 'release']:
Traceback (most recent call last):
  File "/mnt/c/projects/kit-app-template/_repo/deps/repo_man/omni/repo/man/entry.py", line 138, in run
    options.func(options)
  File "/mnt/c/projects/kit-app-template/_repo/deps/repo_man/omni/repo/man/entry.py", line 90, in <lambda>
    func=lambda args, func=func, config=self.merged_tool_config: func(args, config),
  File "/home/kamran/.cache/packman/chk/kit-kernel/108.0.0+feature.221586.5941509b.gl.manylinux_2_35_x86_64.release+c3/dev/tools/repoman/precache_exts.py", line 481, in run_repo_tool
    run(tool_config, options, repo_folders["root"], platform_host)
  File "/home/kamran/.cache/packman/chk/kit-kernel/108.0.0+feature.221586.5941509b.gl.manylinux_2_35_x86_64.release+c3/dev/tools/repoman/precache_exts.py", line 434, in run
    sys.exit(returncode)
SystemExit: 55
[2025-08-23 17:51:06,230][ERROR][omni.repo.man.utils.run_process:264] error running: /mnt/c/projects/kit-app-template/repo.sh precache_exts -c release, code: 55, message: ""
[2025-08-23 17:51:06,234][WARNING][omni.repo.man.version.get_tool_version:312] Retrieving repo_build version via VERSION file.
[2025-08-23 17:51:06,237][ERROR][omni.repo.man.exceptions_utils.print_log:182] SystemExit exception stack trace dumped to logfile /mnt/c/projects/kit-app-template/_repo/repo.log. Stacks dumped to console via `--verbose` or `--tracebacks`. 
SystemExit: 55
[2025-08-23 17:51:06,238][ERROR][omni.repo.emit_stack_to_logfile:156] SystemExit encountered while running repo_build via ['/mnt/c/projects/kit-app-template/tools/repoman/repoman.py', 'build']:
Traceback (most recent call last):
  File "/mnt/c/projects/kit-app-template/_repo/deps/repo_man/omni/repo/man/entry.py", line 138, in run
    options.func(options)
  File "/mnt/c/projects/kit-app-template/_repo/deps/repo_man/omni/repo/man/entry.py", line 90, in <lambda>
    func=lambda args, func=func, config=self.merged_tool_config: func(args, config),
  File "/mnt/c/projects/kit-app-template/_repo/deps/repo_build/omni/repo/build/main.py", line 1576, in run_repo_tool
    run_build(options, repo_folders, None, config)
  File "/mnt/c/projects/kit-app-template/_repo/deps/repo_build/omni/repo/build/utils.py", line 49, in wrapper
    return func(*args, **kwargs)
  File "/mnt/c/projects/kit-app-template/_repo/deps/repo_build/omni/repo/build/main.py", line 1124, in run_build
    process_after_pull_commands(
  File "/mnt/c/projects/kit-app-template/_repo/deps/repo_build/omni/repo/build/dependencies.py", line 364, in process_after_pull_commands
    run_command(command, repo_folders, platform_target, config, extra_tokens, print_name="After Pull Commands")
  File "/mnt/c/projects/kit-app-template/_repo/deps/repo_build/omni/repo/build/utils.py", line 23, in run_command
    run_process(command, exit_on_error=True)
  File "/mnt/c/projects/kit-app-template/_repo/deps/repo_man/omni/repo/man/utils.py", line 266, in run_process
    sys.exit(returncode)
SystemExit: 55
[2025-08-23 17:52:55,735][INFO][omni.repo.man.entry.run:133] Running repo tool: repo_build@1.13.2. args: ['build']
[2025-08-23 17:52:55,735][INFO][omni.repo.man.configuration.set_token:231] Token: 'platform_target' set to 'windows-x86_64'
[2025-08-23 17:52:55,735][INFO][omni.repo.man.configuration.set_token:231] Token: 'platform_target_abi' set to 'windows-x86_64'
[2025-08-23 17:52:55,736][INFO][omni.repo.man.utils.run_process:241] running process: powershell -Command "New-Item -ItemType Directory -Path C:/projects/kit-app-template/source/apps -ErrorAction SilentlyContinue" ; "Write-Host 'Done'"
[2025-08-23 17:52:55,923][INFO][omni.repo.build.dependencies.pull_files:275] Skipping project file (doesn't exist): C:/projects/kit-app-template/deps/host-deps.packman.xml
[2025-08-23 17:53:08,556][INFO][omni.repo.man.utils.run_process:241] running process: C:/projects/kit-app-template/repo.bat precache_exts -c release
[2025-08-23 17:53:09,412][INFO][omni.repo.man.entry.run:133] Running repo tool: repo_precache_exts@None. args: ['precache_exts', '-c', 'release']
[2025-08-23 17:53:09,412][INFO][omni.repo.precache_exts.run:315] precaching app: C:\projects\kit-app-template\source\apps\my_company.my_editor.kit
[2025-08-23 17:53:09,413][INFO][omni.repo.man.utils.run_process:241] running process: C:\projects\kit-app-template\_build\windows-x86_64\release\kit\kit.exe C:\projects\kit-app-template\source\apps\my_company.my_editor.kit --allow-root --portable --ext-precache-mode --/crashreporter/gatherUserStory=0 --/app/settings/persistent=0 --/app/settings/loadUserConfig=0 --/app/extensions/generateVersionLock=1 --/app/extensions/parallelPullEnabled=1 --/app/enableStdoutOutput=1 --/app/extensions/detailedSolverExplanation=1 --/app/extensions/registryEnabled=1 --/app/extensions/mkdirExtFolders=0 --/app/extensions/registryCacheFull='C:\projects\kit-app-template\_build\windows-x86_64\release\extscache' --/log/flushStandardStreamOutput=1 --/exts/omni.kit.registry.nucleus/registries/0/name=\"kit/default\" --/exts/omni.kit.registry.nucleus/registries/0/url=\"https://ovextensionsprod.blob.core.windows.net/exts/kit/prod/${kit_version_major}/shared\" --/exts/omni.kit.registry.nucleus/registries/1/name=\"kit/sdk\" --/exts/omni.kit.registry.nucleus/registries/1/url=\"https://ovextensionsprod.blob.core.windows.net/exts/kit/prod/sdk/${kit_version_short}/${kit_git_hash}\" --/exts/omni.kit.registry.nucleus/registries/2/name=\"kit/community\" --/exts/omni.kit.registry.nucleus/registries/2/url=\"https://dw290v42wisod.cloudfront.net/exts/kit/community\" --/app/extensions/target/config=release --ext-folder C:\projects\kit-app-template\source\extensions --ext-folder C:\projects\kit-app-template\source\apps --portable-root C:/projects/kit-app-template/_build/windows-x86_64/release --/app/extensions/generateVersionLockSkipLocalExts=1
[2025-08-23 17:56:49,687][INFO][omni.repo.build.pippull.pull_pip_dependencies:433] Checking for Packman package: repo_pip_cache@10c59321fb8d5f367a7d1c63aa4bed5502752650-v2-windows-x86_64
[2025-08-23 17:56:49,688][INFO][omni.repo.build.pippull.pull_pip_dependencies:441] Repo build python cache disabled, pulling fresh dependencies.
[2025-08-23 17:56:49,688][INFO][omni.repo.build.pippull.pull_using_pip_from_config:242] >>> Pulling pip packages from 'C:\projects\kit-app-template\tools\deps\pip.toml'.
[2025-08-23 17:56:49,688][INFO][omni.repo.build.pippull.pull_using_pip_from_config:382] >>> Skipping license gathering.
[2025-08-23 17:56:49,689][INFO][omni.repo.build.build.generate_projects:263] generating project from: C:/projects/kit-app-template/premake5.lua
[2025-08-23 17:56:49,689][INFO][omni.repo.man.utils.run_process:241] running process: C:/projects/kit-app-template/_build/host-deps\premake\bin\premake5.exe --file=C:/projects/kit-app-template/premake5.lua no-compile --platform-host=windows-x86_64 --scripts=C:\packman-repo\chk\repo_build\1.13.2\lua --platform-target=windows-x86_64 --linux-x86_64-cxx11-abi=True --solution-name=kit-app-template
[2025-08-23 17:56:51,035][INFO][omni.repo.man.entry.run:133] Running repo tool: repo_kit_pull_extensions@1.10.0. args: ['pull_extensions', 'setup']
[2025-08-23 17:56:51,036][INFO][omni.repo.man.configuration.set_token:231] Token: 'config' set to 'debug'
[2025-08-23 17:56:51,039][INFO][omni.repo.man.configuration.set_token:231] Token: 'config' set to 'release'
[2025-08-23 17:56:51,920][INFO][omni.repo.man.entry.run:133] Running repo tool: repo_build_number@1.88.2. args: ['build_number', '-o', 'c:/projects/kit-app-template/_build/windows-x86_64/debug/VERSION']
[2025-08-23 17:56:51,920][INFO][omni.repo.man.nvenv.get_git_hash:352] Getting Git hash for directory c:\projects\kit-app-template
[2025-08-23 17:56:51,920][INFO][omni.repo.man.nvenv.find_git_path:186] Searching for the location of Git
[2025-08-23 17:56:51,921][INFO][omni.repo.man.nvenv.find_git_path:201] Git 2.28.0-windows-x86_64 fetched by packman
[2025-08-23 17:56:51,921][INFO][omni.repo.man.nvenv.find_git_path:249] Git location: C:/packman-repo/chk/git/2.28.0-windows-x86_64\bin/git.exe
[2025-08-23 17:56:51,922][INFO][omni.repo.man.utils.run_process_return_output:301] running process: C:/packman-repo/chk/git/2.28.0-windows-x86_64\bin/git.exe rev-parse --git-dir
[2025-08-23 17:56:52,241][INFO][omni.repo.man.nvenv.execute_git:284] Calling Git with args: "rev-parse --short=8 HEAD". Try: 1. cwd: 'c:\projects\kit-app-template'
[2025-08-23 17:56:52,275][INFO][omni.repo.man.nvenv.execute_git:295] git call result:
	return code:0
	stdout: 72a92618

	stderr: 
[2025-08-23 17:56:52,276][INFO][omni.repo.man.utils.run_process_return_output:301] running process: C:/packman-repo/chk/git/2.28.0-windows-x86_64\bin/git.exe rev-parse --git-dir
[2025-08-23 17:56:52,306][INFO][omni.repo.man.nvenv.execute_git:284] Calling Git with args: "rev-parse --abbrev-ref HEAD". Try: 1. cwd: 'c:\projects\kit-app-template'
[2025-08-23 17:56:52,342][INFO][omni.repo.man.nvenv.execute_git:295] git call result:
	return code:0
	stdout: main

	stderr: 
[2025-08-23 17:56:52,343][INFO][omni.repo.man.build_number.print_log:182] Build number: '108.0+main.0.72a92618.local'
[2025-08-23 17:56:52,345][INFO][omni.repo.man.build_number.print_log:182] Written to file: 'c:\projects\kit-app-template\_build\windows-x86_64\debug\VERSION'
[2025-08-23 17:56:53,181][INFO][omni.repo.man.entry.run:133] Running repo tool: repo_build_number@1.88.2. args: ['build_number', '-o', 'c:/projects/kit-app-template/_build/windows-x86_64/release/VERSION']
[2025-08-23 17:56:53,182][INFO][omni.repo.man.nvenv.get_git_hash:352] Getting Git hash for directory c:\projects\kit-app-template
[2025-08-23 17:56:53,182][INFO][omni.repo.man.nvenv.find_git_path:186] Searching for the location of Git
[2025-08-23 17:56:53,183][INFO][omni.repo.man.nvenv.find_git_path:201] Git 2.28.0-windows-x86_64 fetched by packman
[2025-08-23 17:56:53,183][INFO][omni.repo.man.nvenv.find_git_path:249] Git location: C:/packman-repo/chk/git/2.28.0-windows-x86_64\bin/git.exe
[2025-08-23 17:56:53,183][INFO][omni.repo.man.utils.run_process_return_output:301] running process: C:/packman-repo/chk/git/2.28.0-windows-x86_64\bin/git.exe rev-parse --git-dir
[2025-08-23 17:56:53,215][INFO][omni.repo.man.nvenv.execute_git:284] Calling Git with args: "rev-parse --short=8 HEAD". Try: 1. cwd: 'c:\projects\kit-app-template'
[2025-08-23 17:56:53,249][INFO][omni.repo.man.nvenv.execute_git:295] git call result:
	return code:0
	stdout: 72a92618

	stderr: 
[2025-08-23 17:56:53,249][INFO][omni.repo.man.utils.run_process_return_output:301] running process: C:/packman-repo/chk/git/2.28.0-windows-x86_64\bin/git.exe rev-parse --git-dir
[2025-08-23 17:56:53,281][INFO][omni.repo.man.nvenv.execute_git:284] Calling Git with args: "rev-parse --abbrev-ref HEAD". Try: 1. cwd: 'c:\projects\kit-app-template'
[2025-08-23 17:56:53,314][INFO][omni.repo.man.nvenv.execute_git:295] git call result:
	return code:0
	stdout: main

	stderr: 
[2025-08-23 17:56:53,315][INFO][omni.repo.man.build_number.print_log:182] Build number: '108.0+main.0.72a92618.local'
[2025-08-23 17:56:53,317][INFO][omni.repo.man.build_number.print_log:182] Written to file: 'c:\projects\kit-app-template\_build\windows-x86_64\release\VERSION'
[2025-08-23 17:56:53,378][INFO][omni.repo.man.fileutils.copy_and_link_using_dict:532] Copy of 0 files took: 0.000 milliseconds.
[2025-08-23 17:56:53,378][INFO][omni.repo.man.fileutils.copy_and_link_using_dict:542] Creating links of 0 folders took: 0.000 milliseconds.
[2025-08-23 17:56:53,384][INFO][omni.repo.man.fileutils.copy_and_link_using_dict:532] Copy of 7 files took: 5.998 milliseconds.
[2025-08-23 17:56:53,398][INFO][omni.repo.man.fileutils.copy_and_link_using_dict:542] Creating links of 3 folders took: 14.516 milliseconds.
[2025-08-23 17:57:16,778][INFO][omni.repo.man.entry.run:133] Running repo tool: repo_launch@None. args: ['launch']
[2025-08-23 18:19:16,439][INFO][omni.repo.man.entry.run:133] Running repo tool: repo_build@1.13.2. args: ['build']
[2025-08-23 18:19:16,439][INFO][omni.repo.man.configuration.set_token:231] Token: 'platform_target' set to 'windows-x86_64'
[2025-08-23 18:19:16,439][INFO][omni.repo.man.configuration.set_token:231] Token: 'platform_target_abi' set to 'windows-x86_64'
[2025-08-23 18:19:16,440][INFO][omni.repo.man.utils.run_process:241] running process: powershell -Command "New-Item -ItemType Directory -Path C:/projects/kit-app-template/source/apps -ErrorAction SilentlyContinue" ; "Write-Host 'Done'"
[2025-08-23 18:19:16,681][INFO][omni.repo.build.dependencies.pull_files:275] Skipping project file (doesn't exist): C:/projects/kit-app-template/deps/host-deps.packman.xml
[2025-08-23 18:19:16,688][INFO][omni.repo.man.utils.run_process:241] running process: C:/projects/kit-app-template/repo.bat precache_exts -c release
[2025-08-23 18:19:17,492][INFO][omni.repo.man.entry.run:133] Running repo tool: repo_precache_exts@None. args: ['precache_exts', '-c', 'release']
[2025-08-23 18:19:17,493][INFO][omni.repo.precache_exts.run:315] precaching app: C:\projects\kit-app-template\source\apps\my_company.my_editor.kit
[2025-08-23 18:19:17,493][INFO][omni.repo.man.utils.run_process:241] running process: C:\projects\kit-app-template\_build\windows-x86_64\release\kit\kit.exe C:\projects\kit-app-template\source\apps\my_company.my_editor.kit --allow-root --portable --ext-precache-mode --/crashreporter/gatherUserStory=0 --/app/settings/persistent=0 --/app/settings/loadUserConfig=0 --/app/extensions/generateVersionLock=1 --/app/extensions/parallelPullEnabled=1 --/app/enableStdoutOutput=1 --/app/extensions/detailedSolverExplanation=1 --/app/extensions/registryEnabled=1 --/app/extensions/mkdirExtFolders=0 --/app/extensions/registryCacheFull='C:\projects\kit-app-template\_build\windows-x86_64\release\extscache' --/log/flushStandardStreamOutput=1 --/exts/omni.kit.registry.nucleus/registries/0/name=\"kit/default\" --/exts/omni.kit.registry.nucleus/registries/0/url=\"https://ovextensionsprod.blob.core.windows.net/exts/kit/prod/${kit_version_major}/shared\" --/exts/omni.kit.registry.nucleus/registries/1/name=\"kit/sdk\" --/exts/omni.kit.registry.nucleus/registries/1/url=\"https://ovextensionsprod.blob.core.windows.net/exts/kit/prod/sdk/${kit_version_short}/${kit_git_hash}\" --/exts/omni.kit.registry.nucleus/registries/2/name=\"kit/community\" --/exts/omni.kit.registry.nucleus/registries/2/url=\"https://dw290v42wisod.cloudfront.net/exts/kit/community\" --/app/extensions/target/config=release --ext-folder C:\projects\kit-app-template\source\extensions --ext-folder C:\projects\kit-app-template\source\apps --portable-root C:/projects/kit-app-template/_build/windows-x86_64/release --/app/extensions/generateVersionLockSkipLocalExts=1
[2025-08-23 18:19:17,809][INFO][omni.repo.build.pippull.pull_pip_dependencies:403] Skip pip pull of because is most recent config (['C:/projects/kit-app-template/tools/deps/pip.toml']) is older than 'C:/projects/kit-app-template/_build\.lastpippull'.
[2025-08-23 18:19:17,809][INFO][omni.repo.build.build.generate_projects:263] generating project from: C:/projects/kit-app-template/premake5.lua
[2025-08-23 18:19:17,809][INFO][omni.repo.man.utils.run_process:241] running process: C:/projects/kit-app-template/_build/host-deps\premake\bin\premake5.exe --file=C:/projects/kit-app-template/premake5.lua no-compile --platform-host=windows-x86_64 --scripts=C:\packman-repo\chk\repo_build\1.13.2\lua --platform-target=windows-x86_64 --linux-x86_64-cxx11-abi=True --solution-name=kit-app-template
[2025-08-23 18:19:18,720][INFO][omni.repo.man.entry.run:133] Running repo tool: repo_kit_pull_extensions@1.10.0. args: ['pull_extensions', 'setup']
[2025-08-23 18:19:18,721][INFO][omni.repo.man.configuration.set_token:231] Token: 'config' set to 'debug'
[2025-08-23 18:19:18,725][INFO][omni.repo.man.configuration.set_token:231] Token: 'config' set to 'release'
[2025-08-23 18:19:19,587][INFO][omni.repo.man.entry.run:133] Running repo tool: repo_build_number@1.88.2. args: ['build_number', '-o', 'c:/projects/kit-app-template/_build/windows-x86_64/debug/VERSION']
[2025-08-23 18:19:19,587][INFO][omni.repo.man.nvenv.get_git_hash:352] Getting Git hash for directory c:\projects\kit-app-template
[2025-08-23 18:19:19,587][INFO][omni.repo.man.nvenv.find_git_path:186] Searching for the location of Git
[2025-08-23 18:19:19,589][INFO][omni.repo.man.nvenv.find_git_path:201] Git 2.28.0-windows-x86_64 fetched by packman
[2025-08-23 18:19:19,589][INFO][omni.repo.man.nvenv.find_git_path:249] Git location: C:/packman-repo/chk/git/2.28.0-windows-x86_64\bin/git.exe
[2025-08-23 18:19:19,589][INFO][omni.repo.man.utils.run_process_return_output:301] running process: C:/packman-repo/chk/git/2.28.0-windows-x86_64\bin/git.exe rev-parse --git-dir
[2025-08-23 18:19:19,693][INFO][omni.repo.man.nvenv.execute_git:284] Calling Git with args: "rev-parse --short=8 HEAD". Try: 1. cwd: 'c:\projects\kit-app-template'
[2025-08-23 18:19:19,729][INFO][omni.repo.man.nvenv.execute_git:295] git call result:
	return code:0
	stdout: 72a92618

	stderr: 
[2025-08-23 18:19:19,729][INFO][omni.repo.man.utils.run_process_return_output:301] running process: C:/packman-repo/chk/git/2.28.0-windows-x86_64\bin/git.exe rev-parse --git-dir
[2025-08-23 18:19:19,759][INFO][omni.repo.man.nvenv.execute_git:284] Calling Git with args: "rev-parse --abbrev-ref HEAD". Try: 1. cwd: 'c:\projects\kit-app-template'
[2025-08-23 18:19:19,793][INFO][omni.repo.man.nvenv.execute_git:295] git call result:
	return code:0
	stdout: main

	stderr: 
[2025-08-23 18:19:19,793][INFO][omni.repo.man.build_number.print_log:182] Build number: '108.0+main.0.72a92618.local'
[2025-08-23 18:19:19,795][INFO][omni.repo.man.build_number.print_log:182] Written to file: 'c:\projects\kit-app-template\_build\windows-x86_64\debug\VERSION'
[2025-08-23 18:19:20,628][INFO][omni.repo.man.entry.run:133] Running repo tool: repo_build_number@1.88.2. args: ['build_number', '-o', 'c:/projects/kit-app-template/_build/windows-x86_64/release/VERSION']
[2025-08-23 18:19:20,628][INFO][omni.repo.man.nvenv.get_git_hash:352] Getting Git hash for directory c:\projects\kit-app-template
[2025-08-23 18:19:20,628][INFO][omni.repo.man.nvenv.find_git_path:186] Searching for the location of Git
[2025-08-23 18:19:20,630][INFO][omni.repo.man.nvenv.find_git_path:201] Git 2.28.0-windows-x86_64 fetched by packman
[2025-08-23 18:19:20,630][INFO][omni.repo.man.nvenv.find_git_path:249] Git location: C:/packman-repo/chk/git/2.28.0-windows-x86_64\bin/git.exe
[2025-08-23 18:19:20,630][INFO][omni.repo.man.utils.run_process_return_output:301] running process: C:/packman-repo/chk/git/2.28.0-windows-x86_64\bin/git.exe rev-parse --git-dir
[2025-08-23 18:19:20,665][INFO][omni.repo.man.nvenv.execute_git:284] Calling Git with args: "rev-parse --short=8 HEAD". Try: 1. cwd: 'c:\projects\kit-app-template'
[2025-08-23 18:19:20,713][INFO][omni.repo.man.nvenv.execute_git:295] git call result:
	return code:0
	stdout: 72a92618

	stderr: 
[2025-08-23 18:19:20,713][INFO][omni.repo.man.utils.run_process_return_output:301] running process: C:/packman-repo/chk/git/2.28.0-windows-x86_64\bin/git.exe rev-parse --git-dir
[2025-08-23 18:19:20,746][INFO][omni.repo.man.nvenv.execute_git:284] Calling Git with args: "rev-parse --abbrev-ref HEAD". Try: 1. cwd: 'c:\projects\kit-app-template'
[2025-08-23 18:19:20,779][INFO][omni.repo.man.nvenv.execute_git:295] git call result:
	return code:0
	stdout: main

	stderr: 
[2025-08-23 18:19:20,779][INFO][omni.repo.man.build_number.print_log:182] Build number: '108.0+main.0.72a92618.local'
[2025-08-23 18:19:20,782][INFO][omni.repo.man.build_number.print_log:182] Written to file: 'c:\projects\kit-app-template\_build\windows-x86_64\release\VERSION'
[2025-08-23 18:19:20,840][INFO][omni.repo.man.fileutils.copy_and_link_using_dict:532] Copy of 0 files took: 0.000 milliseconds.
[2025-08-23 18:19:20,840][INFO][omni.repo.man.fileutils.copy_and_link_using_dict:542] Creating links of 0 folders took: 0.000 milliseconds.
[2025-08-23 18:19:20,842][INFO][omni.repo.man.fileutils.copy_and_link_using_dict:532] Copy of 7 files took: 0.999 milliseconds.
[2025-08-23 18:19:20,843][INFO][omni.repo.man.fileutils.copy_and_link_using_dict:542] Creating links of 3 folders took: 1.037 milliseconds.
[2025-08-23 18:20:08,685][INFO][omni.repo.man.entry.run:133] Running repo tool: repo_kit_template@1.4.2. args: ['template', 'new']
[2025-08-23 18:20:20,426][INFO][omni.repo.kit_template.backend.templates.extension_template._process_extension_name:264] Returning configuration extension name suggestion: my_company.my_python_extension
[2025-08-23 18:20:43,538][INFO][omni.repo.kit_template.backend.templates.extension_template._query_loop:41] Skipping extension_name due to being calculated from extension_name.
[2025-08-23 18:20:53,347][INFO][omni.repo.kit_template.backend.templates.extension_template._query_loop:41] Skipping python_module_toplevel due to being calculated from extension_name.
[2025-08-23 18:20:53,347][INFO][omni.repo.kit_template.backend.templates.extension_template._query_loop:41] Skipping python_module due to being calculated from extension_name.
[2025-08-23 18:20:53,347][INFO][omni.repo.kit_template.backend.templates.extension_template._query_loop:41] Skipping python_module_path due to being calculated from extension_name.
[2025-08-23 18:20:53,347][INFO][omni.repo.kit_template.backend.template_render.render_template_dir:85] Rendering template C:\projects\kit-app-template\templates\extensions\basic_python\template to C:\projects\kit-app-template\source\extensions\omni.webcam.viewport. Context: {'extension_name': 'omni.webcam.viewport', 'python_module': 'omni.webcam.viewport', 'python_module_path': 'omni/webcam/viewport', 'python_module_toplevel': 'omni', 'extension_display_name': 'omni.webcam.viewport', 'version': '0.1.0', 'current_date': '2025-08-23'}
[2025-08-23 18:20:53,350][INFO][omni.repo.kit_template.backend.template_render.generate_file:41] Processing file premake5.lua
[2025-08-23 18:20:53,350][INFO][omni.repo.kit_template.backend.template_render.generate_file:63] Rendering a file at C:\projects\kit-app-template\source\extensions\omni.webcam.viewport\premake5.lua
[2025-08-23 18:20:53,351][INFO][omni.repo.kit_template.backend.template_render.generate_file:76] Writing contents to file C:\projects\kit-app-template\source\extensions\omni.webcam.viewport\premake5.lua
[2025-08-23 18:20:53,351][INFO][omni.repo.kit_template.backend.template_render.generate_file:41] Processing file config\extension.toml
[2025-08-23 18:20:53,352][INFO][omni.repo.kit_template.backend.template_render.generate_file:63] Rendering a file at C:\projects\kit-app-template\source\extensions\omni.webcam.viewport\config\extension.toml
[2025-08-23 18:20:53,353][INFO][omni.repo.kit_template.backend.template_render.generate_file:76] Writing contents to file C:\projects\kit-app-template\source\extensions\omni.webcam.viewport\config\extension.toml
[2025-08-23 18:20:53,353][INFO][omni.repo.kit_template.backend.template_render.generate_file:41] Processing file data\icon.png
[2025-08-23 18:20:53,354][INFO][omni.repo.kit_template.backend.template_render.generate_file:63] Rendering a file at C:\projects\kit-app-template\source\extensions\omni.webcam.viewport\data\icon.png
[2025-08-23 18:20:53,354][INFO][omni.repo.kit_template.backend.template_render.generate_file:76] Writing contents to file C:\projects\kit-app-template\source\extensions\omni.webcam.viewport\data\icon.png
[2025-08-23 18:20:53,354][INFO][omni.repo.kit_template.backend.template_render.generate_file:41] Processing file data\preview.png
[2025-08-23 18:20:53,355][INFO][omni.repo.kit_template.backend.template_render.generate_file:63] Rendering a file at C:\projects\kit-app-template\source\extensions\omni.webcam.viewport\data\preview.png
[2025-08-23 18:20:53,355][INFO][omni.repo.kit_template.backend.template_render.generate_file:76] Writing contents to file C:\projects\kit-app-template\source\extensions\omni.webcam.viewport\data\preview.png
[2025-08-23 18:20:53,356][INFO][omni.repo.kit_template.backend.template_render.generate_file:41] Processing file docs\CHANGELOG.md
[2025-08-23 18:20:53,356][INFO][omni.repo.kit_template.backend.template_render.generate_file:63] Rendering a file at C:\projects\kit-app-template\source\extensions\omni.webcam.viewport\docs\CHANGELOG.md
[2025-08-23 18:20:53,357][INFO][omni.repo.kit_template.backend.template_render.generate_file:76] Writing contents to file C:\projects\kit-app-template\source\extensions\omni.webcam.viewport\docs\CHANGELOG.md
[2025-08-23 18:20:53,357][INFO][omni.repo.kit_template.backend.template_render.generate_file:41] Processing file docs\Overview.md
[2025-08-23 18:20:53,358][INFO][omni.repo.kit_template.backend.template_render.generate_file:63] Rendering a file at C:\projects\kit-app-template\source\extensions\omni.webcam.viewport\docs\Overview.md
[2025-08-23 18:20:53,358][INFO][omni.repo.kit_template.backend.template_render.generate_file:76] Writing contents to file C:\projects\kit-app-template\source\extensions\omni.webcam.viewport\docs\Overview.md
[2025-08-23 18:20:53,359][INFO][omni.repo.kit_template.backend.template_render.generate_file:41] Processing file docs\README.md
[2025-08-23 18:20:53,359][INFO][omni.repo.kit_template.backend.template_render.generate_file:63] Rendering a file at C:\projects\kit-app-template\source\extensions\omni.webcam.viewport\docs\README.md
[2025-08-23 18:20:53,360][INFO][omni.repo.kit_template.backend.template_render.generate_file:76] Writing contents to file C:\projects\kit-app-template\source\extensions\omni.webcam.viewport\docs\README.md
[2025-08-23 18:20:53,360][INFO][omni.repo.kit_template.backend.template_render.generate_file:41] Processing file {{python_module_path}}\extension.py
[2025-08-23 18:20:53,361][INFO][omni.repo.kit_template.backend.template_render.generate_file:63] Rendering a file at C:\projects\kit-app-template\source\extensions\omni.webcam.viewport\omni/webcam/viewport\extension.py
[2025-08-23 18:20:53,362][INFO][omni.repo.kit_template.backend.template_render.generate_file:76] Writing contents to file C:\projects\kit-app-template\source\extensions\omni.webcam.viewport\omni/webcam/viewport\extension.py
[2025-08-23 18:20:53,362][INFO][omni.repo.kit_template.backend.template_render.generate_file:41] Processing file {{python_module_path}}\__init__.py
[2025-08-23 18:20:53,363][INFO][omni.repo.kit_template.backend.template_render.generate_file:63] Rendering a file at C:\projects\kit-app-template\source\extensions\omni.webcam.viewport\omni/webcam/viewport\__init__.py
[2025-08-23 18:20:53,363][INFO][omni.repo.kit_template.backend.template_render.generate_file:76] Writing contents to file C:\projects\kit-app-template\source\extensions\omni.webcam.viewport\omni/webcam/viewport\__init__.py
[2025-08-23 18:20:53,364][INFO][omni.repo.kit_template.backend.template_render.generate_file:41] Processing file {{python_module_path}}\tests\test_benchmarks.py
[2025-08-23 18:20:53,364][INFO][omni.repo.kit_template.backend.template_render.generate_file:63] Rendering a file at C:\projects\kit-app-template\source\extensions\omni.webcam.viewport\omni/webcam/viewport\tests\test_benchmarks.py
[2025-08-23 18:20:53,365][INFO][omni.repo.kit_template.backend.template_render.generate_file:76] Writing contents to file C:\projects\kit-app-template\source\extensions\omni.webcam.viewport\omni/webcam/viewport\tests\test_benchmarks.py
[2025-08-23 18:20:53,365][INFO][omni.repo.kit_template.backend.template_render.generate_file:41] Processing file {{python_module_path}}\tests\test_hello.py
[2025-08-23 18:20:53,366][INFO][omni.repo.kit_template.backend.template_render.generate_file:63] Rendering a file at C:\projects\kit-app-template\source\extensions\omni.webcam.viewport\omni/webcam/viewport\tests\test_hello.py
[2025-08-23 18:20:53,366][INFO][omni.repo.kit_template.backend.template_render.generate_file:76] Writing contents to file C:\projects\kit-app-template\source\extensions\omni.webcam.viewport\omni/webcam/viewport\tests\test_hello.py
[2025-08-23 18:20:53,367][INFO][omni.repo.kit_template.backend.template_render.generate_file:41] Processing file {{python_module_path}}\tests\__init__.py
[2025-08-23 18:20:53,367][INFO][omni.repo.kit_template.backend.template_render.generate_file:63] Rendering a file at C:\projects\kit-app-template\source\extensions\omni.webcam.viewport\omni/webcam/viewport\tests\__init__.py
[2025-08-23 18:20:53,368][INFO][omni.repo.kit_template.backend.template_render.generate_file:76] Writing contents to file C:\projects\kit-app-template\source\extensions\omni.webcam.viewport\omni/webcam/viewport\tests\__init__.py
[2025-08-23 18:28:00,976][INFO][omni.repo.man.entry.run:133] Running repo tool: repo_kit_template@1.4.2. args: ['template', 'new']
[2025-08-23 18:28:20,561][INFO][omni.repo.kit_template.backend.template_render.render_template_file:106] Rendering template C:\projects\kit-app-template\templates\apps\kit_base_editor\kit_base_editor.kit to C:\projects\kit-app-template\source\apps\my_company.my_editor.kit. Context: {'application_name': 'my_company.my_editor', 'application_display_name': 'MCRLab', 'version': '0.1.0', 'repo_rendered_extensions': []}
[2025-08-23 18:28:20,578][INFO][omni.repo.kit_template.backend.templates.application_template._add_app_to_premake:197] App define string: define_app("my_company.my_editor.kit") found in premake file: C:\projects\kit-app-template\premake5.lua
[2025-08-23 18:28:20,593][INFO][omni.repo.kit_template.backend.templates.application_template._add_repo_precache_exts:234] Kit app ${root}/source/apps/my_company.my_editor.kit is already present.
[2025-08-23 18:28:41,028][INFO][omni.repo.man.entry.run:133] Running repo tool: repo_build@1.13.2. args: ['build']
[2025-08-23 18:28:41,029][INFO][omni.repo.man.configuration.set_token:231] Token: 'platform_target' set to 'windows-x86_64'
[2025-08-23 18:28:41,029][INFO][omni.repo.man.configuration.set_token:231] Token: 'platform_target_abi' set to 'windows-x86_64'
[2025-08-23 18:28:41,029][INFO][omni.repo.man.utils.run_process:241] running process: powershell -Command "New-Item -ItemType Directory -Path C:/projects/kit-app-template/source/apps -ErrorAction SilentlyContinue" ; "Write-Host 'Done'"
[2025-08-23 18:28:41,277][INFO][omni.repo.build.dependencies.pull_files:275] Skipping project file (doesn't exist): C:/projects/kit-app-template/deps/host-deps.packman.xml
[2025-08-23 18:28:41,283][INFO][omni.repo.man.utils.run_process:241] running process: C:/projects/kit-app-template/repo.bat precache_exts -c release
[2025-08-23 18:28:42,107][INFO][omni.repo.man.entry.run:133] Running repo tool: repo_precache_exts@None. args: ['precache_exts', '-c', 'release']
[2025-08-23 18:28:42,108][INFO][omni.repo.precache_exts.run:315] precaching app: C:\projects\kit-app-template\source\apps\my_company.my_editor.kit
[2025-08-23 18:28:42,109][INFO][omni.repo.man.utils.run_process:241] running process: C:\projects\kit-app-template\_build\windows-x86_64\release\kit\kit.exe C:\projects\kit-app-template\source\apps\my_company.my_editor.kit --allow-root --portable --ext-precache-mode --/crashreporter/gatherUserStory=0 --/app/settings/persistent=0 --/app/settings/loadUserConfig=0 --/app/extensions/generateVersionLock=1 --/app/extensions/parallelPullEnabled=1 --/app/enableStdoutOutput=1 --/app/extensions/detailedSolverExplanation=1 --/app/extensions/registryEnabled=1 --/app/extensions/mkdirExtFolders=0 --/app/extensions/registryCacheFull='C:\projects\kit-app-template\_build\windows-x86_64\release\extscache' --/log/flushStandardStreamOutput=1 --/exts/omni.kit.registry.nucleus/registries/0/name=\"kit/default\" --/exts/omni.kit.registry.nucleus/registries/0/url=\"https://ovextensionsprod.blob.core.windows.net/exts/kit/prod/${kit_version_major}/shared\" --/exts/omni.kit.registry.nucleus/registries/1/name=\"kit/sdk\" --/exts/omni.kit.registry.nucleus/registries/1/url=\"https://ovextensionsprod.blob.core.windows.net/exts/kit/prod/sdk/${kit_version_short}/${kit_git_hash}\" --/exts/omni.kit.registry.nucleus/registries/2/name=\"kit/community\" --/exts/omni.kit.registry.nucleus/registries/2/url=\"https://dw290v42wisod.cloudfront.net/exts/kit/community\" --/app/extensions/target/config=release --ext-folder C:\projects\kit-app-template\source\extensions --ext-folder C:\projects\kit-app-template\source\apps --portable-root C:/projects/kit-app-template/_build/windows-x86_64/release --/app/extensions/generateVersionLockSkipLocalExts=1
[2025-08-23 18:28:46,038][INFO][omni.repo.build.pippull.pull_pip_dependencies:403] Skip pip pull of because is most recent config (['C:/projects/kit-app-template/tools/deps/pip.toml']) is older than 'C:/projects/kit-app-template/_build\.lastpippull'.
[2025-08-23 18:28:46,038][INFO][omni.repo.build.build.generate_projects:263] generating project from: C:/projects/kit-app-template/premake5.lua
[2025-08-23 18:28:46,038][INFO][omni.repo.man.utils.run_process:241] running process: C:/projects/kit-app-template/_build/host-deps\premake\bin\premake5.exe --file=C:/projects/kit-app-template/premake5.lua no-compile --platform-host=windows-x86_64 --scripts=C:\packman-repo\chk\repo_build\1.13.2\lua --platform-target=windows-x86_64 --linux-x86_64-cxx11-abi=True --solution-name=kit-app-template
[2025-08-23 18:28:46,942][INFO][omni.repo.man.entry.run:133] Running repo tool: repo_kit_pull_extensions@1.10.0. args: ['pull_extensions', 'setup']
[2025-08-23 18:28:46,943][INFO][omni.repo.man.configuration.set_token:231] Token: 'config' set to 'debug'
[2025-08-23 18:28:46,946][INFO][omni.repo.man.configuration.set_token:231] Token: 'config' set to 'release'
[2025-08-23 18:28:47,818][INFO][omni.repo.man.entry.run:133] Running repo tool: repo_build_number@1.88.2. args: ['build_number', '-o', 'c:/projects/kit-app-template/_build/windows-x86_64/debug/VERSION']
[2025-08-23 18:28:47,818][INFO][omni.repo.man.nvenv.get_git_hash:352] Getting Git hash for directory c:\projects\kit-app-template
[2025-08-23 18:28:47,819][INFO][omni.repo.man.nvenv.find_git_path:186] Searching for the location of Git
[2025-08-23 18:28:47,820][INFO][omni.repo.man.nvenv.find_git_path:201] Git 2.28.0-windows-x86_64 fetched by packman
[2025-08-23 18:28:47,820][INFO][omni.repo.man.nvenv.find_git_path:249] Git location: C:/packman-repo/chk/git/2.28.0-windows-x86_64\bin/git.exe
[2025-08-23 18:28:47,820][INFO][omni.repo.man.utils.run_process_return_output:301] running process: C:/packman-repo/chk/git/2.28.0-windows-x86_64\bin/git.exe rev-parse --git-dir
[2025-08-23 18:28:47,921][INFO][omni.repo.man.nvenv.execute_git:284] Calling Git with args: "rev-parse --short=8 HEAD". Try: 1. cwd: 'c:\projects\kit-app-template'
[2025-08-23 18:28:47,952][INFO][omni.repo.man.nvenv.execute_git:295] git call result:
	return code:0
	stdout: 72a92618

	stderr: 
[2025-08-23 18:28:47,953][INFO][omni.repo.man.utils.run_process_return_output:301] running process: C:/packman-repo/chk/git/2.28.0-windows-x86_64\bin/git.exe rev-parse --git-dir
[2025-08-23 18:28:47,980][INFO][omni.repo.man.nvenv.execute_git:284] Calling Git with args: "rev-parse --abbrev-ref HEAD". Try: 1. cwd: 'c:\projects\kit-app-template'
[2025-08-23 18:28:48,011][INFO][omni.repo.man.nvenv.execute_git:295] git call result:
	return code:0
	stdout: main

	stderr: 
[2025-08-23 18:28:48,012][INFO][omni.repo.man.build_number.print_log:182] Build number: '108.0+main.0.72a92618.local'
[2025-08-23 18:28:48,014][INFO][omni.repo.man.build_number.print_log:182] Written to file: 'c:\projects\kit-app-template\_build\windows-x86_64\debug\VERSION'
[2025-08-23 18:28:48,853][INFO][omni.repo.man.entry.run:133] Running repo tool: repo_build_number@1.88.2. args: ['build_number', '-o', 'c:/projects/kit-app-template/_build/windows-x86_64/release/VERSION']
[2025-08-23 18:28:48,853][INFO][omni.repo.man.nvenv.get_git_hash:352] Getting Git hash for directory c:\projects\kit-app-template
[2025-08-23 18:28:48,853][INFO][omni.repo.man.nvenv.find_git_path:186] Searching for the location of Git
[2025-08-23 18:28:48,854][INFO][omni.repo.man.nvenv.find_git_path:201] Git 2.28.0-windows-x86_64 fetched by packman
[2025-08-23 18:28:48,854][INFO][omni.repo.man.nvenv.find_git_path:249] Git location: C:/packman-repo/chk/git/2.28.0-windows-x86_64\bin/git.exe
[2025-08-23 18:28:48,854][INFO][omni.repo.man.utils.run_process_return_output:301] running process: C:/packman-repo/chk/git/2.28.0-windows-x86_64\bin/git.exe rev-parse --git-dir
[2025-08-23 18:28:48,886][INFO][omni.repo.man.nvenv.execute_git:284] Calling Git with args: "rev-parse --short=8 HEAD". Try: 1. cwd: 'c:\projects\kit-app-template'
[2025-08-23 18:28:48,915][INFO][omni.repo.man.nvenv.execute_git:295] git call result:
	return code:0
	stdout: 72a92618

	stderr: 
[2025-08-23 18:28:48,916][INFO][omni.repo.man.utils.run_process_return_output:301] running process: C:/packman-repo/chk/git/2.28.0-windows-x86_64\bin/git.exe rev-parse --git-dir
[2025-08-23 18:28:48,945][INFO][omni.repo.man.nvenv.execute_git:284] Calling Git with args: "rev-parse --abbrev-ref HEAD". Try: 1. cwd: 'c:\projects\kit-app-template'
[2025-08-23 18:28:48,977][INFO][omni.repo.man.nvenv.execute_git:295] git call result:
	return code:0
	stdout: main

	stderr: 
[2025-08-23 18:28:48,978][INFO][omni.repo.man.build_number.print_log:182] Build number: '108.0+main.0.72a92618.local'
[2025-08-23 18:28:48,980][INFO][omni.repo.man.build_number.print_log:182] Written to file: 'c:\projects\kit-app-template\_build\windows-x86_64\release\VERSION'
[2025-08-23 18:28:49,040][INFO][omni.repo.man.fileutils.copy_and_link_using_dict:532] Copy of 0 files took: 0.000 milliseconds.
[2025-08-23 18:28:49,040][INFO][omni.repo.man.fileutils.copy_and_link_using_dict:542] Creating links of 0 folders took: 0.000 milliseconds.
[2025-08-23 18:28:49,043][INFO][omni.repo.man.fileutils.copy_and_link_using_dict:532] Copy of 8 files took: 3.001 milliseconds.
[2025-08-23 18:28:49,061][INFO][omni.repo.man.fileutils.copy_and_link_using_dict:542] Creating links of 8 folders took: 17.999 milliseconds.
[2025-08-23 18:28:58,427][INFO][omni.repo.man.entry.run:133] Running repo tool: repo_launch@None. args: ['launch']
[2025-08-23 18:34:12,894][INFO][omni.repo.man.entry.run:133] Running repo tool: repo_build@1.13.2. args: ['build']
[2025-08-23 18:34:12,895][INFO][omni.repo.man.configuration.set_token:231] Token: 'platform_target' set to 'windows-x86_64'
[2025-08-23 18:34:12,895][INFO][omni.repo.man.configuration.set_token:231] Token: 'platform_target_abi' set to 'windows-x86_64'
[2025-08-23 18:34:12,895][INFO][omni.repo.man.utils.run_process:241] running process: powershell -Command "New-Item -ItemType Directory -Path C:/projects/kit-app-template/source/apps -ErrorAction SilentlyContinue" ; "Write-Host 'Done'"
[2025-08-23 18:34:13,077][INFO][omni.repo.build.dependencies.pull_files:275] Skipping project file (doesn't exist): C:/projects/kit-app-template/deps/host-deps.packman.xml
[2025-08-23 18:34:13,084][INFO][omni.repo.man.utils.run_process:241] running process: C:/projects/kit-app-template/repo.bat precache_exts -c release
[2025-08-23 18:34:13,919][INFO][omni.repo.man.entry.run:133] Running repo tool: repo_precache_exts@None. args: ['precache_exts', '-c', 'release']
[2025-08-23 18:34:13,920][INFO][omni.repo.precache_exts.run:315] precaching app: C:\projects\kit-app-template\source\apps\my_company.my_editor.kit
[2025-08-23 18:34:13,921][INFO][omni.repo.man.utils.run_process:241] running process: C:\projects\kit-app-template\_build\windows-x86_64\release\kit\kit.exe C:\projects\kit-app-template\source\apps\my_company.my_editor.kit --allow-root --portable --ext-precache-mode --/crashreporter/gatherUserStory=0 --/app/settings/persistent=0 --/app/settings/loadUserConfig=0 --/app/extensions/generateVersionLock=1 --/app/extensions/parallelPullEnabled=1 --/app/enableStdoutOutput=1 --/app/extensions/detailedSolverExplanation=1 --/app/extensions/registryEnabled=1 --/app/extensions/mkdirExtFolders=0 --/app/extensions/registryCacheFull='C:\projects\kit-app-template\_build\windows-x86_64\release\extscache' --/log/flushStandardStreamOutput=1 --/exts/omni.kit.registry.nucleus/registries/0/name=\"kit/default\" --/exts/omni.kit.registry.nucleus/registries/0/url=\"https://ovextensionsprod.blob.core.windows.net/exts/kit/prod/${kit_version_major}/shared\" --/exts/omni.kit.registry.nucleus/registries/1/name=\"kit/sdk\" --/exts/omni.kit.registry.nucleus/registries/1/url=\"https://ovextensionsprod.blob.core.windows.net/exts/kit/prod/sdk/${kit_version_short}/${kit_git_hash}\" --/exts/omni.kit.registry.nucleus/registries/2/name=\"kit/community\" --/exts/omni.kit.registry.nucleus/registries/2/url=\"https://dw290v42wisod.cloudfront.net/exts/kit/community\" --/app/extensions/target/config=release --ext-folder C:\projects\kit-app-template\source\extensions --ext-folder C:\projects\kit-app-template\source\apps --portable-root C:/projects/kit-app-template/_build/windows-x86_64/release --/app/extensions/generateVersionLockSkipLocalExts=1
[2025-08-23 18:34:14,214][INFO][omni.repo.build.pippull.pull_pip_dependencies:403] Skip pip pull of because is most recent config (['C:/projects/kit-app-template/tools/deps/pip.toml']) is older than 'C:/projects/kit-app-template/_build\.lastpippull'.
[2025-08-23 18:34:14,214][INFO][omni.repo.build.build.generate_projects:263] generating project from: C:/projects/kit-app-template/premake5.lua
[2025-08-23 18:34:14,214][INFO][omni.repo.man.utils.run_process:241] running process: C:/projects/kit-app-template/_build/host-deps\premake\bin\premake5.exe --file=C:/projects/kit-app-template/premake5.lua no-compile --platform-host=windows-x86_64 --scripts=C:\packman-repo\chk\repo_build\1.13.2\lua --platform-target=windows-x86_64 --linux-x86_64-cxx11-abi=True --solution-name=kit-app-template
[2025-08-23 18:34:15,113][INFO][omni.repo.man.entry.run:133] Running repo tool: repo_kit_pull_extensions@1.10.0. args: ['pull_extensions', 'setup']
[2025-08-23 18:34:15,114][INFO][omni.repo.man.configuration.set_token:231] Token: 'config' set to 'debug'
[2025-08-23 18:34:15,117][INFO][omni.repo.man.configuration.set_token:231] Token: 'config' set to 'release'
[2025-08-23 18:34:16,040][INFO][omni.repo.man.entry.run:133] Running repo tool: repo_build_number@1.88.2. args: ['build_number', '-o', 'c:/projects/kit-app-template/_build/windows-x86_64/debug/VERSION']
[2025-08-23 18:34:16,041][INFO][omni.repo.man.nvenv.get_git_hash:352] Getting Git hash for directory c:\projects\kit-app-template
[2025-08-23 18:34:16,041][INFO][omni.repo.man.nvenv.find_git_path:186] Searching for the location of Git
[2025-08-23 18:34:16,042][INFO][omni.repo.man.nvenv.find_git_path:201] Git 2.28.0-windows-x86_64 fetched by packman
[2025-08-23 18:34:16,042][INFO][omni.repo.man.nvenv.find_git_path:249] Git location: C:/packman-repo/chk/git/2.28.0-windows-x86_64\bin/git.exe
[2025-08-23 18:34:16,042][INFO][omni.repo.man.utils.run_process_return_output:301] running process: C:/packman-repo/chk/git/2.28.0-windows-x86_64\bin/git.exe rev-parse --git-dir
[2025-08-23 18:34:16,237][INFO][omni.repo.man.nvenv.execute_git:284] Calling Git with args: "rev-parse --short=8 HEAD". Try: 1. cwd: 'c:\projects\kit-app-template'
[2025-08-23 18:34:16,270][INFO][omni.repo.man.nvenv.execute_git:295] git call result:
	return code:0
	stdout: 72a92618

	stderr: 
[2025-08-23 18:34:16,270][INFO][omni.repo.man.utils.run_process_return_output:301] running process: C:/packman-repo/chk/git/2.28.0-windows-x86_64\bin/git.exe rev-parse --git-dir
[2025-08-23 18:34:16,301][INFO][omni.repo.man.nvenv.execute_git:284] Calling Git with args: "rev-parse --abbrev-ref HEAD". Try: 1. cwd: 'c:\projects\kit-app-template'
[2025-08-23 18:34:16,333][INFO][omni.repo.man.nvenv.execute_git:295] git call result:
	return code:0
	stdout: main

	stderr: 
[2025-08-23 18:34:16,333][INFO][omni.repo.man.build_number.print_log:182] Build number: '108.0+main.0.72a92618.local'
[2025-08-23 18:34:16,336][INFO][omni.repo.man.build_number.print_log:182] Written to file: 'c:\projects\kit-app-template\_build\windows-x86_64\debug\VERSION'
[2025-08-23 18:34:17,211][INFO][omni.repo.man.entry.run:133] Running repo tool: repo_build_number@1.88.2. args: ['build_number', '-o', 'c:/projects/kit-app-template/_build/windows-x86_64/release/VERSION']
[2025-08-23 18:34:17,211][INFO][omni.repo.man.nvenv.get_git_hash:352] Getting Git hash for directory c:\projects\kit-app-template
[2025-08-23 18:34:17,211][INFO][omni.repo.man.nvenv.find_git_path:186] Searching for the location of Git
[2025-08-23 18:34:17,212][INFO][omni.repo.man.nvenv.find_git_path:201] Git 2.28.0-windows-x86_64 fetched by packman
[2025-08-23 18:34:17,212][INFO][omni.repo.man.nvenv.find_git_path:249] Git location: C:/packman-repo/chk/git/2.28.0-windows-x86_64\bin/git.exe
[2025-08-23 18:34:17,212][INFO][omni.repo.man.utils.run_process_return_output:301] running process: C:/packman-repo/chk/git/2.28.0-windows-x86_64\bin/git.exe rev-parse --git-dir
[2025-08-23 18:34:17,248][INFO][omni.repo.man.nvenv.execute_git:284] Calling Git with args: "rev-parse --short=8 HEAD". Try: 1. cwd: 'c:\projects\kit-app-template'
[2025-08-23 18:34:17,283][INFO][omni.repo.man.nvenv.execute_git:295] git call result:
	return code:0
	stdout: 72a92618

	stderr: 
[2025-08-23 18:34:17,284][INFO][omni.repo.man.utils.run_process_return_output:301] running process: C:/packman-repo/chk/git/2.28.0-windows-x86_64\bin/git.exe rev-parse --git-dir
[2025-08-23 18:34:17,316][INFO][omni.repo.man.nvenv.execute_git:284] Calling Git with args: "rev-parse --abbrev-ref HEAD". Try: 1. cwd: 'c:\projects\kit-app-template'
[2025-08-23 18:34:17,349][INFO][omni.repo.man.nvenv.execute_git:295] git call result:
	return code:0
	stdout: main

	stderr: 
[2025-08-23 18:34:17,350][INFO][omni.repo.man.build_number.print_log:182] Build number: '108.0+main.0.72a92618.local'
[2025-08-23 18:34:17,353][INFO][omni.repo.man.build_number.print_log:182] Written to file: 'c:\projects\kit-app-template\_build\windows-x86_64\release\VERSION'
[2025-08-23 18:34:17,413][INFO][omni.repo.man.fileutils.copy_and_link_using_dict:532] Copy of 0 files took: 0.000 milliseconds.
[2025-08-23 18:34:17,413][INFO][omni.repo.man.fileutils.copy_and_link_using_dict:542] Creating links of 0 folders took: 0.000 milliseconds.
[2025-08-23 18:34:17,414][INFO][omni.repo.man.fileutils.copy_and_link_using_dict:532] Copy of 8 files took: 1.000 milliseconds.
[2025-08-23 18:34:17,417][INFO][omni.repo.man.fileutils.copy_and_link_using_dict:542] Creating links of 8 folders took: 2.992 milliseconds.
[2025-08-23 18:36:29,178][INFO][omni.repo.man.entry.run:133] Running repo tool: repo_build@1.13.2. args: ['build']
[2025-08-23 18:36:29,179][INFO][omni.repo.man.configuration.set_token:231] Token: 'platform_target' set to 'windows-x86_64'
[2025-08-23 18:36:29,179][INFO][omni.repo.man.configuration.set_token:231] Token: 'platform_target_abi' set to 'windows-x86_64'
[2025-08-23 18:36:29,180][INFO][omni.repo.man.utils.run_process:241] running process: powershell -Command "New-Item -ItemType Directory -Path C:/projects/kit-app-template/source/apps -ErrorAction SilentlyContinue" ; "Write-Host 'Done'"
[2025-08-23 18:36:29,339][INFO][omni.repo.build.dependencies.pull_files:275] Skipping project file (doesn't exist): C:/projects/kit-app-template/deps/host-deps.packman.xml
[2025-08-23 18:36:29,345][INFO][omni.repo.man.utils.run_process:241] running process: C:/projects/kit-app-template/repo.bat precache_exts -c release
[2025-08-23 18:36:30,110][INFO][omni.repo.man.entry.run:133] Running repo tool: repo_precache_exts@None. args: ['precache_exts', '-c', 'release']
[2025-08-23 18:36:30,111][INFO][omni.repo.precache_exts.run:315] precaching app: C:\projects\kit-app-template\source\apps\my_company.my_editor.kit
[2025-08-23 18:36:30,111][INFO][omni.repo.man.utils.run_process:241] running process: C:\projects\kit-app-template\_build\windows-x86_64\release\kit\kit.exe C:\projects\kit-app-template\source\apps\my_company.my_editor.kit --allow-root --portable --ext-precache-mode --/crashreporter/gatherUserStory=0 --/app/settings/persistent=0 --/app/settings/loadUserConfig=0 --/app/extensions/generateVersionLock=1 --/app/extensions/parallelPullEnabled=1 --/app/enableStdoutOutput=1 --/app/extensions/detailedSolverExplanation=1 --/app/extensions/registryEnabled=1 --/app/extensions/mkdirExtFolders=0 --/app/extensions/registryCacheFull='C:\projects\kit-app-template\_build\windows-x86_64\release\extscache' --/log/flushStandardStreamOutput=1 --/exts/omni.kit.registry.nucleus/registries/0/name=\"kit/default\" --/exts/omni.kit.registry.nucleus/registries/0/url=\"https://ovextensionsprod.blob.core.windows.net/exts/kit/prod/${kit_version_major}/shared\" --/exts/omni.kit.registry.nucleus/registries/1/name=\"kit/sdk\" --/exts/omni.kit.registry.nucleus/registries/1/url=\"https://ovextensionsprod.blob.core.windows.net/exts/kit/prod/sdk/${kit_version_short}/${kit_git_hash}\" --/exts/omni.kit.registry.nucleus/registries/2/name=\"kit/community\" --/exts/omni.kit.registry.nucleus/registries/2/url=\"https://dw290v42wisod.cloudfront.net/exts/kit/community\" --/app/extensions/target/config=release --ext-folder C:\projects\kit-app-template\source\extensions --ext-folder C:\projects\kit-app-template\source\apps --portable-root C:/projects/kit-app-template/_build/windows-x86_64/release --/app/extensions/generateVersionLockSkipLocalExts=1
[2025-08-23 18:36:30,382][INFO][omni.repo.build.pippull.pull_pip_dependencies:403] Skip pip pull of because is most recent config (['C:/projects/kit-app-template/tools/deps/pip.toml']) is older than 'C:/projects/kit-app-template/_build\.lastpippull'.
[2025-08-23 18:36:30,382][INFO][omni.repo.build.build.generate_projects:263] generating project from: C:/projects/kit-app-template/premake5.lua
[2025-08-23 18:36:30,382][INFO][omni.repo.man.utils.run_process:241] running process: C:/projects/kit-app-template/_build/host-deps\premake\bin\premake5.exe --file=C:/projects/kit-app-template/premake5.lua no-compile --platform-host=windows-x86_64 --scripts=C:\packman-repo\chk\repo_build\1.13.2\lua --platform-target=windows-x86_64 --linux-x86_64-cxx11-abi=True --solution-name=kit-app-template
[2025-08-23 18:36:31,204][INFO][omni.repo.man.entry.run:133] Running repo tool: repo_kit_pull_extensions@1.10.0. args: ['pull_extensions', 'setup']
[2025-08-23 18:36:31,205][INFO][omni.repo.man.configuration.set_token:231] Token: 'config' set to 'debug'
[2025-08-23 18:36:31,208][INFO][omni.repo.man.configuration.set_token:231] Token: 'config' set to 'release'
[2025-08-23 18:36:32,033][INFO][omni.repo.man.entry.run:133] Running repo tool: repo_build_number@1.88.2. args: ['build_number', '-o', 'c:/projects/kit-app-template/_build/windows-x86_64/debug/VERSION']
[2025-08-23 18:36:32,033][INFO][omni.repo.man.nvenv.get_git_hash:352] Getting Git hash for directory c:\projects\kit-app-template
[2025-08-23 18:36:32,033][INFO][omni.repo.man.nvenv.find_git_path:186] Searching for the location of Git
[2025-08-23 18:36:32,034][INFO][omni.repo.man.nvenv.find_git_path:201] Git 2.28.0-windows-x86_64 fetched by packman
[2025-08-23 18:36:32,034][INFO][omni.repo.man.nvenv.find_git_path:249] Git location: C:/packman-repo/chk/git/2.28.0-windows-x86_64\bin/git.exe
[2025-08-23 18:36:32,035][INFO][omni.repo.man.utils.run_process_return_output:301] running process: C:/packman-repo/chk/git/2.28.0-windows-x86_64\bin/git.exe rev-parse --git-dir
[2025-08-23 18:36:32,142][INFO][omni.repo.man.nvenv.execute_git:284] Calling Git with args: "rev-parse --short=8 HEAD". Try: 1. cwd: 'c:\projects\kit-app-template'
[2025-08-23 18:36:32,176][INFO][omni.repo.man.nvenv.execute_git:295] git call result:
	return code:0
	stdout: 72a92618

	stderr: 
[2025-08-23 18:36:32,177][INFO][omni.repo.man.utils.run_process_return_output:301] running process: C:/packman-repo/chk/git/2.28.0-windows-x86_64\bin/git.exe rev-parse --git-dir
[2025-08-23 18:36:32,210][INFO][omni.repo.man.nvenv.execute_git:284] Calling Git with args: "rev-parse --abbrev-ref HEAD". Try: 1. cwd: 'c:\projects\kit-app-template'
[2025-08-23 18:36:32,244][INFO][omni.repo.man.nvenv.execute_git:295] git call result:
	return code:0
	stdout: main

	stderr: 
[2025-08-23 18:36:32,244][INFO][omni.repo.man.build_number.print_log:182] Build number: '108.0+main.0.72a92618.local'
[2025-08-23 18:36:32,247][INFO][omni.repo.man.build_number.print_log:182] Written to file: 'c:\projects\kit-app-template\_build\windows-x86_64\debug\VERSION'
[2025-08-23 18:36:33,109][INFO][omni.repo.man.entry.run:133] Running repo tool: repo_build_number@1.88.2. args: ['build_number', '-o', 'c:/projects/kit-app-template/_build/windows-x86_64/release/VERSION']
[2025-08-23 18:36:33,109][INFO][omni.repo.man.nvenv.get_git_hash:352] Getting Git hash for directory c:\projects\kit-app-template
[2025-08-23 18:36:33,109][INFO][omni.repo.man.nvenv.find_git_path:186] Searching for the location of Git
[2025-08-23 18:36:33,110][INFO][omni.repo.man.nvenv.find_git_path:201] Git 2.28.0-windows-x86_64 fetched by packman
[2025-08-23 18:36:33,110][INFO][omni.repo.man.nvenv.find_git_path:249] Git location: C:/packman-repo/chk/git/2.28.0-windows-x86_64\bin/git.exe
[2025-08-23 18:36:33,110][INFO][omni.repo.man.utils.run_process_return_output:301] running process: C:/packman-repo/chk/git/2.28.0-windows-x86_64\bin/git.exe rev-parse --git-dir
[2025-08-23 18:36:33,144][INFO][omni.repo.man.nvenv.execute_git:284] Calling Git with args: "rev-parse --short=8 HEAD". Try: 1. cwd: 'c:\projects\kit-app-template'
[2025-08-23 18:36:33,176][INFO][omni.repo.man.nvenv.execute_git:295] git call result:
	return code:0
	stdout: 72a92618

	stderr: 
[2025-08-23 18:36:33,177][INFO][omni.repo.man.utils.run_process_return_output:301] running process: C:/packman-repo/chk/git/2.28.0-windows-x86_64\bin/git.exe rev-parse --git-dir
[2025-08-23 18:36:33,207][INFO][omni.repo.man.nvenv.execute_git:284] Calling Git with args: "rev-parse --abbrev-ref HEAD". Try: 1. cwd: 'c:\projects\kit-app-template'
[2025-08-23 18:36:33,242][INFO][omni.repo.man.nvenv.execute_git:295] git call result:
	return code:0
	stdout: main

	stderr: 
[2025-08-23 18:36:33,242][INFO][omni.repo.man.build_number.print_log:182] Build number: '108.0+main.0.72a92618.local'
[2025-08-23 18:36:33,246][INFO][omni.repo.man.build_number.print_log:182] Written to file: 'c:\projects\kit-app-template\_build\windows-x86_64\release\VERSION'
[2025-08-23 18:36:33,304][INFO][omni.repo.man.fileutils.copy_and_link_using_dict:532] Copy of 0 files took: 0.000 milliseconds.
[2025-08-23 18:36:33,304][INFO][omni.repo.man.fileutils.copy_and_link_using_dict:542] Creating links of 0 folders took: 0.000 milliseconds.
[2025-08-23 18:36:33,305][INFO][omni.repo.man.fileutils.copy_and_link_using_dict:532] Copy of 8 files took: 1.000 milliseconds.
[2025-08-23 18:36:33,308][INFO][omni.repo.man.fileutils.copy_and_link_using_dict:542] Creating links of 8 folders took: 2.993 milliseconds.
[2025-08-23 18:38:23,823][INFO][omni.repo.man.entry.run:133] Running repo tool: repo_build@1.13.2. args: ['build']
[2025-08-23 18:38:23,824][INFO][omni.repo.man.configuration.set_token:231] Token: 'platform_target' set to 'windows-x86_64'
[2025-08-23 18:38:23,824][INFO][omni.repo.man.configuration.set_token:231] Token: 'platform_target_abi' set to 'windows-x86_64'
[2025-08-23 18:38:23,824][INFO][omni.repo.man.utils.run_process:241] running process: powershell -Command "New-Item -ItemType Directory -Path C:/projects/kit-app-template/source/apps -ErrorAction SilentlyContinue" ; "Write-Host 'Done'"
[2025-08-23 18:38:23,993][INFO][omni.repo.build.dependencies.pull_files:275] Skipping project file (doesn't exist): C:/projects/kit-app-template/deps/host-deps.packman.xml
[2025-08-23 18:38:24,002][INFO][omni.repo.man.utils.run_process:241] running process: C:/projects/kit-app-template/repo.bat precache_exts -c release
[2025-08-23 18:38:24,812][INFO][omni.repo.man.entry.run:133] Running repo tool: repo_precache_exts@None. args: ['precache_exts', '-c', 'release']
[2025-08-23 18:38:24,813][INFO][omni.repo.precache_exts.run:315] precaching app: C:\projects\kit-app-template\source\apps\my_company.my_editor.kit
[2025-08-23 18:38:24,814][INFO][omni.repo.man.utils.run_process:241] running process: C:\projects\kit-app-template\_build\windows-x86_64\release\kit\kit.exe C:\projects\kit-app-template\source\apps\my_company.my_editor.kit --allow-root --portable --ext-precache-mode --/crashreporter/gatherUserStory=0 --/app/settings/persistent=0 --/app/settings/loadUserConfig=0 --/app/extensions/generateVersionLock=1 --/app/extensions/parallelPullEnabled=1 --/app/enableStdoutOutput=1 --/app/extensions/detailedSolverExplanation=1 --/app/extensions/registryEnabled=1 --/app/extensions/mkdirExtFolders=0 --/app/extensions/registryCacheFull='C:\projects\kit-app-template\_build\windows-x86_64\release\extscache' --/log/flushStandardStreamOutput=1 --/exts/omni.kit.registry.nucleus/registries/0/name=\"kit/default\" --/exts/omni.kit.registry.nucleus/registries/0/url=\"https://ovextensionsprod.blob.core.windows.net/exts/kit/prod/${kit_version_major}/shared\" --/exts/omni.kit.registry.nucleus/registries/1/name=\"kit/sdk\" --/exts/omni.kit.registry.nucleus/registries/1/url=\"https://ovextensionsprod.blob.core.windows.net/exts/kit/prod/sdk/${kit_version_short}/${kit_git_hash}\" --/exts/omni.kit.registry.nucleus/registries/2/name=\"kit/community\" --/exts/omni.kit.registry.nucleus/registries/2/url=\"https://dw290v42wisod.cloudfront.net/exts/kit/community\" --/app/extensions/target/config=release --ext-folder C:\projects\kit-app-template\source\extensions --ext-folder C:\projects\kit-app-template\source\apps --portable-root C:/projects/kit-app-template/_build/windows-x86_64/release --/app/extensions/generateVersionLockSkipLocalExts=1
[2025-08-23 18:38:25,101][INFO][omni.repo.build.pippull.pull_pip_dependencies:403] Skip pip pull of because is most recent config (['C:/projects/kit-app-template/tools/deps/pip.toml']) is older than 'C:/projects/kit-app-template/_build\.lastpippull'.
[2025-08-23 18:38:25,101][INFO][omni.repo.build.build.generate_projects:263] generating project from: C:/projects/kit-app-template/premake5.lua
[2025-08-23 18:38:25,102][INFO][omni.repo.man.utils.run_process:241] running process: C:/projects/kit-app-template/_build/host-deps\premake\bin\premake5.exe --file=C:/projects/kit-app-template/premake5.lua no-compile --platform-host=windows-x86_64 --scripts=C:\packman-repo\chk\repo_build\1.13.2\lua --platform-target=windows-x86_64 --linux-x86_64-cxx11-abi=True --solution-name=kit-app-template
[2025-08-23 18:38:25,945][INFO][omni.repo.man.entry.run:133] Running repo tool: repo_kit_pull_extensions@1.10.0. args: ['pull_extensions', 'setup']
[2025-08-23 18:38:25,947][INFO][omni.repo.man.configuration.set_token:231] Token: 'config' set to 'debug'
[2025-08-23 18:38:25,949][INFO][omni.repo.man.configuration.set_token:231] Token: 'config' set to 'release'
[2025-08-23 18:38:26,747][INFO][omni.repo.man.entry.run:133] Running repo tool: repo_build_number@1.88.2. args: ['build_number', '-o', 'c:/projects/kit-app-template/_build/windows-x86_64/debug/VERSION']
[2025-08-23 18:38:26,747][INFO][omni.repo.man.nvenv.get_git_hash:352] Getting Git hash for directory c:\projects\kit-app-template
[2025-08-23 18:38:26,747][INFO][omni.repo.man.nvenv.find_git_path:186] Searching for the location of Git
[2025-08-23 18:38:26,748][INFO][omni.repo.man.nvenv.find_git_path:201] Git 2.28.0-windows-x86_64 fetched by packman
[2025-08-23 18:38:26,748][INFO][omni.repo.man.nvenv.find_git_path:249] Git location: C:/packman-repo/chk/git/2.28.0-windows-x86_64\bin/git.exe
[2025-08-23 18:38:26,748][INFO][omni.repo.man.utils.run_process_return_output:301] running process: C:/packman-repo/chk/git/2.28.0-windows-x86_64\bin/git.exe rev-parse --git-dir
[2025-08-23 18:38:26,844][INFO][omni.repo.man.nvenv.execute_git:284] Calling Git with args: "rev-parse --short=8 HEAD". Try: 1. cwd: 'c:\projects\kit-app-template'
[2025-08-23 18:38:26,874][INFO][omni.repo.man.nvenv.execute_git:295] git call result:
	return code:0
	stdout: 72a92618

	stderr: 
[2025-08-23 18:38:26,874][INFO][omni.repo.man.utils.run_process_return_output:301] running process: C:/packman-repo/chk/git/2.28.0-windows-x86_64\bin/git.exe rev-parse --git-dir
[2025-08-23 18:38:26,905][INFO][omni.repo.man.nvenv.execute_git:284] Calling Git with args: "rev-parse --abbrev-ref HEAD". Try: 1. cwd: 'c:\projects\kit-app-template'
[2025-08-23 18:38:26,938][INFO][omni.repo.man.nvenv.execute_git:295] git call result:
	return code:0
	stdout: main

	stderr: 
[2025-08-23 18:38:26,939][INFO][omni.repo.man.build_number.print_log:182] Build number: '108.0+main.0.72a92618.local'
[2025-08-23 18:38:26,941][INFO][omni.repo.man.build_number.print_log:182] Written to file: 'c:\projects\kit-app-template\_build\windows-x86_64\debug\VERSION'
[2025-08-23 18:38:27,732][INFO][omni.repo.man.entry.run:133] Running repo tool: repo_build_number@1.88.2. args: ['build_number', '-o', 'c:/projects/kit-app-template/_build/windows-x86_64/release/VERSION']
[2025-08-23 18:38:27,733][INFO][omni.repo.man.nvenv.get_git_hash:352] Getting Git hash for directory c:\projects\kit-app-template
[2025-08-23 18:38:27,733][INFO][omni.repo.man.nvenv.find_git_path:186] Searching for the location of Git
[2025-08-23 18:38:27,734][INFO][omni.repo.man.nvenv.find_git_path:201] Git 2.28.0-windows-x86_64 fetched by packman
[2025-08-23 18:38:27,734][INFO][omni.repo.man.nvenv.find_git_path:249] Git location: C:/packman-repo/chk/git/2.28.0-windows-x86_64\bin/git.exe
[2025-08-23 18:38:27,734][INFO][omni.repo.man.utils.run_process_return_output:301] running process: C:/packman-repo/chk/git/2.28.0-windows-x86_64\bin/git.exe rev-parse --git-dir
[2025-08-23 18:38:27,765][INFO][omni.repo.man.nvenv.execute_git:284] Calling Git with args: "rev-parse --short=8 HEAD". Try: 1. cwd: 'c:\projects\kit-app-template'
[2025-08-23 18:38:27,796][INFO][omni.repo.man.nvenv.execute_git:295] git call result:
	return code:0
	stdout: 72a92618

	stderr: 
[2025-08-23 18:38:27,797][INFO][omni.repo.man.utils.run_process_return_output:301] running process: C:/packman-repo/chk/git/2.28.0-windows-x86_64\bin/git.exe rev-parse --git-dir
[2025-08-23 18:38:27,825][INFO][omni.repo.man.nvenv.execute_git:284] Calling Git with args: "rev-parse --abbrev-ref HEAD". Try: 1. cwd: 'c:\projects\kit-app-template'
[2025-08-23 18:38:27,855][INFO][omni.repo.man.nvenv.execute_git:295] git call result:
	return code:0
	stdout: main

	stderr: 
[2025-08-23 18:38:27,855][INFO][omni.repo.man.build_number.print_log:182] Build number: '108.0+main.0.72a92618.local'
[2025-08-23 18:38:27,858][INFO][omni.repo.man.build_number.print_log:182] Written to file: 'c:\projects\kit-app-template\_build\windows-x86_64\release\VERSION'
[2025-08-23 18:38:27,918][INFO][omni.repo.man.fileutils.copy_and_link_using_dict:532] Copy of 0 files took: 0.000 milliseconds.
[2025-08-23 18:38:27,919][INFO][omni.repo.man.fileutils.copy_and_link_using_dict:542] Creating links of 0 folders took: 0.000 milliseconds.
[2025-08-23 18:38:27,931][INFO][omni.repo.man.fileutils.copy_and_link_using_dict:532] Copy of 8 files took: 11.940 milliseconds.
[2025-08-23 18:38:27,936][INFO][omni.repo.man.fileutils.copy_and_link_using_dict:542] Creating links of 8 folders took: 5.112 milliseconds.
[2025-08-23 18:39:25,441][INFO][omni.repo.man.entry.run:133] Running repo tool: repo_build@1.13.2. args: ['build']
[2025-08-23 18:39:25,442][INFO][omni.repo.man.configuration.set_token:231] Token: 'platform_target' set to 'windows-x86_64'
[2025-08-23 18:39:25,442][INFO][omni.repo.man.configuration.set_token:231] Token: 'platform_target_abi' set to 'windows-x86_64'
[2025-08-23 18:39:25,442][INFO][omni.repo.man.utils.run_process:241] running process: powershell -Command "New-Item -ItemType Directory -Path C:/projects/kit-app-template/source/apps -ErrorAction SilentlyContinue" ; "Write-Host 'Done'"
[2025-08-23 18:39:25,623][INFO][omni.repo.build.dependencies.pull_files:275] Skipping project file (doesn't exist): C:/projects/kit-app-template/deps/host-deps.packman.xml
[2025-08-23 18:39:25,630][INFO][omni.repo.man.utils.run_process:241] running process: C:/projects/kit-app-template/repo.bat precache_exts -c release
[2025-08-23 18:39:26,458][INFO][omni.repo.man.entry.run:133] Running repo tool: repo_precache_exts@None. args: ['precache_exts', '-c', 'release']
[2025-08-23 18:39:26,459][INFO][omni.repo.precache_exts.run:315] precaching app: C:\projects\kit-app-template\source\apps\my_company.my_editor.kit
[2025-08-23 18:39:26,459][INFO][omni.repo.man.utils.run_process:241] running process: C:\projects\kit-app-template\_build\windows-x86_64\release\kit\kit.exe C:\projects\kit-app-template\source\apps\my_company.my_editor.kit --allow-root --portable --ext-precache-mode --/crashreporter/gatherUserStory=0 --/app/settings/persistent=0 --/app/settings/loadUserConfig=0 --/app/extensions/generateVersionLock=1 --/app/extensions/parallelPullEnabled=1 --/app/enableStdoutOutput=1 --/app/extensions/detailedSolverExplanation=1 --/app/extensions/registryEnabled=1 --/app/extensions/mkdirExtFolders=0 --/app/extensions/registryCacheFull='C:\projects\kit-app-template\_build\windows-x86_64\release\extscache' --/log/flushStandardStreamOutput=1 --/exts/omni.kit.registry.nucleus/registries/0/name=\"kit/default\" --/exts/omni.kit.registry.nucleus/registries/0/url=\"https://ovextensionsprod.blob.core.windows.net/exts/kit/prod/${kit_version_major}/shared\" --/exts/omni.kit.registry.nucleus/registries/1/name=\"kit/sdk\" --/exts/omni.kit.registry.nucleus/registries/1/url=\"https://ovextensionsprod.blob.core.windows.net/exts/kit/prod/sdk/${kit_version_short}/${kit_git_hash}\" --/exts/omni.kit.registry.nucleus/registries/2/name=\"kit/community\" --/exts/omni.kit.registry.nucleus/registries/2/url=\"https://dw290v42wisod.cloudfront.net/exts/kit/community\" --/app/extensions/target/config=release --ext-folder C:\projects\kit-app-template\source\extensions --ext-folder C:\projects\kit-app-template\source\apps --portable-root C:/projects/kit-app-template/_build/windows-x86_64/release --/app/extensions/generateVersionLockSkipLocalExts=1
[2025-08-23 18:39:26,752][INFO][omni.repo.build.pippull.pull_pip_dependencies:403] Skip pip pull of because is most recent config (['C:/projects/kit-app-template/tools/deps/pip.toml']) is older than 'C:/projects/kit-app-template/_build\.lastpippull'.
[2025-08-23 18:39:26,752][INFO][omni.repo.build.build.generate_projects:263] generating project from: C:/projects/kit-app-template/premake5.lua
[2025-08-23 18:39:26,752][INFO][omni.repo.man.utils.run_process:241] running process: C:/projects/kit-app-template/_build/host-deps\premake\bin\premake5.exe --file=C:/projects/kit-app-template/premake5.lua no-compile --platform-host=windows-x86_64 --scripts=C:\packman-repo\chk\repo_build\1.13.2\lua --platform-target=windows-x86_64 --linux-x86_64-cxx11-abi=True --solution-name=kit-app-template
[2025-08-23 18:39:27,636][INFO][omni.repo.man.entry.run:133] Running repo tool: repo_kit_pull_extensions@1.10.0. args: ['pull_extensions', 'setup']
[2025-08-23 18:39:27,636][INFO][omni.repo.man.configuration.set_token:231] Token: 'config' set to 'debug'
[2025-08-23 18:39:27,639][INFO][omni.repo.man.configuration.set_token:231] Token: 'config' set to 'release'
[2025-08-23 18:39:28,484][INFO][omni.repo.man.entry.run:133] Running repo tool: repo_build_number@1.88.2. args: ['build_number', '-o', 'c:/projects/kit-app-template/_build/windows-x86_64/debug/VERSION']
[2025-08-23 18:39:28,484][INFO][omni.repo.man.nvenv.get_git_hash:352] Getting Git hash for directory c:\projects\kit-app-template
[2025-08-23 18:39:28,485][INFO][omni.repo.man.nvenv.find_git_path:186] Searching for the location of Git
[2025-08-23 18:39:28,486][INFO][omni.repo.man.nvenv.find_git_path:201] Git 2.28.0-windows-x86_64 fetched by packman
[2025-08-23 18:39:28,486][INFO][omni.repo.man.nvenv.find_git_path:249] Git location: C:/packman-repo/chk/git/2.28.0-windows-x86_64\bin/git.exe
[2025-08-23 18:39:28,486][INFO][omni.repo.man.utils.run_process_return_output:301] running process: C:/packman-repo/chk/git/2.28.0-windows-x86_64\bin/git.exe rev-parse --git-dir
[2025-08-23 18:39:28,579][INFO][omni.repo.man.nvenv.execute_git:284] Calling Git with args: "rev-parse --short=8 HEAD". Try: 1. cwd: 'c:\projects\kit-app-template'
[2025-08-23 18:39:28,610][INFO][omni.repo.man.nvenv.execute_git:295] git call result:
	return code:0
	stdout: 72a92618

	stderr: 
[2025-08-23 18:39:28,610][INFO][omni.repo.man.utils.run_process_return_output:301] running process: C:/packman-repo/chk/git/2.28.0-windows-x86_64\bin/git.exe rev-parse --git-dir
[2025-08-23 18:39:28,638][INFO][omni.repo.man.nvenv.execute_git:284] Calling Git with args: "rev-parse --abbrev-ref HEAD". Try: 1. cwd: 'c:\projects\kit-app-template'
[2025-08-23 18:39:28,673][INFO][omni.repo.man.nvenv.execute_git:295] git call result:
	return code:0
	stdout: main

	stderr: 
[2025-08-23 18:39:28,673][INFO][omni.repo.man.build_number.print_log:182] Build number: '108.0+main.0.72a92618.local'
[2025-08-23 18:39:28,675][INFO][omni.repo.man.build_number.print_log:182] Written to file: 'c:\projects\kit-app-template\_build\windows-x86_64\debug\VERSION'
[2025-08-23 18:39:29,507][INFO][omni.repo.man.entry.run:133] Running repo tool: repo_build_number@1.88.2. args: ['build_number', '-o', 'c:/projects/kit-app-template/_build/windows-x86_64/release/VERSION']
[2025-08-23 18:39:29,507][INFO][omni.repo.man.nvenv.get_git_hash:352] Getting Git hash for directory c:\projects\kit-app-template
[2025-08-23 18:39:29,507][INFO][omni.repo.man.nvenv.find_git_path:186] Searching for the location of Git
[2025-08-23 18:39:29,508][INFO][omni.repo.man.nvenv.find_git_path:201] Git 2.28.0-windows-x86_64 fetched by packman
[2025-08-23 18:39:29,508][INFO][omni.repo.man.nvenv.find_git_path:249] Git location: C:/packman-repo/chk/git/2.28.0-windows-x86_64\bin/git.exe
[2025-08-23 18:39:29,508][INFO][omni.repo.man.utils.run_process_return_output:301] running process: C:/packman-repo/chk/git/2.28.0-windows-x86_64\bin/git.exe rev-parse --git-dir
[2025-08-23 18:39:29,540][INFO][omni.repo.man.nvenv.execute_git:284] Calling Git with args: "rev-parse --short=8 HEAD". Try: 1. cwd: 'c:\projects\kit-app-template'
[2025-08-23 18:39:29,568][INFO][omni.repo.man.nvenv.execute_git:295] git call result:
	return code:0
	stdout: 72a92618

	stderr: 
[2025-08-23 18:39:29,569][INFO][omni.repo.man.utils.run_process_return_output:301] running process: C:/packman-repo/chk/git/2.28.0-windows-x86_64\bin/git.exe rev-parse --git-dir
[2025-08-23 18:39:29,596][INFO][omni.repo.man.nvenv.execute_git:284] Calling Git with args: "rev-parse --abbrev-ref HEAD". Try: 1. cwd: 'c:\projects\kit-app-template'
[2025-08-23 18:39:29,626][INFO][omni.repo.man.nvenv.execute_git:295] git call result:
	return code:0
	stdout: main

	stderr: 
[2025-08-23 18:39:29,626][INFO][omni.repo.man.build_number.print_log:182] Build number: '108.0+main.0.72a92618.local'
[2025-08-23 18:39:29,628][INFO][omni.repo.man.build_number.print_log:182] Written to file: 'c:\projects\kit-app-template\_build\windows-x86_64\release\VERSION'
[2025-08-23 18:39:29,699][INFO][omni.repo.man.fileutils.copy_and_link_using_dict:532] Copy of 0 files took: 0.000 milliseconds.
[2025-08-23 18:39:29,699][INFO][omni.repo.man.fileutils.copy_and_link_using_dict:542] Creating links of 0 folders took: 0.000 milliseconds.
[2025-08-23 18:39:29,702][INFO][omni.repo.man.fileutils.copy_and_link_using_dict:532] Copy of 8 files took: 3.000 milliseconds.
[2025-08-23 18:39:29,705][INFO][omni.repo.man.fileutils.copy_and_link_using_dict:542] Creating links of 8 folders took: 3.001 milliseconds.
[2025-08-23 18:47:59,743][INFO][omni.repo.man.entry.run:133] Running repo tool: repo_build@1.13.2. args: ['build']
[2025-08-23 18:47:59,744][INFO][omni.repo.man.configuration.set_token:231] Token: 'platform_target' set to 'windows-x86_64'
[2025-08-23 18:47:59,744][INFO][omni.repo.man.configuration.set_token:231] Token: 'platform_target_abi' set to 'windows-x86_64'
[2025-08-23 18:47:59,745][INFO][omni.repo.man.utils.run_process:241] running process: powershell -Command "New-Item -ItemType Directory -Path C:/projects/kit-app-template/source/apps -ErrorAction SilentlyContinue" ; "Write-Host 'Done'"
[2025-08-23 18:47:59,904][INFO][omni.repo.build.dependencies.pull_files:275] Skipping project file (doesn't exist): C:/projects/kit-app-template/deps/host-deps.packman.xml
[2025-08-23 18:47:59,915][INFO][omni.repo.man.utils.run_process:241] running process: C:/projects/kit-app-template/repo.bat precache_exts -c release
[2025-08-23 18:48:00,666][INFO][omni.repo.man.entry.run:133] Running repo tool: repo_precache_exts@None. args: ['precache_exts', '-c', 'release']
[2025-08-23 18:48:00,668][INFO][omni.repo.precache_exts.run:315] precaching app: C:\projects\kit-app-template\source\apps\my_company.my_editor.kit
[2025-08-23 18:48:00,669][INFO][omni.repo.man.utils.run_process:241] running process: C:\projects\kit-app-template\_build\windows-x86_64\release\kit\kit.exe C:\projects\kit-app-template\source\apps\my_company.my_editor.kit --allow-root --portable --ext-precache-mode --/crashreporter/gatherUserStory=0 --/app/settings/persistent=0 --/app/settings/loadUserConfig=0 --/app/extensions/generateVersionLock=1 --/app/extensions/parallelPullEnabled=1 --/app/enableStdoutOutput=1 --/app/extensions/detailedSolverExplanation=1 --/app/extensions/registryEnabled=1 --/app/extensions/mkdirExtFolders=0 --/app/extensions/registryCacheFull='C:\projects\kit-app-template\_build\windows-x86_64\release\extscache' --/log/flushStandardStreamOutput=1 --/exts/omni.kit.registry.nucleus/registries/0/name=\"kit/default\" --/exts/omni.kit.registry.nucleus/registries/0/url=\"https://ovextensionsprod.blob.core.windows.net/exts/kit/prod/${kit_version_major}/shared\" --/exts/omni.kit.registry.nucleus/registries/1/name=\"kit/sdk\" --/exts/omni.kit.registry.nucleus/registries/1/url=\"https://ovextensionsprod.blob.core.windows.net/exts/kit/prod/sdk/${kit_version_short}/${kit_git_hash}\" --/exts/omni.kit.registry.nucleus/registries/2/name=\"kit/community\" --/exts/omni.kit.registry.nucleus/registries/2/url=\"https://dw290v42wisod.cloudfront.net/exts/kit/community\" --/app/extensions/target/config=release --ext-folder C:\projects\kit-app-template\source\extensions --ext-folder C:\projects\kit-app-template\source\apps --portable-root C:/projects/kit-app-template/_build/windows-x86_64/release --/app/extensions/generateVersionLockSkipLocalExts=1
[2025-08-23 18:48:00,979][INFO][omni.repo.build.pippull.pull_pip_dependencies:403] Skip pip pull of because is most recent config (['C:/projects/kit-app-template/tools/deps/pip.toml']) is older than 'C:/projects/kit-app-template/_build\.lastpippull'.
[2025-08-23 18:48:00,980][INFO][omni.repo.build.build.generate_projects:263] generating project from: C:/projects/kit-app-template/premake5.lua
[2025-08-23 18:48:00,980][INFO][omni.repo.man.utils.run_process:241] running process: C:/projects/kit-app-template/_build/host-deps\premake\bin\premake5.exe --file=C:/projects/kit-app-template/premake5.lua no-compile --platform-host=windows-x86_64 --scripts=C:\packman-repo\chk\repo_build\1.13.2\lua --platform-target=windows-x86_64 --linux-x86_64-cxx11-abi=True --solution-name=kit-app-template
[2025-08-23 18:48:01,825][INFO][omni.repo.man.entry.run:133] Running repo tool: repo_kit_pull_extensions@1.10.0. args: ['pull_extensions', 'setup']
[2025-08-23 18:48:01,826][INFO][omni.repo.man.configuration.set_token:231] Token: 'config' set to 'debug'
[2025-08-23 18:48:01,830][INFO][omni.repo.man.configuration.set_token:231] Token: 'config' set to 'release'
[2025-08-23 18:48:02,636][INFO][omni.repo.man.entry.run:133] Running repo tool: repo_build_number@1.88.2. args: ['build_number', '-o', 'c:/projects/kit-app-template/_build/windows-x86_64/debug/VERSION']
[2025-08-23 18:48:02,636][INFO][omni.repo.man.nvenv.get_git_hash:352] Getting Git hash for directory c:\projects\kit-app-template
[2025-08-23 18:48:02,636][INFO][omni.repo.man.nvenv.find_git_path:186] Searching for the location of Git
[2025-08-23 18:48:02,638][INFO][omni.repo.man.nvenv.find_git_path:201] Git 2.28.0-windows-x86_64 fetched by packman
[2025-08-23 18:48:02,638][INFO][omni.repo.man.nvenv.find_git_path:249] Git location: C:/packman-repo/chk/git/2.28.0-windows-x86_64\bin/git.exe
[2025-08-23 18:48:02,638][INFO][omni.repo.man.utils.run_process_return_output:301] running process: C:/packman-repo/chk/git/2.28.0-windows-x86_64\bin/git.exe rev-parse --git-dir
[2025-08-23 18:48:02,679][INFO][omni.repo.man.nvenv.execute_git:284] Calling Git with args: "rev-parse --short=8 HEAD". Try: 1. cwd: 'c:\projects\kit-app-template'
[2025-08-23 18:48:02,711][INFO][omni.repo.man.nvenv.execute_git:295] git call result:
	return code:0
	stdout: 72a92618

	stderr: 
[2025-08-23 18:48:02,711][INFO][omni.repo.man.utils.run_process_return_output:301] running process: C:/packman-repo/chk/git/2.28.0-windows-x86_64\bin/git.exe rev-parse --git-dir
[2025-08-23 18:48:02,737][INFO][omni.repo.man.nvenv.execute_git:284] Calling Git with args: "rev-parse --abbrev-ref HEAD". Try: 1. cwd: 'c:\projects\kit-app-template'
[2025-08-23 18:48:02,770][INFO][omni.repo.man.nvenv.execute_git:295] git call result:
	return code:0
	stdout: main

	stderr: 
[2025-08-23 18:48:02,770][INFO][omni.repo.man.build_number.print_log:182] Build number: '108.0+main.0.72a92618.local'
[2025-08-23 18:48:02,773][INFO][omni.repo.man.build_number.print_log:182] Written to file: 'c:\projects\kit-app-template\_build\windows-x86_64\debug\VERSION'
[2025-08-23 18:48:03,584][INFO][omni.repo.man.entry.run:133] Running repo tool: repo_build_number@1.88.2. args: ['build_number', '-o', 'c:/projects/kit-app-template/_build/windows-x86_64/release/VERSION']
[2025-08-23 18:48:03,585][INFO][omni.repo.man.nvenv.get_git_hash:352] Getting Git hash for directory c:\projects\kit-app-template
[2025-08-23 18:48:03,585][INFO][omni.repo.man.nvenv.find_git_path:186] Searching for the location of Git
[2025-08-23 18:48:03,586][INFO][omni.repo.man.nvenv.find_git_path:201] Git 2.28.0-windows-x86_64 fetched by packman
[2025-08-23 18:48:03,586][INFO][omni.repo.man.nvenv.find_git_path:249] Git location: C:/packman-repo/chk/git/2.28.0-windows-x86_64\bin/git.exe
[2025-08-23 18:48:03,586][INFO][omni.repo.man.utils.run_process_return_output:301] running process: C:/packman-repo/chk/git/2.28.0-windows-x86_64\bin/git.exe rev-parse --git-dir
[2025-08-23 18:48:03,614][INFO][omni.repo.man.nvenv.execute_git:284] Calling Git with args: "rev-parse --short=8 HEAD". Try: 1. cwd: 'c:\projects\kit-app-template'
[2025-08-23 18:48:03,641][INFO][omni.repo.man.nvenv.execute_git:295] git call result:
	return code:0
	stdout: 72a92618

	stderr: 
[2025-08-23 18:48:03,641][INFO][omni.repo.man.utils.run_process_return_output:301] running process: C:/packman-repo/chk/git/2.28.0-windows-x86_64\bin/git.exe rev-parse --git-dir
[2025-08-23 18:48:03,665][INFO][omni.repo.man.nvenv.execute_git:284] Calling Git with args: "rev-parse --abbrev-ref HEAD". Try: 1. cwd: 'c:\projects\kit-app-template'
[2025-08-23 18:48:03,692][INFO][omni.repo.man.nvenv.execute_git:295] git call result:
	return code:0
	stdout: main

	stderr: 
[2025-08-23 18:48:03,692][INFO][omni.repo.man.build_number.print_log:182] Build number: '108.0+main.0.72a92618.local'
[2025-08-23 18:48:03,694][INFO][omni.repo.man.build_number.print_log:182] Written to file: 'c:\projects\kit-app-template\_build\windows-x86_64\release\VERSION'
[2025-08-23 18:48:03,759][INFO][omni.repo.man.fileutils.copy_and_link_using_dict:532] Copy of 0 files took: 0.000 milliseconds.
[2025-08-23 18:48:03,760][INFO][omni.repo.man.fileutils.copy_and_link_using_dict:542] Creating links of 0 folders took: 1.001 milliseconds.
[2025-08-23 18:48:03,762][INFO][omni.repo.man.fileutils.copy_and_link_using_dict:532] Copy of 8 files took: 1.999 milliseconds.
[2025-08-23 18:48:03,766][INFO][omni.repo.man.fileutils.copy_and_link_using_dict:542] Creating links of 8 folders took: 2.001 milliseconds.
[2025-08-23 18:52:53,420][INFO][omni.repo.man.entry.run:133] Running repo tool: repo_launch@None. args: ['launch']
[2025-08-23 18:55:42,726][INFO][omni.repo.man.entry.run:133] Running repo tool: repo_build@1.13.2. args: ['build']
[2025-08-23 18:55:42,727][INFO][omni.repo.man.configuration.set_token:231] Token: 'platform_target' set to 'windows-x86_64'
[2025-08-23 18:55:42,727][INFO][omni.repo.man.configuration.set_token:231] Token: 'platform_target_abi' set to 'windows-x86_64'
[2025-08-23 18:55:42,727][INFO][omni.repo.man.utils.run_process:241] running process: powershell -Command "New-Item -ItemType Directory -Path C:/projects/kit-app-template/source/apps -ErrorAction SilentlyContinue" ; "Write-Host 'Done'"
[2025-08-23 18:55:42,930][INFO][omni.repo.build.dependencies.pull_files:275] Skipping project file (doesn't exist): C:/projects/kit-app-template/deps/host-deps.packman.xml
[2025-08-23 18:55:42,937][INFO][omni.repo.man.utils.run_process:241] running process: C:/projects/kit-app-template/repo.bat precache_exts -c release
[2025-08-23 18:55:43,685][INFO][omni.repo.man.entry.run:133] Running repo tool: repo_precache_exts@None. args: ['precache_exts', '-c', 'release']
[2025-08-23 18:55:43,686][INFO][omni.repo.precache_exts.run:315] precaching app: C:\projects\kit-app-template\source\apps\my_company.my_editor.kit
[2025-08-23 18:55:43,687][INFO][omni.repo.man.utils.run_process:241] running process: C:\projects\kit-app-template\_build\windows-x86_64\release\kit\kit.exe C:\projects\kit-app-template\source\apps\my_company.my_editor.kit --allow-root --portable --ext-precache-mode --/crashreporter/gatherUserStory=0 --/app/settings/persistent=0 --/app/settings/loadUserConfig=0 --/app/extensions/generateVersionLock=1 --/app/extensions/parallelPullEnabled=1 --/app/enableStdoutOutput=1 --/app/extensions/detailedSolverExplanation=1 --/app/extensions/registryEnabled=1 --/app/extensions/mkdirExtFolders=0 --/app/extensions/registryCacheFull='C:\projects\kit-app-template\_build\windows-x86_64\release\extscache' --/log/flushStandardStreamOutput=1 --/exts/omni.kit.registry.nucleus/registries/0/name=\"kit/default\" --/exts/omni.kit.registry.nucleus/registries/0/url=\"https://ovextensionsprod.blob.core.windows.net/exts/kit/prod/${kit_version_major}/shared\" --/exts/omni.kit.registry.nucleus/registries/1/name=\"kit/sdk\" --/exts/omni.kit.registry.nucleus/registries/1/url=\"https://ovextensionsprod.blob.core.windows.net/exts/kit/prod/sdk/${kit_version_short}/${kit_git_hash}\" --/exts/omni.kit.registry.nucleus/registries/2/name=\"kit/community\" --/exts/omni.kit.registry.nucleus/registries/2/url=\"https://dw290v42wisod.cloudfront.net/exts/kit/community\" --/app/extensions/target/config=release --ext-folder C:\projects\kit-app-template\source\extensions --ext-folder C:\projects\kit-app-template\source\apps --portable-root C:/projects/kit-app-template/_build/windows-x86_64/release --/app/extensions/generateVersionLockSkipLocalExts=1
[2025-08-23 18:55:43,939][INFO][omni.repo.build.pippull.pull_pip_dependencies:403] Skip pip pull of because is most recent config (['C:/projects/kit-app-template/tools/deps/pip.toml']) is older than 'C:/projects/kit-app-template/_build\.lastpippull'.
[2025-08-23 18:55:43,940][INFO][omni.repo.build.build.generate_projects:263] generating project from: C:/projects/kit-app-template/premake5.lua
[2025-08-23 18:55:43,940][INFO][omni.repo.man.utils.run_process:241] running process: C:/projects/kit-app-template/_build/host-deps\premake\bin\premake5.exe --file=C:/projects/kit-app-template/premake5.lua no-compile --platform-host=windows-x86_64 --scripts=C:\packman-repo\chk\repo_build\1.13.2\lua --platform-target=windows-x86_64 --linux-x86_64-cxx11-abi=True --solution-name=kit-app-template
[2025-08-23 18:55:44,746][INFO][omni.repo.man.entry.run:133] Running repo tool: repo_kit_pull_extensions@1.10.0. args: ['pull_extensions', 'setup']
[2025-08-23 18:55:44,748][INFO][omni.repo.man.configuration.set_token:231] Token: 'config' set to 'debug'
[2025-08-23 18:55:44,750][INFO][omni.repo.man.configuration.set_token:231] Token: 'config' set to 'release'
[2025-08-23 18:55:45,537][INFO][omni.repo.man.entry.run:133] Running repo tool: repo_build_number@1.88.2. args: ['build_number', '-o', 'c:/projects/kit-app-template/_build/windows-x86_64/debug/VERSION']
[2025-08-23 18:55:45,537][INFO][omni.repo.man.nvenv.get_git_hash:352] Getting Git hash for directory c:\projects\kit-app-template
[2025-08-23 18:55:45,537][INFO][omni.repo.man.nvenv.find_git_path:186] Searching for the location of Git
[2025-08-23 18:55:45,538][INFO][omni.repo.man.nvenv.find_git_path:201] Git 2.28.0-windows-x86_64 fetched by packman
[2025-08-23 18:55:45,538][INFO][omni.repo.man.nvenv.find_git_path:249] Git location: C:/packman-repo/chk/git/2.28.0-windows-x86_64\bin/git.exe
[2025-08-23 18:55:45,539][INFO][omni.repo.man.utils.run_process_return_output:301] running process: C:/packman-repo/chk/git/2.28.0-windows-x86_64\bin/git.exe rev-parse --git-dir
[2025-08-23 18:55:45,632][INFO][omni.repo.man.nvenv.execute_git:284] Calling Git with args: "rev-parse --short=8 HEAD". Try: 1. cwd: 'c:\projects\kit-app-template'
[2025-08-23 18:55:45,659][INFO][omni.repo.man.nvenv.execute_git:295] git call result:
	return code:0
	stdout: 72a92618

	stderr: 
[2025-08-23 18:55:45,660][INFO][omni.repo.man.utils.run_process_return_output:301] running process: C:/packman-repo/chk/git/2.28.0-windows-x86_64\bin/git.exe rev-parse --git-dir
[2025-08-23 18:55:45,684][INFO][omni.repo.man.nvenv.execute_git:284] Calling Git with args: "rev-parse --abbrev-ref HEAD". Try: 1. cwd: 'c:\projects\kit-app-template'
[2025-08-23 18:55:45,712][INFO][omni.repo.man.nvenv.execute_git:295] git call result:
	return code:0
	stdout: main

	stderr: 
[2025-08-23 18:55:45,712][INFO][omni.repo.man.build_number.print_log:182] Build number: '108.0+main.0.72a92618.local'
[2025-08-23 18:55:45,714][INFO][omni.repo.man.build_number.print_log:182] Written to file: 'c:\projects\kit-app-template\_build\windows-x86_64\debug\VERSION'
[2025-08-23 18:55:46,644][INFO][omni.repo.man.entry.run:133] Running repo tool: repo_build_number@1.88.2. args: ['build_number', '-o', 'c:/projects/kit-app-template/_build/windows-x86_64/release/VERSION']
[2025-08-23 18:55:46,644][INFO][omni.repo.man.nvenv.get_git_hash:352] Getting Git hash for directory c:\projects\kit-app-template
[2025-08-23 18:55:46,645][INFO][omni.repo.man.nvenv.find_git_path:186] Searching for the location of Git
[2025-08-23 18:55:46,646][INFO][omni.repo.man.nvenv.find_git_path:201] Git 2.28.0-windows-x86_64 fetched by packman
[2025-08-23 18:55:46,646][INFO][omni.repo.man.nvenv.find_git_path:249] Git location: C:/packman-repo/chk/git/2.28.0-windows-x86_64\bin/git.exe
[2025-08-23 18:55:46,646][INFO][omni.repo.man.utils.run_process_return_output:301] running process: C:/packman-repo/chk/git/2.28.0-windows-x86_64\bin/git.exe rev-parse --git-dir
[2025-08-23 18:55:46,673][INFO][omni.repo.man.nvenv.execute_git:284] Calling Git with args: "rev-parse --short=8 HEAD". Try: 1. cwd: 'c:\projects\kit-app-template'
[2025-08-23 18:55:46,702][INFO][omni.repo.man.nvenv.execute_git:295] git call result:
	return code:0
	stdout: 72a92618

	stderr: 
[2025-08-23 18:55:46,702][INFO][omni.repo.man.utils.run_process_return_output:301] running process: C:/packman-repo/chk/git/2.28.0-windows-x86_64\bin/git.exe rev-parse --git-dir
[2025-08-23 18:55:46,726][INFO][omni.repo.man.nvenv.execute_git:284] Calling Git with args: "rev-parse --abbrev-ref HEAD". Try: 1. cwd: 'c:\projects\kit-app-template'
[2025-08-23 18:55:46,754][INFO][omni.repo.man.nvenv.execute_git:295] git call result:
	return code:0
	stdout: main

	stderr: 
[2025-08-23 18:55:46,755][INFO][omni.repo.man.build_number.print_log:182] Build number: '108.0+main.0.72a92618.local'
[2025-08-23 18:55:46,757][INFO][omni.repo.man.build_number.print_log:182] Written to file: 'c:\projects\kit-app-template\_build\windows-x86_64\release\VERSION'
[2025-08-23 18:55:46,813][INFO][omni.repo.man.fileutils.copy_and_link_using_dict:532] Copy of 0 files took: 0.000 milliseconds.
[2025-08-23 18:55:46,813][INFO][omni.repo.man.fileutils.copy_and_link_using_dict:542] Creating links of 0 folders took: 0.000 milliseconds.
[2025-08-23 18:55:46,815][INFO][omni.repo.man.fileutils.copy_and_link_using_dict:532] Copy of 8 files took: 1.005 milliseconds.
[2025-08-23 18:55:46,818][INFO][omni.repo.man.fileutils.copy_and_link_using_dict:542] Creating links of 8 folders took: 2.985 milliseconds.
[2025-08-23 18:55:50,698][INFO][omni.repo.man.entry.run:133] Running repo tool: repo_launch@None. args: ['launch']
[2025-08-23 19:00:50,871][INFO][omni.repo.man.entry.run:133] Running repo tool: repo_build@1.13.2. args: ['build']
[2025-08-23 19:00:50,872][INFO][omni.repo.man.configuration.set_token:231] Token: 'platform_target' set to 'windows-x86_64'
[2025-08-23 19:00:50,872][INFO][omni.repo.man.configuration.set_token:231] Token: 'platform_target_abi' set to 'windows-x86_64'
[2025-08-23 19:00:50,872][INFO][omni.repo.man.utils.run_process:241] running process: powershell -Command "New-Item -ItemType Directory -Path C:/projects/kit-app-template/source/apps -ErrorAction SilentlyContinue" ; "Write-Host 'Done'"
[2025-08-23 19:00:51,025][INFO][omni.repo.build.dependencies.pull_files:275] Skipping project file (doesn't exist): C:/projects/kit-app-template/deps/host-deps.packman.xml
[2025-08-23 19:00:51,032][INFO][omni.repo.man.utils.run_process:241] running process: C:/projects/kit-app-template/repo.bat precache_exts -c release
[2025-08-23 19:00:51,760][INFO][omni.repo.man.entry.run:133] Running repo tool: repo_precache_exts@None. args: ['precache_exts', '-c', 'release']
[2025-08-23 19:00:51,761][INFO][omni.repo.precache_exts.run:315] precaching app: C:\projects\kit-app-template\source\apps\my_company.my_editor.kit
[2025-08-23 19:00:51,762][INFO][omni.repo.man.utils.run_process:241] running process: C:\projects\kit-app-template\_build\windows-x86_64\release\kit\kit.exe C:\projects\kit-app-template\source\apps\my_company.my_editor.kit --allow-root --portable --ext-precache-mode --/crashreporter/gatherUserStory=0 --/app/settings/persistent=0 --/app/settings/loadUserConfig=0 --/app/extensions/generateVersionLock=1 --/app/extensions/parallelPullEnabled=1 --/app/enableStdoutOutput=1 --/app/extensions/detailedSolverExplanation=1 --/app/extensions/registryEnabled=1 --/app/extensions/mkdirExtFolders=0 --/app/extensions/registryCacheFull='C:\projects\kit-app-template\_build\windows-x86_64\release\extscache' --/log/flushStandardStreamOutput=1 --/exts/omni.kit.registry.nucleus/registries/0/name=\"kit/default\" --/exts/omni.kit.registry.nucleus/registries/0/url=\"https://ovextensionsprod.blob.core.windows.net/exts/kit/prod/${kit_version_major}/shared\" --/exts/omni.kit.registry.nucleus/registries/1/name=\"kit/sdk\" --/exts/omni.kit.registry.nucleus/registries/1/url=\"https://ovextensionsprod.blob.core.windows.net/exts/kit/prod/sdk/${kit_version_short}/${kit_git_hash}\" --/exts/omni.kit.registry.nucleus/registries/2/name=\"kit/community\" --/exts/omni.kit.registry.nucleus/registries/2/url=\"https://dw290v42wisod.cloudfront.net/exts/kit/community\" --/app/extensions/target/config=release --ext-folder C:\projects\kit-app-template\source\extensions --ext-folder C:\projects\kit-app-template\source\apps --portable-root C:/projects/kit-app-template/_build/windows-x86_64/release --/app/extensions/generateVersionLockSkipLocalExts=1
[2025-08-23 19:00:52,017][INFO][omni.repo.build.pippull.pull_pip_dependencies:403] Skip pip pull of because is most recent config (['C:/projects/kit-app-template/tools/deps/pip.toml']) is older than 'C:/projects/kit-app-template/_build\.lastpippull'.
[2025-08-23 19:00:52,017][INFO][omni.repo.build.build.generate_projects:263] generating project from: C:/projects/kit-app-template/premake5.lua
[2025-08-23 19:00:52,017][INFO][omni.repo.man.utils.run_process:241] running process: C:/projects/kit-app-template/_build/host-deps\premake\bin\premake5.exe --file=C:/projects/kit-app-template/premake5.lua no-compile --platform-host=windows-x86_64 --scripts=C:\packman-repo\chk\repo_build\1.13.2\lua --platform-target=windows-x86_64 --linux-x86_64-cxx11-abi=True --solution-name=kit-app-template
[2025-08-23 19:00:52,819][INFO][omni.repo.man.entry.run:133] Running repo tool: repo_kit_pull_extensions@1.10.0. args: ['pull_extensions', 'setup']
[2025-08-23 19:00:52,820][INFO][omni.repo.man.configuration.set_token:231] Token: 'config' set to 'debug'
[2025-08-23 19:00:52,822][INFO][omni.repo.man.configuration.set_token:231] Token: 'config' set to 'release'
[2025-08-23 19:00:53,598][INFO][omni.repo.man.entry.run:133] Running repo tool: repo_build_number@1.88.2. args: ['build_number', '-o', 'c:/projects/kit-app-template/_build/windows-x86_64/debug/VERSION']
[2025-08-23 19:00:53,598][INFO][omni.repo.man.nvenv.get_git_hash:352] Getting Git hash for directory c:\projects\kit-app-template
[2025-08-23 19:00:53,598][INFO][omni.repo.man.nvenv.find_git_path:186] Searching for the location of Git
[2025-08-23 19:00:53,599][INFO][omni.repo.man.nvenv.find_git_path:201] Git 2.28.0-windows-x86_64 fetched by packman
[2025-08-23 19:00:53,599][INFO][omni.repo.man.nvenv.find_git_path:249] Git location: C:/packman-repo/chk/git/2.28.0-windows-x86_64\bin/git.exe
[2025-08-23 19:00:53,599][INFO][omni.repo.man.utils.run_process_return_output:301] running process: C:/packman-repo/chk/git/2.28.0-windows-x86_64\bin/git.exe rev-parse --git-dir
[2025-08-23 19:00:53,667][INFO][omni.repo.man.nvenv.execute_git:284] Calling Git with args: "rev-parse --short=8 HEAD". Try: 1. cwd: 'c:\projects\kit-app-template'
[2025-08-23 19:00:53,694][INFO][omni.repo.man.nvenv.execute_git:295] git call result:
	return code:0
	stdout: 72a92618

	stderr: 
[2025-08-23 19:00:53,694][INFO][omni.repo.man.utils.run_process_return_output:301] running process: C:/packman-repo/chk/git/2.28.0-windows-x86_64\bin/git.exe rev-parse --git-dir
[2025-08-23 19:00:53,718][INFO][omni.repo.man.nvenv.execute_git:284] Calling Git with args: "rev-parse --abbrev-ref HEAD". Try: 1. cwd: 'c:\projects\kit-app-template'
[2025-08-23 19:00:53,744][INFO][omni.repo.man.nvenv.execute_git:295] git call result:
	return code:0
	stdout: main

	stderr: 
[2025-08-23 19:00:53,744][INFO][omni.repo.man.build_number.print_log:182] Build number: '108.0+main.0.72a92618.local'
[2025-08-23 19:00:53,747][INFO][omni.repo.man.build_number.print_log:182] Written to file: 'c:\projects\kit-app-template\_build\windows-x86_64\debug\VERSION'
[2025-08-23 19:00:54,516][INFO][omni.repo.man.entry.run:133] Running repo tool: repo_build_number@1.88.2. args: ['build_number', '-o', 'c:/projects/kit-app-template/_build/windows-x86_64/release/VERSION']
[2025-08-23 19:00:54,517][INFO][omni.repo.man.nvenv.get_git_hash:352] Getting Git hash for directory c:\projects\kit-app-template
[2025-08-23 19:00:54,517][INFO][omni.repo.man.nvenv.find_git_path:186] Searching for the location of Git
[2025-08-23 19:00:54,517][INFO][omni.repo.man.nvenv.find_git_path:201] Git 2.28.0-windows-x86_64 fetched by packman
[2025-08-23 19:00:54,518][INFO][omni.repo.man.nvenv.find_git_path:249] Git location: C:/packman-repo/chk/git/2.28.0-windows-x86_64\bin/git.exe
[2025-08-23 19:00:54,518][INFO][omni.repo.man.utils.run_process_return_output:301] running process: C:/packman-repo/chk/git/2.28.0-windows-x86_64\bin/git.exe rev-parse --git-dir
[2025-08-23 19:00:54,545][INFO][omni.repo.man.nvenv.execute_git:284] Calling Git with args: "rev-parse --short=8 HEAD". Try: 1. cwd: 'c:\projects\kit-app-template'
[2025-08-23 19:00:54,572][INFO][omni.repo.man.nvenv.execute_git:295] git call result:
	return code:0
	stdout: 72a92618

	stderr: 
[2025-08-23 19:00:54,572][INFO][omni.repo.man.utils.run_process_return_output:301] running process: C:/packman-repo/chk/git/2.28.0-windows-x86_64\bin/git.exe rev-parse --git-dir
[2025-08-23 19:00:54,596][INFO][omni.repo.man.nvenv.execute_git:284] Calling Git with args: "rev-parse --abbrev-ref HEAD". Try: 1. cwd: 'c:\projects\kit-app-template'
[2025-08-23 19:00:54,622][INFO][omni.repo.man.nvenv.execute_git:295] git call result:
	return code:0
	stdout: main

	stderr: 
[2025-08-23 19:00:54,623][INFO][omni.repo.man.build_number.print_log:182] Build number: '108.0+main.0.72a92618.local'
[2025-08-23 19:00:54,625][INFO][omni.repo.man.build_number.print_log:182] Written to file: 'c:\projects\kit-app-template\_build\windows-x86_64\release\VERSION'
[2025-08-23 19:00:54,686][INFO][omni.repo.man.fileutils.copy_and_link_using_dict:532] Copy of 0 files took: 0.000 milliseconds.
[2025-08-23 19:00:54,686][INFO][omni.repo.man.fileutils.copy_and_link_using_dict:542] Creating links of 0 folders took: 0.000 milliseconds.
[2025-08-23 19:00:54,687][INFO][omni.repo.man.fileutils.copy_and_link_using_dict:532] Copy of 8 files took: 0.993 milliseconds.
[2025-08-23 19:00:54,690][INFO][omni.repo.man.fileutils.copy_and_link_using_dict:542] Creating links of 8 folders took: 1.991 milliseconds.
[2025-08-23 19:01:00,296][INFO][omni.repo.man.entry.run:133] Running repo tool: repo_launch@None. args: ['launch']
[2025-08-23 19:02:24,523][INFO][omni.repo.man.entry.run:133] Running repo tool: repo_build@1.13.2. args: ['build']
[2025-08-23 19:02:24,523][INFO][omni.repo.man.configuration.set_token:231] Token: 'platform_target' set to 'windows-x86_64'
[2025-08-23 19:02:24,524][INFO][omni.repo.man.configuration.set_token:231] Token: 'platform_target_abi' set to 'windows-x86_64'
[2025-08-23 19:02:24,524][INFO][omni.repo.man.utils.run_process:241] running process: powershell -Command "New-Item -ItemType Directory -Path C:/projects/kit-app-template/source/apps -ErrorAction SilentlyContinue" ; "Write-Host 'Done'"
[2025-08-23 19:02:24,669][INFO][omni.repo.build.dependencies.pull_files:275] Skipping project file (doesn't exist): C:/projects/kit-app-template/deps/host-deps.packman.xml
[2025-08-23 19:02:24,676][INFO][omni.repo.man.utils.run_process:241] running process: C:/projects/kit-app-template/repo.bat precache_exts -c release
[2025-08-23 19:02:25,413][INFO][omni.repo.man.entry.run:133] Running repo tool: repo_precache_exts@None. args: ['precache_exts', '-c', 'release']
[2025-08-23 19:02:25,414][INFO][omni.repo.precache_exts.run:315] precaching app: C:\projects\kit-app-template\source\apps\my_company.my_editor.kit
[2025-08-23 19:02:25,415][INFO][omni.repo.man.utils.run_process:241] running process: C:\projects\kit-app-template\_build\windows-x86_64\release\kit\kit.exe C:\projects\kit-app-template\source\apps\my_company.my_editor.kit --allow-root --portable --ext-precache-mode --/crashreporter/gatherUserStory=0 --/app/settings/persistent=0 --/app/settings/loadUserConfig=0 --/app/extensions/generateVersionLock=1 --/app/extensions/parallelPullEnabled=1 --/app/enableStdoutOutput=1 --/app/extensions/detailedSolverExplanation=1 --/app/extensions/registryEnabled=1 --/app/extensions/mkdirExtFolders=0 --/app/extensions/registryCacheFull='C:\projects\kit-app-template\_build\windows-x86_64\release\extscache' --/log/flushStandardStreamOutput=1 --/exts/omni.kit.registry.nucleus/registries/0/name=\"kit/default\" --/exts/omni.kit.registry.nucleus/registries/0/url=\"https://ovextensionsprod.blob.core.windows.net/exts/kit/prod/${kit_version_major}/shared\" --/exts/omni.kit.registry.nucleus/registries/1/name=\"kit/sdk\" --/exts/omni.kit.registry.nucleus/registries/1/url=\"https://ovextensionsprod.blob.core.windows.net/exts/kit/prod/sdk/${kit_version_short}/${kit_git_hash}\" --/exts/omni.kit.registry.nucleus/registries/2/name=\"kit/community\" --/exts/omni.kit.registry.nucleus/registries/2/url=\"https://dw290v42wisod.cloudfront.net/exts/kit/community\" --/app/extensions/target/config=release --ext-folder C:\projects\kit-app-template\source\extensions --ext-folder C:\projects\kit-app-template\source\apps --portable-root C:/projects/kit-app-template/_build/windows-x86_64/release --/app/extensions/generateVersionLockSkipLocalExts=1
[2025-08-23 19:02:25,675][INFO][omni.repo.build.pippull.pull_pip_dependencies:403] Skip pip pull of because is most recent config (['C:/projects/kit-app-template/tools/deps/pip.toml']) is older than 'C:/projects/kit-app-template/_build\.lastpippull'.
[2025-08-23 19:02:25,675][INFO][omni.repo.build.build.generate_projects:263] generating project from: C:/projects/kit-app-template/premake5.lua
[2025-08-23 19:02:25,676][INFO][omni.repo.man.utils.run_process:241] running process: C:/projects/kit-app-template/_build/host-deps\premake\bin\premake5.exe --file=C:/projects/kit-app-template/premake5.lua no-compile --platform-host=windows-x86_64 --scripts=C:\packman-repo\chk\repo_build\1.13.2\lua --platform-target=windows-x86_64 --linux-x86_64-cxx11-abi=True --solution-name=kit-app-template
[2025-08-23 19:02:26,479][INFO][omni.repo.man.entry.run:133] Running repo tool: repo_kit_pull_extensions@1.10.0. args: ['pull_extensions', 'setup']
[2025-08-23 19:02:26,480][INFO][omni.repo.man.configuration.set_token:231] Token: 'config' set to 'debug'
[2025-08-23 19:02:26,482][INFO][omni.repo.man.configuration.set_token:231] Token: 'config' set to 'release'
[2025-08-23 19:02:27,253][INFO][omni.repo.man.entry.run:133] Running repo tool: repo_build_number@1.88.2. args: ['build_number', '-o', 'c:/projects/kit-app-template/_build/windows-x86_64/debug/VERSION']
[2025-08-23 19:02:27,253][INFO][omni.repo.man.nvenv.get_git_hash:352] Getting Git hash for directory c:\projects\kit-app-template
[2025-08-23 19:02:27,253][INFO][omni.repo.man.nvenv.find_git_path:186] Searching for the location of Git
[2025-08-23 19:02:27,254][INFO][omni.repo.man.nvenv.find_git_path:201] Git 2.28.0-windows-x86_64 fetched by packman
[2025-08-23 19:02:27,255][INFO][omni.repo.man.nvenv.find_git_path:249] Git location: C:/packman-repo/chk/git/2.28.0-windows-x86_64\bin/git.exe
[2025-08-23 19:02:27,255][INFO][omni.repo.man.utils.run_process_return_output:301] running process: C:/packman-repo/chk/git/2.28.0-windows-x86_64\bin/git.exe rev-parse --git-dir
[2025-08-23 19:02:27,287][INFO][omni.repo.man.nvenv.execute_git:284] Calling Git with args: "rev-parse --short=8 HEAD". Try: 1. cwd: 'c:\projects\kit-app-template'
[2025-08-23 19:02:27,315][INFO][omni.repo.man.nvenv.execute_git:295] git call result:
	return code:0
	stdout: 72a92618

	stderr: 
[2025-08-23 19:02:27,315][INFO][omni.repo.man.utils.run_process_return_output:301] running process: C:/packman-repo/chk/git/2.28.0-windows-x86_64\bin/git.exe rev-parse --git-dir
[2025-08-23 19:02:27,339][INFO][omni.repo.man.nvenv.execute_git:284] Calling Git with args: "rev-parse --abbrev-ref HEAD". Try: 1. cwd: 'c:\projects\kit-app-template'
[2025-08-23 19:02:27,366][INFO][omni.repo.man.nvenv.execute_git:295] git call result:
	return code:0
	stdout: main

	stderr: 
[2025-08-23 19:02:27,366][INFO][omni.repo.man.build_number.print_log:182] Build number: '108.0+main.0.72a92618.local'
[2025-08-23 19:02:27,369][INFO][omni.repo.man.build_number.print_log:182] Written to file: 'c:\projects\kit-app-template\_build\windows-x86_64\debug\VERSION'
[2025-08-23 19:02:28,154][INFO][omni.repo.man.entry.run:133] Running repo tool: repo_build_number@1.88.2. args: ['build_number', '-o', 'c:/projects/kit-app-template/_build/windows-x86_64/release/VERSION']
[2025-08-23 19:02:28,154][INFO][omni.repo.man.nvenv.get_git_hash:352] Getting Git hash for directory c:\projects\kit-app-template
[2025-08-23 19:02:28,154][INFO][omni.repo.man.nvenv.find_git_path:186] Searching for the location of Git
[2025-08-23 19:02:28,155][INFO][omni.repo.man.nvenv.find_git_path:201] Git 2.28.0-windows-x86_64 fetched by packman
[2025-08-23 19:02:28,156][INFO][omni.repo.man.nvenv.find_git_path:249] Git location: C:/packman-repo/chk/git/2.28.0-windows-x86_64\bin/git.exe
[2025-08-23 19:02:28,156][INFO][omni.repo.man.utils.run_process_return_output:301] running process: C:/packman-repo/chk/git/2.28.0-windows-x86_64\bin/git.exe rev-parse --git-dir
[2025-08-23 19:02:28,184][INFO][omni.repo.man.nvenv.execute_git:284] Calling Git with args: "rev-parse --short=8 HEAD". Try: 1. cwd: 'c:\projects\kit-app-template'
[2025-08-23 19:02:28,211][INFO][omni.repo.man.nvenv.execute_git:295] git call result:
	return code:0
	stdout: 72a92618

	stderr: 
[2025-08-23 19:02:28,211][INFO][omni.repo.man.utils.run_process_return_output:301] running process: C:/packman-repo/chk/git/2.28.0-windows-x86_64\bin/git.exe rev-parse --git-dir
[2025-08-23 19:02:28,235][INFO][omni.repo.man.nvenv.execute_git:284] Calling Git with args: "rev-parse --abbrev-ref HEAD". Try: 1. cwd: 'c:\projects\kit-app-template'
[2025-08-23 19:02:28,261][INFO][omni.repo.man.nvenv.execute_git:295] git call result:
	return code:0
	stdout: main

	stderr: 
[2025-08-23 19:02:28,262][INFO][omni.repo.man.build_number.print_log:182] Build number: '108.0+main.0.72a92618.local'
[2025-08-23 19:02:28,264][INFO][omni.repo.man.build_number.print_log:182] Written to file: 'c:\projects\kit-app-template\_build\windows-x86_64\release\VERSION'
[2025-08-23 19:02:28,324][INFO][omni.repo.man.fileutils.copy_and_link_using_dict:532] Copy of 0 files took: 0.000 milliseconds.
[2025-08-23 19:02:28,324][INFO][omni.repo.man.fileutils.copy_and_link_using_dict:542] Creating links of 0 folders took: 0.000 milliseconds.
[2025-08-23 19:02:28,325][INFO][omni.repo.man.fileutils.copy_and_link_using_dict:532] Copy of 8 files took: 1.000 milliseconds.
[2025-08-23 19:02:28,328][INFO][omni.repo.man.fileutils.copy_and_link_using_dict:542] Creating links of 8 folders took: 3.003 milliseconds.
[2025-08-23 19:02:33,735][INFO][omni.repo.man.entry.run:133] Running repo tool: repo_launch@None. args: ['launch']
[2025-08-23 19:04:17,050][INFO][omni.repo.man.entry.run:133] Running repo tool: repo_build@1.13.2. args: ['build']
[2025-08-23 19:04:17,051][INFO][omni.repo.man.configuration.set_token:231] Token: 'platform_target' set to 'windows-x86_64'
[2025-08-23 19:04:17,051][INFO][omni.repo.man.configuration.set_token:231] Token: 'platform_target_abi' set to 'windows-x86_64'
[2025-08-23 19:04:17,051][INFO][omni.repo.man.utils.run_process:241] running process: powershell -Command "New-Item -ItemType Directory -Path C:/projects/kit-app-template/source/apps -ErrorAction SilentlyContinue" ; "Write-Host 'Done'"
[2025-08-23 19:04:17,196][INFO][omni.repo.build.dependencies.pull_files:275] Skipping project file (doesn't exist): C:/projects/kit-app-template/deps/host-deps.packman.xml
[2025-08-23 19:04:17,202][INFO][omni.repo.man.utils.run_process:241] running process: C:/projects/kit-app-template/repo.bat precache_exts -c release
[2025-08-23 19:04:17,953][INFO][omni.repo.man.entry.run:133] Running repo tool: repo_precache_exts@None. args: ['precache_exts', '-c', 'release']
[2025-08-23 19:04:17,954][INFO][omni.repo.precache_exts.run:315] precaching app: C:\projects\kit-app-template\source\apps\my_company.my_editor.kit
[2025-08-23 19:04:17,955][INFO][omni.repo.man.utils.run_process:241] running process: C:\projects\kit-app-template\_build\windows-x86_64\release\kit\kit.exe C:\projects\kit-app-template\source\apps\my_company.my_editor.kit --allow-root --portable --ext-precache-mode --/crashreporter/gatherUserStory=0 --/app/settings/persistent=0 --/app/settings/loadUserConfig=0 --/app/extensions/generateVersionLock=1 --/app/extensions/parallelPullEnabled=1 --/app/enableStdoutOutput=1 --/app/extensions/detailedSolverExplanation=1 --/app/extensions/registryEnabled=1 --/app/extensions/mkdirExtFolders=0 --/app/extensions/registryCacheFull='C:\projects\kit-app-template\_build\windows-x86_64\release\extscache' --/log/flushStandardStreamOutput=1 --/exts/omni.kit.registry.nucleus/registries/0/name=\"kit/default\" --/exts/omni.kit.registry.nucleus/registries/0/url=\"https://ovextensionsprod.blob.core.windows.net/exts/kit/prod/${kit_version_major}/shared\" --/exts/omni.kit.registry.nucleus/registries/1/name=\"kit/sdk\" --/exts/omni.kit.registry.nucleus/registries/1/url=\"https://ovextensionsprod.blob.core.windows.net/exts/kit/prod/sdk/${kit_version_short}/${kit_git_hash}\" --/exts/omni.kit.registry.nucleus/registries/2/name=\"kit/community\" --/exts/omni.kit.registry.nucleus/registries/2/url=\"https://dw290v42wisod.cloudfront.net/exts/kit/community\" --/app/extensions/target/config=release --ext-folder C:\projects\kit-app-template\source\extensions --ext-folder C:\projects\kit-app-template\source\apps --portable-root C:/projects/kit-app-template/_build/windows-x86_64/release --/app/extensions/generateVersionLockSkipLocalExts=1
[2025-08-23 19:04:18,206][INFO][omni.repo.build.pippull.pull_pip_dependencies:403] Skip pip pull of because is most recent config (['C:/projects/kit-app-template/tools/deps/pip.toml']) is older than 'C:/projects/kit-app-template/_build\.lastpippull'.
[2025-08-23 19:04:18,206][INFO][omni.repo.build.build.generate_projects:263] generating project from: C:/projects/kit-app-template/premake5.lua
[2025-08-23 19:04:18,207][INFO][omni.repo.man.utils.run_process:241] running process: C:/projects/kit-app-template/_build/host-deps\premake\bin\premake5.exe --file=C:/projects/kit-app-template/premake5.lua no-compile --platform-host=windows-x86_64 --scripts=C:\packman-repo\chk\repo_build\1.13.2\lua --platform-target=windows-x86_64 --linux-x86_64-cxx11-abi=True --solution-name=kit-app-template
[2025-08-23 19:04:19,017][INFO][omni.repo.man.entry.run:133] Running repo tool: repo_kit_pull_extensions@1.10.0. args: ['pull_extensions', 'setup']
[2025-08-23 19:04:19,018][INFO][omni.repo.man.configuration.set_token:231] Token: 'config' set to 'debug'
[2025-08-23 19:04:19,021][INFO][omni.repo.man.configuration.set_token:231] Token: 'config' set to 'release'
[2025-08-23 19:04:19,788][INFO][omni.repo.man.entry.run:133] Running repo tool: repo_build_number@1.88.2. args: ['build_number', '-o', 'c:/projects/kit-app-template/_build/windows-x86_64/debug/VERSION']
[2025-08-23 19:04:19,788][INFO][omni.repo.man.nvenv.get_git_hash:352] Getting Git hash for directory c:\projects\kit-app-template
[2025-08-23 19:04:19,788][INFO][omni.repo.man.nvenv.find_git_path:186] Searching for the location of Git
[2025-08-23 19:04:19,789][INFO][omni.repo.man.nvenv.find_git_path:201] Git 2.28.0-windows-x86_64 fetched by packman
[2025-08-23 19:04:19,789][INFO][omni.repo.man.nvenv.find_git_path:249] Git location: C:/packman-repo/chk/git/2.28.0-windows-x86_64\bin/git.exe
[2025-08-23 19:04:19,789][INFO][omni.repo.man.utils.run_process_return_output:301] running process: C:/packman-repo/chk/git/2.28.0-windows-x86_64\bin/git.exe rev-parse --git-dir
[2025-08-23 19:04:19,827][INFO][omni.repo.man.nvenv.execute_git:284] Calling Git with args: "rev-parse --short=8 HEAD". Try: 1. cwd: 'c:\projects\kit-app-template'
[2025-08-23 19:04:19,854][INFO][omni.repo.man.nvenv.execute_git:295] git call result:
	return code:0
	stdout: 72a92618

	stderr: 
[2025-08-23 19:04:19,854][INFO][omni.repo.man.utils.run_process_return_output:301] running process: C:/packman-repo/chk/git/2.28.0-windows-x86_64\bin/git.exe rev-parse --git-dir
[2025-08-23 19:04:19,878][INFO][omni.repo.man.nvenv.execute_git:284] Calling Git with args: "rev-parse --abbrev-ref HEAD". Try: 1. cwd: 'c:\projects\kit-app-template'
[2025-08-23 19:04:19,904][INFO][omni.repo.man.nvenv.execute_git:295] git call result:
	return code:0
	stdout: main

	stderr: 
[2025-08-23 19:04:19,904][INFO][omni.repo.man.build_number.print_log:182] Build number: '108.0+main.0.72a92618.local'
[2025-08-23 19:04:19,906][INFO][omni.repo.man.build_number.print_log:182] Written to file: 'c:\projects\kit-app-template\_build\windows-x86_64\debug\VERSION'
[2025-08-23 19:04:20,675][INFO][omni.repo.man.entry.run:133] Running repo tool: repo_build_number@1.88.2. args: ['build_number', '-o', 'c:/projects/kit-app-template/_build/windows-x86_64/release/VERSION']
[2025-08-23 19:04:20,675][INFO][omni.repo.man.nvenv.get_git_hash:352] Getting Git hash for directory c:\projects\kit-app-template
[2025-08-23 19:04:20,675][INFO][omni.repo.man.nvenv.find_git_path:186] Searching for the location of Git
[2025-08-23 19:04:20,676][INFO][omni.repo.man.nvenv.find_git_path:201] Git 2.28.0-windows-x86_64 fetched by packman
[2025-08-23 19:04:20,677][INFO][omni.repo.man.nvenv.find_git_path:249] Git location: C:/packman-repo/chk/git/2.28.0-windows-x86_64\bin/git.exe
[2025-08-23 19:04:20,677][INFO][omni.repo.man.utils.run_process_return_output:301] running process: C:/packman-repo/chk/git/2.28.0-windows-x86_64\bin/git.exe rev-parse --git-dir
[2025-08-23 19:04:20,704][INFO][omni.repo.man.nvenv.execute_git:284] Calling Git with args: "rev-parse --short=8 HEAD". Try: 1. cwd: 'c:\projects\kit-app-template'
[2025-08-23 19:04:20,733][INFO][omni.repo.man.nvenv.execute_git:295] git call result:
	return code:0
	stdout: 72a92618

	stderr: 
[2025-08-23 19:04:20,733][INFO][omni.repo.man.utils.run_process_return_output:301] running process: C:/packman-repo/chk/git/2.28.0-windows-x86_64\bin/git.exe rev-parse --git-dir
[2025-08-23 19:04:20,757][INFO][omni.repo.man.nvenv.execute_git:284] Calling Git with args: "rev-parse --abbrev-ref HEAD". Try: 1. cwd: 'c:\projects\kit-app-template'
[2025-08-23 19:04:20,784][INFO][omni.repo.man.nvenv.execute_git:295] git call result:
	return code:0
	stdout: main

	stderr: 
[2025-08-23 19:04:20,784][INFO][omni.repo.man.build_number.print_log:182] Build number: '108.0+main.0.72a92618.local'
[2025-08-23 19:04:20,786][INFO][omni.repo.man.build_number.print_log:182] Written to file: 'c:\projects\kit-app-template\_build\windows-x86_64\release\VERSION'
[2025-08-23 19:04:20,845][INFO][omni.repo.man.fileutils.copy_and_link_using_dict:532] Copy of 0 files took: 0.000 milliseconds.
[2025-08-23 19:04:20,845][INFO][omni.repo.man.fileutils.copy_and_link_using_dict:542] Creating links of 0 folders took: 0.000 milliseconds.
[2025-08-23 19:04:20,847][INFO][omni.repo.man.fileutils.copy_and_link_using_dict:532] Copy of 8 files took: 0.998 milliseconds.
[2025-08-23 19:04:20,850][INFO][omni.repo.man.fileutils.copy_and_link_using_dict:542] Creating links of 8 folders took: 2.993 milliseconds.
[2025-08-23 19:04:25,971][INFO][omni.repo.man.entry.run:133] Running repo tool: repo_launch@None. args: ['launch']
[2025-08-23 19:08:48,531][INFO][omni.repo.man.entry.run:133] Running repo tool: repo_build@1.13.2. args: ['build']
[2025-08-23 19:08:48,532][INFO][omni.repo.man.configuration.set_token:231] Token: 'platform_target' set to 'windows-x86_64'
[2025-08-23 19:08:48,532][INFO][omni.repo.man.configuration.set_token:231] Token: 'platform_target_abi' set to 'windows-x86_64'
[2025-08-23 19:08:48,532][INFO][omni.repo.man.utils.run_process:241] running process: powershell -Command "New-Item -ItemType Directory -Path C:/projects/kit-app-template/source/apps -ErrorAction SilentlyContinue" ; "Write-Host 'Done'"
[2025-08-23 19:08:48,761][INFO][omni.repo.build.dependencies.pull_files:275] Skipping project file (doesn't exist): C:/projects/kit-app-template/deps/host-deps.packman.xml
[2025-08-23 19:08:48,769][INFO][omni.repo.man.utils.run_process:241] running process: C:/projects/kit-app-template/repo.bat precache_exts -c release
[2025-08-23 19:08:49,510][INFO][omni.repo.man.entry.run:133] Running repo tool: repo_precache_exts@None. args: ['precache_exts', '-c', 'release']
[2025-08-23 19:08:49,511][INFO][omni.repo.precache_exts.run:315] precaching app: C:\projects\kit-app-template\source\apps\my_company.my_editor.kit
[2025-08-23 19:08:49,512][INFO][omni.repo.man.utils.run_process:241] running process: C:\projects\kit-app-template\_build\windows-x86_64\release\kit\kit.exe C:\projects\kit-app-template\source\apps\my_company.my_editor.kit --allow-root --portable --ext-precache-mode --/crashreporter/gatherUserStory=0 --/app/settings/persistent=0 --/app/settings/loadUserConfig=0 --/app/extensions/generateVersionLock=1 --/app/extensions/parallelPullEnabled=1 --/app/enableStdoutOutput=1 --/app/extensions/detailedSolverExplanation=1 --/app/extensions/registryEnabled=1 --/app/extensions/mkdirExtFolders=0 --/app/extensions/registryCacheFull='C:\projects\kit-app-template\_build\windows-x86_64\release\extscache' --/log/flushStandardStreamOutput=1 --/exts/omni.kit.registry.nucleus/registries/0/name=\"kit/default\" --/exts/omni.kit.registry.nucleus/registries/0/url=\"https://ovextensionsprod.blob.core.windows.net/exts/kit/prod/${kit_version_major}/shared\" --/exts/omni.kit.registry.nucleus/registries/1/name=\"kit/sdk\" --/exts/omni.kit.registry.nucleus/registries/1/url=\"https://ovextensionsprod.blob.core.windows.net/exts/kit/prod/sdk/${kit_version_short}/${kit_git_hash}\" --/exts/omni.kit.registry.nucleus/registries/2/name=\"kit/community\" --/exts/omni.kit.registry.nucleus/registries/2/url=\"https://dw290v42wisod.cloudfront.net/exts/kit/community\" --/app/extensions/target/config=release --ext-folder C:\projects\kit-app-template\source\extensions --ext-folder C:\projects\kit-app-template\source\apps --portable-root C:/projects/kit-app-template/_build/windows-x86_64/release --/app/extensions/generateVersionLockSkipLocalExts=1
[2025-08-23 19:08:49,768][INFO][omni.repo.build.pippull.pull_pip_dependencies:403] Skip pip pull of because is most recent config (['C:/projects/kit-app-template/tools/deps/pip.toml']) is older than 'C:/projects/kit-app-template/_build\.lastpippull'.
[2025-08-23 19:08:49,769][INFO][omni.repo.build.build.generate_projects:263] generating project from: C:/projects/kit-app-template/premake5.lua
[2025-08-23 19:08:49,769][INFO][omni.repo.man.utils.run_process:241] running process: C:/projects/kit-app-template/_build/host-deps\premake\bin\premake5.exe --file=C:/projects/kit-app-template/premake5.lua no-compile --platform-host=windows-x86_64 --scripts=C:\packman-repo\chk\repo_build\1.13.2\lua --platform-target=windows-x86_64 --linux-x86_64-cxx11-abi=True --solution-name=kit-app-template
[2025-08-23 19:08:50,591][INFO][omni.repo.man.entry.run:133] Running repo tool: repo_kit_pull_extensions@1.10.0. args: ['pull_extensions', 'setup']
[2025-08-23 19:08:50,592][INFO][omni.repo.man.configuration.set_token:231] Token: 'config' set to 'debug'
[2025-08-23 19:08:50,594][INFO][omni.repo.man.configuration.set_token:231] Token: 'config' set to 'release'
[2025-08-23 19:08:51,372][INFO][omni.repo.man.entry.run:133] Running repo tool: repo_build_number@1.88.2. args: ['build_number', '-o', 'c:/projects/kit-app-template/_build/windows-x86_64/debug/VERSION']
[2025-08-23 19:08:51,372][INFO][omni.repo.man.nvenv.get_git_hash:352] Getting Git hash for directory c:\projects\kit-app-template
[2025-08-23 19:08:51,372][INFO][omni.repo.man.nvenv.find_git_path:186] Searching for the location of Git
[2025-08-23 19:08:51,373][INFO][omni.repo.man.nvenv.find_git_path:201] Git 2.28.0-windows-x86_64 fetched by packman
[2025-08-23 19:08:51,374][INFO][omni.repo.man.nvenv.find_git_path:249] Git location: C:/packman-repo/chk/git/2.28.0-windows-x86_64\bin/git.exe
[2025-08-23 19:08:51,374][INFO][omni.repo.man.utils.run_process_return_output:301] running process: C:/packman-repo/chk/git/2.28.0-windows-x86_64\bin/git.exe rev-parse --git-dir
[2025-08-23 19:08:51,670][INFO][omni.repo.man.nvenv.execute_git:284] Calling Git with args: "rev-parse --short=8 HEAD". Try: 1. cwd: 'c:\projects\kit-app-template'
[2025-08-23 19:08:51,699][INFO][omni.repo.man.nvenv.execute_git:295] git call result:
	return code:0
	stdout: 72a92618

	stderr: 
[2025-08-23 19:08:51,699][INFO][omni.repo.man.utils.run_process_return_output:301] running process: C:/packman-repo/chk/git/2.28.0-windows-x86_64\bin/git.exe rev-parse --git-dir
[2025-08-23 19:08:51,723][INFO][omni.repo.man.nvenv.execute_git:284] Calling Git with args: "rev-parse --abbrev-ref HEAD". Try: 1. cwd: 'c:\projects\kit-app-template'
[2025-08-23 19:08:51,750][INFO][omni.repo.man.nvenv.execute_git:295] git call result:
	return code:0
	stdout: main

	stderr: 
[2025-08-23 19:08:51,751][INFO][omni.repo.man.build_number.print_log:182] Build number: '108.0+main.0.72a92618.local'
[2025-08-23 19:08:51,753][INFO][omni.repo.man.build_number.print_log:182] Written to file: 'c:\projects\kit-app-template\_build\windows-x86_64\debug\VERSION'
[2025-08-23 19:08:52,544][INFO][omni.repo.man.entry.run:133] Running repo tool: repo_build_number@1.88.2. args: ['build_number', '-o', 'c:/projects/kit-app-template/_build/windows-x86_64/release/VERSION']
[2025-08-23 19:08:52,544][INFO][omni.repo.man.nvenv.get_git_hash:352] Getting Git hash for directory c:\projects\kit-app-template
[2025-08-23 19:08:52,544][INFO][omni.repo.man.nvenv.find_git_path:186] Searching for the location of Git
[2025-08-23 19:08:52,545][INFO][omni.repo.man.nvenv.find_git_path:201] Git 2.28.0-windows-x86_64 fetched by packman
[2025-08-23 19:08:52,546][INFO][omni.repo.man.nvenv.find_git_path:249] Git location: C:/packman-repo/chk/git/2.28.0-windows-x86_64\bin/git.exe
[2025-08-23 19:08:52,546][INFO][omni.repo.man.utils.run_process_return_output:301] running process: C:/packman-repo/chk/git/2.28.0-windows-x86_64\bin/git.exe rev-parse --git-dir
[2025-08-23 19:08:52,575][INFO][omni.repo.man.nvenv.execute_git:284] Calling Git with args: "rev-parse --short=8 HEAD". Try: 1. cwd: 'c:\projects\kit-app-template'
[2025-08-23 19:08:52,603][INFO][omni.repo.man.nvenv.execute_git:295] git call result:
	return code:0
	stdout: 72a92618

	stderr: 
[2025-08-23 19:08:52,603][INFO][omni.repo.man.utils.run_process_return_output:301] running process: C:/packman-repo/chk/git/2.28.0-windows-x86_64\bin/git.exe rev-parse --git-dir
[2025-08-23 19:08:52,627][INFO][omni.repo.man.nvenv.execute_git:284] Calling Git with args: "rev-parse --abbrev-ref HEAD". Try: 1. cwd: 'c:\projects\kit-app-template'
[2025-08-23 19:08:52,654][INFO][omni.repo.man.nvenv.execute_git:295] git call result:
	return code:0
	stdout: main

	stderr: 
[2025-08-23 19:08:52,654][INFO][omni.repo.man.build_number.print_log:182] Build number: '108.0+main.0.72a92618.local'
[2025-08-23 19:08:52,657][INFO][omni.repo.man.build_number.print_log:182] Written to file: 'c:\projects\kit-app-template\_build\windows-x86_64\release\VERSION'
[2025-08-23 19:08:52,722][INFO][omni.repo.man.fileutils.copy_and_link_using_dict:532] Copy of 0 files took: 0.000 milliseconds.
[2025-08-23 19:08:52,723][INFO][omni.repo.man.fileutils.copy_and_link_using_dict:542] Creating links of 0 folders took: 0.000 milliseconds.
[2025-08-23 19:08:52,724][INFO][omni.repo.man.fileutils.copy_and_link_using_dict:532] Copy of 8 files took: 1.000 milliseconds.
[2025-08-23 19:08:52,727][INFO][omni.repo.man.fileutils.copy_and_link_using_dict:542] Creating links of 8 folders took: 2.992 milliseconds.
[2025-08-23 19:08:55,334][INFO][omni.repo.man.entry.run:133] Running repo tool: repo_launch@None. args: ['launch']
[2025-08-23 19:11:27,757][INFO][omni.repo.man.entry.run:133] Running repo tool: repo_build@1.13.2. args: ['build']
[2025-08-23 19:11:27,758][INFO][omni.repo.man.configuration.set_token:231] Token: 'platform_target' set to 'windows-x86_64'
[2025-08-23 19:11:27,758][INFO][omni.repo.man.configuration.set_token:231] Token: 'platform_target_abi' set to 'windows-x86_64'
[2025-08-23 19:11:27,758][INFO][omni.repo.man.utils.run_process:241] running process: powershell -Command "New-Item -ItemType Directory -Path C:/projects/kit-app-template/source/apps -ErrorAction SilentlyContinue" ; "Write-Host 'Done'"
[2025-08-23 19:11:27,900][INFO][omni.repo.build.dependencies.pull_files:275] Skipping project file (doesn't exist): C:/projects/kit-app-template/deps/host-deps.packman.xml
[2025-08-23 19:11:27,907][INFO][omni.repo.man.utils.run_process:241] running process: C:/projects/kit-app-template/repo.bat precache_exts -c release
[2025-08-23 19:11:28,634][INFO][omni.repo.man.entry.run:133] Running repo tool: repo_precache_exts@None. args: ['precache_exts', '-c', 'release']
[2025-08-23 19:11:28,635][INFO][omni.repo.precache_exts.run:315] precaching app: C:\projects\kit-app-template\source\apps\my_company.my_editor.kit
[2025-08-23 19:11:28,636][INFO][omni.repo.man.utils.run_process:241] running process: C:\projects\kit-app-template\_build\windows-x86_64\release\kit\kit.exe C:\projects\kit-app-template\source\apps\my_company.my_editor.kit --allow-root --portable --ext-precache-mode --/crashreporter/gatherUserStory=0 --/app/settings/persistent=0 --/app/settings/loadUserConfig=0 --/app/extensions/generateVersionLock=1 --/app/extensions/parallelPullEnabled=1 --/app/enableStdoutOutput=1 --/app/extensions/detailedSolverExplanation=1 --/app/extensions/registryEnabled=1 --/app/extensions/mkdirExtFolders=0 --/app/extensions/registryCacheFull='C:\projects\kit-app-template\_build\windows-x86_64\release\extscache' --/log/flushStandardStreamOutput=1 --/exts/omni.kit.registry.nucleus/registries/0/name=\"kit/default\" --/exts/omni.kit.registry.nucleus/registries/0/url=\"https://ovextensionsprod.blob.core.windows.net/exts/kit/prod/${kit_version_major}/shared\" --/exts/omni.kit.registry.nucleus/registries/1/name=\"kit/sdk\" --/exts/omni.kit.registry.nucleus/registries/1/url=\"https://ovextensionsprod.blob.core.windows.net/exts/kit/prod/sdk/${kit_version_short}/${kit_git_hash}\" --/exts/omni.kit.registry.nucleus/registries/2/name=\"kit/community\" --/exts/omni.kit.registry.nucleus/registries/2/url=\"https://dw290v42wisod.cloudfront.net/exts/kit/community\" --/app/extensions/target/config=release --ext-folder C:\projects\kit-app-template\source\extensions --ext-folder C:\projects\kit-app-template\source\apps --portable-root C:/projects/kit-app-template/_build/windows-x86_64/release --/app/extensions/generateVersionLockSkipLocalExts=1
[2025-08-23 19:11:28,885][INFO][omni.repo.build.pippull.pull_pip_dependencies:403] Skip pip pull of because is most recent config (['C:/projects/kit-app-template/tools/deps/pip.toml']) is older than 'C:/projects/kit-app-template/_build\.lastpippull'.
[2025-08-23 19:11:28,886][INFO][omni.repo.build.build.generate_projects:263] generating project from: C:/projects/kit-app-template/premake5.lua
[2025-08-23 19:11:28,886][INFO][omni.repo.man.utils.run_process:241] running process: C:/projects/kit-app-template/_build/host-deps\premake\bin\premake5.exe --file=C:/projects/kit-app-template/premake5.lua no-compile --platform-host=windows-x86_64 --scripts=C:\packman-repo\chk\repo_build\1.13.2\lua --platform-target=windows-x86_64 --linux-x86_64-cxx11-abi=True --solution-name=kit-app-template
[2025-08-23 19:11:29,701][INFO][omni.repo.man.entry.run:133] Running repo tool: repo_kit_pull_extensions@1.10.0. args: ['pull_extensions', 'setup']
[2025-08-23 19:11:29,702][INFO][omni.repo.man.configuration.set_token:231] Token: 'config' set to 'debug'
[2025-08-23 19:11:29,704][INFO][omni.repo.man.configuration.set_token:231] Token: 'config' set to 'release'
[2025-08-23 19:11:30,488][INFO][omni.repo.man.entry.run:133] Running repo tool: repo_build_number@1.88.2. args: ['build_number', '-o', 'c:/projects/kit-app-template/_build/windows-x86_64/debug/VERSION']
[2025-08-23 19:11:30,488][INFO][omni.repo.man.nvenv.get_git_hash:352] Getting Git hash for directory c:\projects\kit-app-template
[2025-08-23 19:11:30,488][INFO][omni.repo.man.nvenv.find_git_path:186] Searching for the location of Git
[2025-08-23 19:11:30,489][INFO][omni.repo.man.nvenv.find_git_path:201] Git 2.28.0-windows-x86_64 fetched by packman
[2025-08-23 19:11:30,489][INFO][omni.repo.man.nvenv.find_git_path:249] Git location: C:/packman-repo/chk/git/2.28.0-windows-x86_64\bin/git.exe
[2025-08-23 19:11:30,489][INFO][omni.repo.man.utils.run_process_return_output:301] running process: C:/packman-repo/chk/git/2.28.0-windows-x86_64\bin/git.exe rev-parse --git-dir
[2025-08-23 19:11:30,524][INFO][omni.repo.man.nvenv.execute_git:284] Calling Git with args: "rev-parse --short=8 HEAD". Try: 1. cwd: 'c:\projects\kit-app-template'
[2025-08-23 19:11:30,553][INFO][omni.repo.man.nvenv.execute_git:295] git call result:
	return code:0
	stdout: 72a92618

	stderr: 
[2025-08-23 19:11:30,553][INFO][omni.repo.man.utils.run_process_return_output:301] running process: C:/packman-repo/chk/git/2.28.0-windows-x86_64\bin/git.exe rev-parse --git-dir
[2025-08-23 19:11:30,577][INFO][omni.repo.man.nvenv.execute_git:284] Calling Git with args: "rev-parse --abbrev-ref HEAD". Try: 1. cwd: 'c:\projects\kit-app-template'
[2025-08-23 19:11:30,604][INFO][omni.repo.man.nvenv.execute_git:295] git call result:
	return code:0
	stdout: main

	stderr: 
[2025-08-23 19:11:30,604][INFO][omni.repo.man.build_number.print_log:182] Build number: '108.0+main.0.72a92618.local'
[2025-08-23 19:11:30,607][INFO][omni.repo.man.build_number.print_log:182] Written to file: 'c:\projects\kit-app-template\_build\windows-x86_64\debug\VERSION'
[2025-08-23 19:11:31,377][INFO][omni.repo.man.entry.run:133] Running repo tool: repo_build_number@1.88.2. args: ['build_number', '-o', 'c:/projects/kit-app-template/_build/windows-x86_64/release/VERSION']
[2025-08-23 19:11:31,377][INFO][omni.repo.man.nvenv.get_git_hash:352] Getting Git hash for directory c:\projects\kit-app-template
[2025-08-23 19:11:31,377][INFO][omni.repo.man.nvenv.find_git_path:186] Searching for the location of Git
[2025-08-23 19:11:31,378][INFO][omni.repo.man.nvenv.find_git_path:201] Git 2.28.0-windows-x86_64 fetched by packman
[2025-08-23 19:11:31,378][INFO][omni.repo.man.nvenv.find_git_path:249] Git location: C:/packman-repo/chk/git/2.28.0-windows-x86_64\bin/git.exe
[2025-08-23 19:11:31,379][INFO][omni.repo.man.utils.run_process_return_output:301] running process: C:/packman-repo/chk/git/2.28.0-windows-x86_64\bin/git.exe rev-parse --git-dir
[2025-08-23 19:11:31,407][INFO][omni.repo.man.nvenv.execute_git:284] Calling Git with args: "rev-parse --short=8 HEAD". Try: 1. cwd: 'c:\projects\kit-app-template'
[2025-08-23 19:11:31,434][INFO][omni.repo.man.nvenv.execute_git:295] git call result:
	return code:0
	stdout: 72a92618

	stderr: 
[2025-08-23 19:11:31,435][INFO][omni.repo.man.utils.run_process_return_output:301] running process: C:/packman-repo/chk/git/2.28.0-windows-x86_64\bin/git.exe rev-parse --git-dir
[2025-08-23 19:11:31,458][INFO][omni.repo.man.nvenv.execute_git:284] Calling Git with args: "rev-parse --abbrev-ref HEAD". Try: 1. cwd: 'c:\projects\kit-app-template'
[2025-08-23 19:11:31,485][INFO][omni.repo.man.nvenv.execute_git:295] git call result:
	return code:0
	stdout: main

	stderr: 
[2025-08-23 19:11:31,485][INFO][omni.repo.man.build_number.print_log:182] Build number: '108.0+main.0.72a92618.local'
[2025-08-23 19:11:31,488][INFO][omni.repo.man.build_number.print_log:182] Written to file: 'c:\projects\kit-app-template\_build\windows-x86_64\release\VERSION'
[2025-08-23 19:11:31,556][INFO][omni.repo.man.fileutils.copy_and_link_using_dict:532] Copy of 0 files took: 0.000 milliseconds.
[2025-08-23 19:11:31,556][INFO][omni.repo.man.fileutils.copy_and_link_using_dict:542] Creating links of 0 folders took: 0.000 milliseconds.
[2025-08-23 19:11:31,557][INFO][omni.repo.man.fileutils.copy_and_link_using_dict:532] Copy of 8 files took: 1.001 milliseconds.
[2025-08-23 19:11:31,560][INFO][omni.repo.man.fileutils.copy_and_link_using_dict:542] Creating links of 8 folders took: 2.999 milliseconds.
[2025-08-23 19:11:34,247][INFO][omni.repo.man.entry.run:133] Running repo tool: repo_launch@None. args: ['launch']
[2025-08-23 19:13:11,561][INFO][omni.repo.man.entry.run:133] Running repo tool: repo_build@1.13.2. args: ['build']
[2025-08-23 19:13:11,561][INFO][omni.repo.man.configuration.set_token:231] Token: 'platform_target' set to 'windows-x86_64'
[2025-08-23 19:13:11,561][INFO][omni.repo.man.configuration.set_token:231] Token: 'platform_target_abi' set to 'windows-x86_64'
[2025-08-23 19:13:11,562][INFO][omni.repo.man.utils.run_process:241] running process: powershell -Command "New-Item -ItemType Directory -Path C:/projects/kit-app-template/source/apps -ErrorAction SilentlyContinue" ; "Write-Host 'Done'"
[2025-08-23 19:13:11,709][INFO][omni.repo.build.dependencies.pull_files:275] Skipping project file (doesn't exist): C:/projects/kit-app-template/deps/host-deps.packman.xml
[2025-08-23 19:13:11,718][INFO][omni.repo.man.utils.run_process:241] running process: C:/projects/kit-app-template/repo.bat precache_exts -c release
[2025-08-23 19:13:12,459][INFO][omni.repo.man.entry.run:133] Running repo tool: repo_precache_exts@None. args: ['precache_exts', '-c', 'release']
[2025-08-23 19:13:12,461][INFO][omni.repo.precache_exts.run:315] precaching app: C:\projects\kit-app-template\source\apps\my_company.my_editor.kit
[2025-08-23 19:13:12,462][INFO][omni.repo.man.utils.run_process:241] running process: C:\projects\kit-app-template\_build\windows-x86_64\release\kit\kit.exe C:\projects\kit-app-template\source\apps\my_company.my_editor.kit --allow-root --portable --ext-precache-mode --/crashreporter/gatherUserStory=0 --/app/settings/persistent=0 --/app/settings/loadUserConfig=0 --/app/extensions/generateVersionLock=1 --/app/extensions/parallelPullEnabled=1 --/app/enableStdoutOutput=1 --/app/extensions/detailedSolverExplanation=1 --/app/extensions/registryEnabled=1 --/app/extensions/mkdirExtFolders=0 --/app/extensions/registryCacheFull='C:\projects\kit-app-template\_build\windows-x86_64\release\extscache' --/log/flushStandardStreamOutput=1 --/exts/omni.kit.registry.nucleus/registries/0/name=\"kit/default\" --/exts/omni.kit.registry.nucleus/registries/0/url=\"https://ovextensionsprod.blob.core.windows.net/exts/kit/prod/${kit_version_major}/shared\" --/exts/omni.kit.registry.nucleus/registries/1/name=\"kit/sdk\" --/exts/omni.kit.registry.nucleus/registries/1/url=\"https://ovextensionsprod.blob.core.windows.net/exts/kit/prod/sdk/${kit_version_short}/${kit_git_hash}\" --/exts/omni.kit.registry.nucleus/registries/2/name=\"kit/community\" --/exts/omni.kit.registry.nucleus/registries/2/url=\"https://dw290v42wisod.cloudfront.net/exts/kit/community\" --/app/extensions/target/config=release --ext-folder C:\projects\kit-app-template\source\extensions --ext-folder C:\projects\kit-app-template\source\apps --portable-root C:/projects/kit-app-template/_build/windows-x86_64/release --/app/extensions/generateVersionLockSkipLocalExts=1
[2025-08-23 19:13:12,726][INFO][omni.repo.build.pippull.pull_pip_dependencies:403] Skip pip pull of because is most recent config (['C:/projects/kit-app-template/tools/deps/pip.toml']) is older than 'C:/projects/kit-app-template/_build\.lastpippull'.
[2025-08-23 19:13:12,726][INFO][omni.repo.build.build.generate_projects:263] generating project from: C:/projects/kit-app-template/premake5.lua
[2025-08-23 19:13:12,726][INFO][omni.repo.man.utils.run_process:241] running process: C:/projects/kit-app-template/_build/host-deps\premake\bin\premake5.exe --file=C:/projects/kit-app-template/premake5.lua no-compile --platform-host=windows-x86_64 --scripts=C:\packman-repo\chk\repo_build\1.13.2\lua --platform-target=windows-x86_64 --linux-x86_64-cxx11-abi=True --solution-name=kit-app-template
[2025-08-23 19:13:13,526][INFO][omni.repo.man.entry.run:133] Running repo tool: repo_kit_pull_extensions@1.10.0. args: ['pull_extensions', 'setup']
[2025-08-23 19:13:13,527][INFO][omni.repo.man.configuration.set_token:231] Token: 'config' set to 'debug'
[2025-08-23 19:13:13,529][INFO][omni.repo.man.configuration.set_token:231] Token: 'config' set to 'release'
[2025-08-23 19:13:14,331][INFO][omni.repo.man.entry.run:133] Running repo tool: repo_build_number@1.88.2. args: ['build_number', '-o', 'c:/projects/kit-app-template/_build/windows-x86_64/debug/VERSION']
[2025-08-23 19:13:14,331][INFO][omni.repo.man.nvenv.get_git_hash:352] Getting Git hash for directory c:\projects\kit-app-template
[2025-08-23 19:13:14,331][INFO][omni.repo.man.nvenv.find_git_path:186] Searching for the location of Git
[2025-08-23 19:13:14,332][INFO][omni.repo.man.nvenv.find_git_path:201] Git 2.28.0-windows-x86_64 fetched by packman
[2025-08-23 19:13:14,332][INFO][omni.repo.man.nvenv.find_git_path:249] Git location: C:/packman-repo/chk/git/2.28.0-windows-x86_64\bin/git.exe
[2025-08-23 19:13:14,332][INFO][omni.repo.man.utils.run_process_return_output:301] running process: C:/packman-repo/chk/git/2.28.0-windows-x86_64\bin/git.exe rev-parse --git-dir
[2025-08-23 19:13:14,366][INFO][omni.repo.man.nvenv.execute_git:284] Calling Git with args: "rev-parse --short=8 HEAD". Try: 1. cwd: 'c:\projects\kit-app-template'
[2025-08-23 19:13:14,395][INFO][omni.repo.man.nvenv.execute_git:295] git call result:
	return code:0
	stdout: 72a92618

	stderr: 
[2025-08-23 19:13:14,395][INFO][omni.repo.man.utils.run_process_return_output:301] running process: C:/packman-repo/chk/git/2.28.0-windows-x86_64\bin/git.exe rev-parse --git-dir
[2025-08-23 19:13:14,420][INFO][omni.repo.man.nvenv.execute_git:284] Calling Git with args: "rev-parse --abbrev-ref HEAD". Try: 1. cwd: 'c:\projects\kit-app-template'
[2025-08-23 19:13:14,447][INFO][omni.repo.man.nvenv.execute_git:295] git call result:
	return code:0
	stdout: main

	stderr: 
[2025-08-23 19:13:14,447][INFO][omni.repo.man.build_number.print_log:182] Build number: '108.0+main.0.72a92618.local'
[2025-08-23 19:13:14,449][INFO][omni.repo.man.build_number.print_log:182] Written to file: 'c:\projects\kit-app-template\_build\windows-x86_64\debug\VERSION'
[2025-08-23 19:13:15,232][INFO][omni.repo.man.entry.run:133] Running repo tool: repo_build_number@1.88.2. args: ['build_number', '-o', 'c:/projects/kit-app-template/_build/windows-x86_64/release/VERSION']
[2025-08-23 19:13:15,233][INFO][omni.repo.man.nvenv.get_git_hash:352] Getting Git hash for directory c:\projects\kit-app-template
[2025-08-23 19:13:15,233][INFO][omni.repo.man.nvenv.find_git_path:186] Searching for the location of Git
[2025-08-23 19:13:15,234][INFO][omni.repo.man.nvenv.find_git_path:201] Git 2.28.0-windows-x86_64 fetched by packman
[2025-08-23 19:13:15,234][INFO][omni.repo.man.nvenv.find_git_path:249] Git location: C:/packman-repo/chk/git/2.28.0-windows-x86_64\bin/git.exe
[2025-08-23 19:13:15,234][INFO][omni.repo.man.utils.run_process_return_output:301] running process: C:/packman-repo/chk/git/2.28.0-windows-x86_64\bin/git.exe rev-parse --git-dir
[2025-08-23 19:13:15,263][INFO][omni.repo.man.nvenv.execute_git:284] Calling Git with args: "rev-parse --short=8 HEAD". Try: 1. cwd: 'c:\projects\kit-app-template'
[2025-08-23 19:13:15,293][INFO][omni.repo.man.nvenv.execute_git:295] git call result:
	return code:0
	stdout: 72a92618

	stderr: 
[2025-08-23 19:13:15,293][INFO][omni.repo.man.utils.run_process_return_output:301] running process: C:/packman-repo/chk/git/2.28.0-windows-x86_64\bin/git.exe rev-parse --git-dir
[2025-08-23 19:13:15,319][INFO][omni.repo.man.nvenv.execute_git:284] Calling Git with args: "rev-parse --abbrev-ref HEAD". Try: 1. cwd: 'c:\projects\kit-app-template'
[2025-08-23 19:13:15,346][INFO][omni.repo.man.nvenv.execute_git:295] git call result:
	return code:0
	stdout: main

	stderr: 
[2025-08-23 19:13:15,346][INFO][omni.repo.man.build_number.print_log:182] Build number: '108.0+main.0.72a92618.local'
[2025-08-23 19:13:15,348][INFO][omni.repo.man.build_number.print_log:182] Written to file: 'c:\projects\kit-app-template\_build\windows-x86_64\release\VERSION'
[2025-08-23 19:13:15,405][INFO][omni.repo.man.fileutils.copy_and_link_using_dict:532] Copy of 0 files took: 0.000 milliseconds.
[2025-08-23 19:13:15,405][INFO][omni.repo.man.fileutils.copy_and_link_using_dict:542] Creating links of 0 folders took: 0.000 milliseconds.
[2025-08-23 19:13:15,406][INFO][omni.repo.man.fileutils.copy_and_link_using_dict:532] Copy of 8 files took: 1.000 milliseconds.
[2025-08-23 19:13:15,409][INFO][omni.repo.man.fileutils.copy_and_link_using_dict:542] Creating links of 8 folders took: 2.000 milliseconds.
[2025-08-23 19:13:18,137][INFO][omni.repo.man.entry.run:133] Running repo tool: repo_launch@None. args: ['launch']
[2025-08-23 19:15:57,295][INFO][omni.repo.man.entry.run:133] Running repo tool: repo_build@1.13.2. args: ['build']
[2025-08-23 19:15:57,295][INFO][omni.repo.man.configuration.set_token:231] Token: 'platform_target' set to 'windows-x86_64'
[2025-08-23 19:15:57,295][INFO][omni.repo.man.configuration.set_token:231] Token: 'platform_target_abi' set to 'windows-x86_64'
[2025-08-23 19:15:57,296][INFO][omni.repo.man.utils.run_process:241] running process: powershell -Command "New-Item -ItemType Directory -Path C:/projects/kit-app-template/source/apps -ErrorAction SilentlyContinue" ; "Write-Host 'Done'"
[2025-08-23 19:15:57,444][INFO][omni.repo.build.dependencies.pull_files:275] Skipping project file (doesn't exist): C:/projects/kit-app-template/deps/host-deps.packman.xml
[2025-08-23 19:15:57,451][INFO][omni.repo.man.utils.run_process:241] running process: C:/projects/kit-app-template/repo.bat precache_exts -c release
[2025-08-23 19:15:58,178][INFO][omni.repo.man.entry.run:133] Running repo tool: repo_precache_exts@None. args: ['precache_exts', '-c', 'release']
[2025-08-23 19:15:58,179][INFO][omni.repo.precache_exts.run:315] precaching app: C:\projects\kit-app-template\source\apps\my_company.my_editor.kit
[2025-08-23 19:15:58,180][INFO][omni.repo.man.utils.run_process:241] running process: C:\projects\kit-app-template\_build\windows-x86_64\release\kit\kit.exe C:\projects\kit-app-template\source\apps\my_company.my_editor.kit --allow-root --portable --ext-precache-mode --/crashreporter/gatherUserStory=0 --/app/settings/persistent=0 --/app/settings/loadUserConfig=0 --/app/extensions/generateVersionLock=1 --/app/extensions/parallelPullEnabled=1 --/app/enableStdoutOutput=1 --/app/extensions/detailedSolverExplanation=1 --/app/extensions/registryEnabled=1 --/app/extensions/mkdirExtFolders=0 --/app/extensions/registryCacheFull='C:\projects\kit-app-template\_build\windows-x86_64\release\extscache' --/log/flushStandardStreamOutput=1 --/exts/omni.kit.registry.nucleus/registries/0/name=\"kit/default\" --/exts/omni.kit.registry.nucleus/registries/0/url=\"https://ovextensionsprod.blob.core.windows.net/exts/kit/prod/${kit_version_major}/shared\" --/exts/omni.kit.registry.nucleus/registries/1/name=\"kit/sdk\" --/exts/omni.kit.registry.nucleus/registries/1/url=\"https://ovextensionsprod.blob.core.windows.net/exts/kit/prod/sdk/${kit_version_short}/${kit_git_hash}\" --/exts/omni.kit.registry.nucleus/registries/2/name=\"kit/community\" --/exts/omni.kit.registry.nucleus/registries/2/url=\"https://dw290v42wisod.cloudfront.net/exts/kit/community\" --/app/extensions/target/config=release --ext-folder C:\projects\kit-app-template\source\extensions --ext-folder C:\projects\kit-app-template\source\apps --portable-root C:/projects/kit-app-template/_build/windows-x86_64/release --/app/extensions/generateVersionLockSkipLocalExts=1
[2025-08-23 19:15:58,437][INFO][omni.repo.build.pippull.pull_pip_dependencies:403] Skip pip pull of because is most recent config (['C:/projects/kit-app-template/tools/deps/pip.toml']) is older than 'C:/projects/kit-app-template/_build\.lastpippull'.
[2025-08-23 19:15:58,437][INFO][omni.repo.build.build.generate_projects:263] generating project from: C:/projects/kit-app-template/premake5.lua
[2025-08-23 19:15:58,437][INFO][omni.repo.man.utils.run_process:241] running process: C:/projects/kit-app-template/_build/host-deps\premake\bin\premake5.exe --file=C:/projects/kit-app-template/premake5.lua no-compile --platform-host=windows-x86_64 --scripts=C:\packman-repo\chk\repo_build\1.13.2\lua --platform-target=windows-x86_64 --linux-x86_64-cxx11-abi=True --solution-name=kit-app-template
[2025-08-23 19:15:59,255][INFO][omni.repo.man.entry.run:133] Running repo tool: repo_kit_pull_extensions@1.10.0. args: ['pull_extensions', 'setup']
[2025-08-23 19:15:59,256][INFO][omni.repo.man.configuration.set_token:231] Token: 'config' set to 'debug'
[2025-08-23 19:15:59,258][INFO][omni.repo.man.configuration.set_token:231] Token: 'config' set to 'release'
[2025-08-23 19:16:00,032][INFO][omni.repo.man.entry.run:133] Running repo tool: repo_build_number@1.88.2. args: ['build_number', '-o', 'c:/projects/kit-app-template/_build/windows-x86_64/debug/VERSION']
[2025-08-23 19:16:00,032][INFO][omni.repo.man.nvenv.get_git_hash:352] Getting Git hash for directory c:\projects\kit-app-template
[2025-08-23 19:16:00,032][INFO][omni.repo.man.nvenv.find_git_path:186] Searching for the location of Git
[2025-08-23 19:16:00,034][INFO][omni.repo.man.nvenv.find_git_path:201] Git 2.28.0-windows-x86_64 fetched by packman
[2025-08-23 19:16:00,034][INFO][omni.repo.man.nvenv.find_git_path:249] Git location: C:/packman-repo/chk/git/2.28.0-windows-x86_64\bin/git.exe
[2025-08-23 19:16:00,034][INFO][omni.repo.man.utils.run_process_return_output:301] running process: C:/packman-repo/chk/git/2.28.0-windows-x86_64\bin/git.exe rev-parse --git-dir
[2025-08-23 19:16:00,067][INFO][omni.repo.man.nvenv.execute_git:284] Calling Git with args: "rev-parse --short=8 HEAD". Try: 1. cwd: 'c:\projects\kit-app-template'
[2025-08-23 19:16:00,094][INFO][omni.repo.man.nvenv.execute_git:295] git call result:
	return code:0
	stdout: 72a92618

	stderr: 
[2025-08-23 19:16:00,094][INFO][omni.repo.man.utils.run_process_return_output:301] running process: C:/packman-repo/chk/git/2.28.0-windows-x86_64\bin/git.exe rev-parse --git-dir
[2025-08-23 19:16:00,119][INFO][omni.repo.man.nvenv.execute_git:284] Calling Git with args: "rev-parse --abbrev-ref HEAD". Try: 1. cwd: 'c:\projects\kit-app-template'
[2025-08-23 19:16:00,147][INFO][omni.repo.man.nvenv.execute_git:295] git call result:
	return code:0
	stdout: main

	stderr: 
[2025-08-23 19:16:00,147][INFO][omni.repo.man.build_number.print_log:182] Build number: '108.0+main.0.72a92618.local'
[2025-08-23 19:16:00,149][INFO][omni.repo.man.build_number.print_log:182] Written to file: 'c:\projects\kit-app-template\_build\windows-x86_64\debug\VERSION'
[2025-08-23 19:16:00,917][INFO][omni.repo.man.entry.run:133] Running repo tool: repo_build_number@1.88.2. args: ['build_number', '-o', 'c:/projects/kit-app-template/_build/windows-x86_64/release/VERSION']
[2025-08-23 19:16:00,917][INFO][omni.repo.man.nvenv.get_git_hash:352] Getting Git hash for directory c:\projects\kit-app-template
[2025-08-23 19:16:00,918][INFO][omni.repo.man.nvenv.find_git_path:186] Searching for the location of Git
[2025-08-23 19:16:00,919][INFO][omni.repo.man.nvenv.find_git_path:201] Git 2.28.0-windows-x86_64 fetched by packman
[2025-08-23 19:16:00,919][INFO][omni.repo.man.nvenv.find_git_path:249] Git location: C:/packman-repo/chk/git/2.28.0-windows-x86_64\bin/git.exe
[2025-08-23 19:16:00,919][INFO][omni.repo.man.utils.run_process_return_output:301] running process: C:/packman-repo/chk/git/2.28.0-windows-x86_64\bin/git.exe rev-parse --git-dir
[2025-08-23 19:16:00,948][INFO][omni.repo.man.nvenv.execute_git:284] Calling Git with args: "rev-parse --short=8 HEAD". Try: 1. cwd: 'c:\projects\kit-app-template'
[2025-08-23 19:16:00,975][INFO][omni.repo.man.nvenv.execute_git:295] git call result:
	return code:0
	stdout: 72a92618

	stderr: 
[2025-08-23 19:16:00,975][INFO][omni.repo.man.utils.run_process_return_output:301] running process: C:/packman-repo/chk/git/2.28.0-windows-x86_64\bin/git.exe rev-parse --git-dir
[2025-08-23 19:16:01,000][INFO][omni.repo.man.nvenv.execute_git:284] Calling Git with args: "rev-parse --abbrev-ref HEAD". Try: 1. cwd: 'c:\projects\kit-app-template'
[2025-08-23 19:16:01,028][INFO][omni.repo.man.nvenv.execute_git:295] git call result:
	return code:0
	stdout: main

	stderr: 
[2025-08-23 19:16:01,028][INFO][omni.repo.man.build_number.print_log:182] Build number: '108.0+main.0.72a92618.local'
[2025-08-23 19:16:01,031][INFO][omni.repo.man.build_number.print_log:182] Written to file: 'c:\projects\kit-app-template\_build\windows-x86_64\release\VERSION'
[2025-08-23 19:16:01,088][INFO][omni.repo.man.fileutils.copy_and_link_using_dict:532] Copy of 0 files took: 0.000 milliseconds.
[2025-08-23 19:16:01,088][INFO][omni.repo.man.fileutils.copy_and_link_using_dict:542] Creating links of 0 folders took: 0.000 milliseconds.
[2025-08-23 19:16:01,089][INFO][omni.repo.man.fileutils.copy_and_link_using_dict:532] Copy of 8 files took: 1.000 milliseconds.
[2025-08-23 19:16:01,092][INFO][omni.repo.man.fileutils.copy_and_link_using_dict:542] Creating links of 8 folders took: 2.042 milliseconds.
[2025-08-23 19:16:08,528][INFO][omni.repo.man.entry.run:133] Running repo tool: repo_launch@None. args: ['launch']
[2025-08-23 19:24:22,369][INFO][omni.repo.man.entry.run:133] Running repo tool: repo_build@1.13.2. args: ['build']
[2025-08-23 19:24:22,371][INFO][omni.repo.man.configuration.set_token:231] Token: 'platform_target' set to 'windows-x86_64'
[2025-08-23 19:24:22,371][INFO][omni.repo.man.configuration.set_token:231] Token: 'platform_target_abi' set to 'windows-x86_64'
[2025-08-23 19:24:22,371][INFO][omni.repo.man.utils.run_process:241] running process: powershell -Command "New-Item -ItemType Directory -Path C:/projects/kit-app-template/source/apps -ErrorAction SilentlyContinue" ; "Write-Host 'Done'"
[2025-08-23 19:24:22,543][INFO][omni.repo.build.dependencies.pull_files:275] Skipping project file (doesn't exist): C:/projects/kit-app-template/deps/host-deps.packman.xml
[2025-08-23 19:24:22,549][INFO][omni.repo.man.utils.run_process:241] running process: C:/projects/kit-app-template/repo.bat precache_exts -c release
[2025-08-23 19:24:23,298][INFO][omni.repo.man.entry.run:133] Running repo tool: repo_precache_exts@None. args: ['precache_exts', '-c', 'release']
[2025-08-23 19:24:23,299][INFO][omni.repo.precache_exts.run:315] precaching app: C:\projects\kit-app-template\source\apps\my_company.my_editor.kit
[2025-08-23 19:24:23,300][INFO][omni.repo.man.utils.run_process:241] running process: C:\projects\kit-app-template\_build\windows-x86_64\release\kit\kit.exe C:\projects\kit-app-template\source\apps\my_company.my_editor.kit --allow-root --portable --ext-precache-mode --/crashreporter/gatherUserStory=0 --/app/settings/persistent=0 --/app/settings/loadUserConfig=0 --/app/extensions/generateVersionLock=1 --/app/extensions/parallelPullEnabled=1 --/app/enableStdoutOutput=1 --/app/extensions/detailedSolverExplanation=1 --/app/extensions/registryEnabled=1 --/app/extensions/mkdirExtFolders=0 --/app/extensions/registryCacheFull='C:\projects\kit-app-template\_build\windows-x86_64\release\extscache' --/log/flushStandardStreamOutput=1 --/exts/omni.kit.registry.nucleus/registries/0/name=\"kit/default\" --/exts/omni.kit.registry.nucleus/registries/0/url=\"https://ovextensionsprod.blob.core.windows.net/exts/kit/prod/${kit_version_major}/shared\" --/exts/omni.kit.registry.nucleus/registries/1/name=\"kit/sdk\" --/exts/omni.kit.registry.nucleus/registries/1/url=\"https://ovextensionsprod.blob.core.windows.net/exts/kit/prod/sdk/${kit_version_short}/${kit_git_hash}\" --/exts/omni.kit.registry.nucleus/registries/2/name=\"kit/community\" --/exts/omni.kit.registry.nucleus/registries/2/url=\"https://dw290v42wisod.cloudfront.net/exts/kit/community\" --/app/extensions/target/config=release --ext-folder C:\projects\kit-app-template\source\extensions --ext-folder C:\projects\kit-app-template\source\apps --portable-root C:/projects/kit-app-template/_build/windows-x86_64/release --/app/extensions/generateVersionLockSkipLocalExts=1
[2025-08-23 19:24:23,569][INFO][omni.repo.build.pippull.pull_pip_dependencies:403] Skip pip pull of because is most recent config (['C:/projects/kit-app-template/tools/deps/pip.toml']) is older than 'C:/projects/kit-app-template/_build\.lastpippull'.
[2025-08-23 19:24:23,569][INFO][omni.repo.build.build.generate_projects:263] generating project from: C:/projects/kit-app-template/premake5.lua
[2025-08-23 19:24:23,569][INFO][omni.repo.man.utils.run_process:241] running process: C:/projects/kit-app-template/_build/host-deps\premake\bin\premake5.exe --file=C:/projects/kit-app-template/premake5.lua no-compile --platform-host=windows-x86_64 --scripts=C:\packman-repo\chk\repo_build\1.13.2\lua --platform-target=windows-x86_64 --linux-x86_64-cxx11-abi=True --solution-name=kit-app-template
[2025-08-23 19:24:24,372][INFO][omni.repo.man.entry.run:133] Running repo tool: repo_kit_pull_extensions@1.10.0. args: ['pull_extensions', 'setup']
[2025-08-23 19:24:24,373][INFO][omni.repo.man.configuration.set_token:231] Token: 'config' set to 'debug'
[2025-08-23 19:24:24,376][INFO][omni.repo.man.configuration.set_token:231] Token: 'config' set to 'release'
[2025-08-23 19:24:25,149][INFO][omni.repo.man.entry.run:133] Running repo tool: repo_build_number@1.88.2. args: ['build_number', '-o', 'c:/projects/kit-app-template/_build/windows-x86_64/debug/VERSION']
[2025-08-23 19:24:25,149][INFO][omni.repo.man.nvenv.get_git_hash:352] Getting Git hash for directory c:\projects\kit-app-template
[2025-08-23 19:24:25,149][INFO][omni.repo.man.nvenv.find_git_path:186] Searching for the location of Git
[2025-08-23 19:24:25,150][INFO][omni.repo.man.nvenv.find_git_path:201] Git 2.28.0-windows-x86_64 fetched by packman
[2025-08-23 19:24:25,150][INFO][omni.repo.man.nvenv.find_git_path:249] Git location: C:/packman-repo/chk/git/2.28.0-windows-x86_64\bin/git.exe
[2025-08-23 19:24:25,150][INFO][omni.repo.man.utils.run_process_return_output:301] running process: C:/packman-repo/chk/git/2.28.0-windows-x86_64\bin/git.exe rev-parse --git-dir
[2025-08-23 19:24:25,445][INFO][omni.repo.man.nvenv.execute_git:284] Calling Git with args: "rev-parse --short=8 HEAD". Try: 1. cwd: 'c:\projects\kit-app-template'
[2025-08-23 19:24:25,473][INFO][omni.repo.man.nvenv.execute_git:295] git call result:
	return code:0
	stdout: 72a92618

	stderr: 
[2025-08-23 19:24:25,473][INFO][omni.repo.man.utils.run_process_return_output:301] running process: C:/packman-repo/chk/git/2.28.0-windows-x86_64\bin/git.exe rev-parse --git-dir
[2025-08-23 19:24:25,496][INFO][omni.repo.man.nvenv.execute_git:284] Calling Git with args: "rev-parse --abbrev-ref HEAD". Try: 1. cwd: 'c:\projects\kit-app-template'
[2025-08-23 19:24:25,523][INFO][omni.repo.man.nvenv.execute_git:295] git call result:
	return code:0
	stdout: main

	stderr: 
[2025-08-23 19:24:25,523][INFO][omni.repo.man.build_number.print_log:182] Build number: '108.0+main.0.72a92618.local'
[2025-08-23 19:24:25,525][INFO][omni.repo.man.build_number.print_log:182] Written to file: 'c:\projects\kit-app-template\_build\windows-x86_64\debug\VERSION'
[2025-08-23 19:24:26,294][INFO][omni.repo.man.entry.run:133] Running repo tool: repo_build_number@1.88.2. args: ['build_number', '-o', 'c:/projects/kit-app-template/_build/windows-x86_64/release/VERSION']
[2025-08-23 19:24:26,294][INFO][omni.repo.man.nvenv.get_git_hash:352] Getting Git hash for directory c:\projects\kit-app-template
[2025-08-23 19:24:26,294][INFO][omni.repo.man.nvenv.find_git_path:186] Searching for the location of Git
[2025-08-23 19:24:26,295][INFO][omni.repo.man.nvenv.find_git_path:201] Git 2.28.0-windows-x86_64 fetched by packman
[2025-08-23 19:24:26,295][INFO][omni.repo.man.nvenv.find_git_path:249] Git location: C:/packman-repo/chk/git/2.28.0-windows-x86_64\bin/git.exe
[2025-08-23 19:24:26,295][INFO][omni.repo.man.utils.run_process_return_output:301] running process: C:/packman-repo/chk/git/2.28.0-windows-x86_64\bin/git.exe rev-parse --git-dir
[2025-08-23 19:24:26,322][INFO][omni.repo.man.nvenv.execute_git:284] Calling Git with args: "rev-parse --short=8 HEAD". Try: 1. cwd: 'c:\projects\kit-app-template'
[2025-08-23 19:24:26,349][INFO][omni.repo.man.nvenv.execute_git:295] git call result:
	return code:0
	stdout: 72a92618

	stderr: 
[2025-08-23 19:24:26,349][INFO][omni.repo.man.utils.run_process_return_output:301] running process: C:/packman-repo/chk/git/2.28.0-windows-x86_64\bin/git.exe rev-parse --git-dir
[2025-08-23 19:24:26,373][INFO][omni.repo.man.nvenv.execute_git:284] Calling Git with args: "rev-parse --abbrev-ref HEAD". Try: 1. cwd: 'c:\projects\kit-app-template'
[2025-08-23 19:24:26,400][INFO][omni.repo.man.nvenv.execute_git:295] git call result:
	return code:0
	stdout: main

	stderr: 
[2025-08-23 19:24:26,400][INFO][omni.repo.man.build_number.print_log:182] Build number: '108.0+main.0.72a92618.local'
[2025-08-23 19:24:26,402][INFO][omni.repo.man.build_number.print_log:182] Written to file: 'c:\projects\kit-app-template\_build\windows-x86_64\release\VERSION'
[2025-08-23 19:24:26,460][INFO][omni.repo.man.fileutils.copy_and_link_using_dict:532] Copy of 0 files took: 0.000 milliseconds.
[2025-08-23 19:24:26,461][INFO][omni.repo.man.fileutils.copy_and_link_using_dict:542] Creating links of 0 folders took: 0.000 milliseconds.
[2025-08-23 19:24:26,462][INFO][omni.repo.man.fileutils.copy_and_link_using_dict:532] Copy of 8 files took: 1.000 milliseconds.
[2025-08-23 19:24:26,465][INFO][omni.repo.man.fileutils.copy_and_link_using_dict:542] Creating links of 8 folders took: 3.000 milliseconds.
[2025-08-23 19:24:28,712][INFO][omni.repo.man.entry.run:133] Running repo tool: repo_launch@None. args: ['launch']
[2025-08-23 19:30:55,713][INFO][omni.repo.man.entry.run:133] Running repo tool: repo_build@1.13.2. args: ['build']
[2025-08-23 19:30:55,713][INFO][omni.repo.man.configuration.set_token:231] Token: 'platform_target' set to 'windows-x86_64'
[2025-08-23 19:30:55,713][INFO][omni.repo.man.configuration.set_token:231] Token: 'platform_target_abi' set to 'windows-x86_64'
[2025-08-23 19:30:55,714][INFO][omni.repo.man.utils.run_process:241] running process: powershell -Command "New-Item -ItemType Directory -Path C:/projects/kit-app-template/source/apps -ErrorAction SilentlyContinue" ; "Write-Host 'Done'"
[2025-08-23 19:30:55,869][INFO][omni.repo.build.dependencies.pull_files:275] Skipping project file (doesn't exist): C:/projects/kit-app-template/deps/host-deps.packman.xml
[2025-08-23 19:30:55,876][INFO][omni.repo.man.utils.run_process:241] running process: C:/projects/kit-app-template/repo.bat precache_exts -c release
[2025-08-23 19:30:56,603][INFO][omni.repo.man.entry.run:133] Running repo tool: repo_precache_exts@None. args: ['precache_exts', '-c', 'release']
[2025-08-23 19:30:56,604][INFO][omni.repo.precache_exts.run:315] precaching app: C:\projects\kit-app-template\source\apps\my_company.my_editor.kit
[2025-08-23 19:30:56,605][INFO][omni.repo.man.utils.run_process:241] running process: C:\projects\kit-app-template\_build\windows-x86_64\release\kit\kit.exe C:\projects\kit-app-template\source\apps\my_company.my_editor.kit --allow-root --portable --ext-precache-mode --/crashreporter/gatherUserStory=0 --/app/settings/persistent=0 --/app/settings/loadUserConfig=0 --/app/extensions/generateVersionLock=1 --/app/extensions/parallelPullEnabled=1 --/app/enableStdoutOutput=1 --/app/extensions/detailedSolverExplanation=1 --/app/extensions/registryEnabled=1 --/app/extensions/mkdirExtFolders=0 --/app/extensions/registryCacheFull='C:\projects\kit-app-template\_build\windows-x86_64\release\extscache' --/log/flushStandardStreamOutput=1 --/exts/omni.kit.registry.nucleus/registries/0/name=\"kit/default\" --/exts/omni.kit.registry.nucleus/registries/0/url=\"https://ovextensionsprod.blob.core.windows.net/exts/kit/prod/${kit_version_major}/shared\" --/exts/omni.kit.registry.nucleus/registries/1/name=\"kit/sdk\" --/exts/omni.kit.registry.nucleus/registries/1/url=\"https://ovextensionsprod.blob.core.windows.net/exts/kit/prod/sdk/${kit_version_short}/${kit_git_hash}\" --/exts/omni.kit.registry.nucleus/registries/2/name=\"kit/community\" --/exts/omni.kit.registry.nucleus/registries/2/url=\"https://dw290v42wisod.cloudfront.net/exts/kit/community\" --/app/extensions/target/config=release --ext-folder C:\projects\kit-app-template\source\extensions --ext-folder C:\projects\kit-app-template\source\apps --portable-root C:/projects/kit-app-template/_build/windows-x86_64/release --/app/extensions/generateVersionLockSkipLocalExts=1
[2025-08-23 19:30:56,865][INFO][omni.repo.build.pippull.pull_pip_dependencies:403] Skip pip pull of because is most recent config (['C:/projects/kit-app-template/tools/deps/pip.toml']) is older than 'C:/projects/kit-app-template/_build\.lastpippull'.
[2025-08-23 19:30:56,866][INFO][omni.repo.build.build.generate_projects:263] generating project from: C:/projects/kit-app-template/premake5.lua
[2025-08-23 19:30:56,866][INFO][omni.repo.man.utils.run_process:241] running process: C:/projects/kit-app-template/_build/host-deps\premake\bin\premake5.exe --file=C:/projects/kit-app-template/premake5.lua no-compile --platform-host=windows-x86_64 --scripts=C:\packman-repo\chk\repo_build\1.13.2\lua --platform-target=windows-x86_64 --linux-x86_64-cxx11-abi=True --solution-name=kit-app-template
[2025-08-23 19:30:57,656][INFO][omni.repo.man.entry.run:133] Running repo tool: repo_kit_pull_extensions@1.10.0. args: ['pull_extensions', 'setup']
[2025-08-23 19:30:57,657][INFO][omni.repo.man.configuration.set_token:231] Token: 'config' set to 'debug'
[2025-08-23 19:30:57,659][INFO][omni.repo.man.configuration.set_token:231] Token: 'config' set to 'release'
[2025-08-23 19:30:58,441][INFO][omni.repo.man.entry.run:133] Running repo tool: repo_build_number@1.88.2. args: ['build_number', '-o', 'c:/projects/kit-app-template/_build/windows-x86_64/debug/VERSION']
[2025-08-23 19:30:58,441][INFO][omni.repo.man.nvenv.get_git_hash:352] Getting Git hash for directory c:\projects\kit-app-template
[2025-08-23 19:30:58,442][INFO][omni.repo.man.nvenv.find_git_path:186] Searching for the location of Git
[2025-08-23 19:30:58,443][INFO][omni.repo.man.nvenv.find_git_path:201] Git 2.28.0-windows-x86_64 fetched by packman
[2025-08-23 19:30:58,443][INFO][omni.repo.man.nvenv.find_git_path:249] Git location: C:/packman-repo/chk/git/2.28.0-windows-x86_64\bin/git.exe
[2025-08-23 19:30:58,443][INFO][omni.repo.man.utils.run_process_return_output:301] running process: C:/packman-repo/chk/git/2.28.0-windows-x86_64\bin/git.exe rev-parse --git-dir
[2025-08-23 19:30:58,525][INFO][omni.repo.man.nvenv.execute_git:284] Calling Git with args: "rev-parse --short=8 HEAD". Try: 1. cwd: 'c:\projects\kit-app-template'
[2025-08-23 19:30:58,552][INFO][omni.repo.man.nvenv.execute_git:295] git call result:
	return code:0
	stdout: 72a92618

	stderr: 
[2025-08-23 19:30:58,552][INFO][omni.repo.man.utils.run_process_return_output:301] running process: C:/packman-repo/chk/git/2.28.0-windows-x86_64\bin/git.exe rev-parse --git-dir
[2025-08-23 19:30:58,577][INFO][omni.repo.man.nvenv.execute_git:284] Calling Git with args: "rev-parse --abbrev-ref HEAD". Try: 1. cwd: 'c:\projects\kit-app-template'
[2025-08-23 19:30:58,603][INFO][omni.repo.man.nvenv.execute_git:295] git call result:
	return code:0
	stdout: main

	stderr: 
[2025-08-23 19:30:58,603][INFO][omni.repo.man.build_number.print_log:182] Build number: '108.0+main.0.72a92618.local'
[2025-08-23 19:30:58,606][INFO][omni.repo.man.build_number.print_log:182] Written to file: 'c:\projects\kit-app-template\_build\windows-x86_64\debug\VERSION'
[2025-08-23 19:30:59,362][INFO][omni.repo.man.entry.run:133] Running repo tool: repo_build_number@1.88.2. args: ['build_number', '-o', 'c:/projects/kit-app-template/_build/windows-x86_64/release/VERSION']
[2025-08-23 19:30:59,362][INFO][omni.repo.man.nvenv.get_git_hash:352] Getting Git hash for directory c:\projects\kit-app-template
[2025-08-23 19:30:59,363][INFO][omni.repo.man.nvenv.find_git_path:186] Searching for the location of Git
[2025-08-23 19:30:59,364][INFO][omni.repo.man.nvenv.find_git_path:201] Git 2.28.0-windows-x86_64 fetched by packman
[2025-08-23 19:30:59,364][INFO][omni.repo.man.nvenv.find_git_path:249] Git location: C:/packman-repo/chk/git/2.28.0-windows-x86_64\bin/git.exe
[2025-08-23 19:30:59,364][INFO][omni.repo.man.utils.run_process_return_output:301] running process: C:/packman-repo/chk/git/2.28.0-windows-x86_64\bin/git.exe rev-parse --git-dir
[2025-08-23 19:30:59,392][INFO][omni.repo.man.nvenv.execute_git:284] Calling Git with args: "rev-parse --short=8 HEAD". Try: 1. cwd: 'c:\projects\kit-app-template'
[2025-08-23 19:30:59,419][INFO][omni.repo.man.nvenv.execute_git:295] git call result:
	return code:0
	stdout: 72a92618

	stderr: 
[2025-08-23 19:30:59,419][INFO][omni.repo.man.utils.run_process_return_output:301] running process: C:/packman-repo/chk/git/2.28.0-windows-x86_64\bin/git.exe rev-parse --git-dir
[2025-08-23 19:30:59,443][INFO][omni.repo.man.nvenv.execute_git:284] Calling Git with args: "rev-parse --abbrev-ref HEAD". Try: 1. cwd: 'c:\projects\kit-app-template'
[2025-08-23 19:30:59,471][INFO][omni.repo.man.nvenv.execute_git:295] git call result:
	return code:0
	stdout: main

	stderr: 
[2025-08-23 19:30:59,471][INFO][omni.repo.man.build_number.print_log:182] Build number: '108.0+main.0.72a92618.local'
[2025-08-23 19:30:59,473][INFO][omni.repo.man.build_number.print_log:182] Written to file: 'c:\projects\kit-app-template\_build\windows-x86_64\release\VERSION'
[2025-08-23 19:30:59,529][INFO][omni.repo.man.fileutils.copy_and_link_using_dict:532] Copy of 0 files took: 0.000 milliseconds.
[2025-08-23 19:30:59,529][INFO][omni.repo.man.fileutils.copy_and_link_using_dict:542] Creating links of 0 folders took: 0.000 milliseconds.
[2025-08-23 19:30:59,530][INFO][omni.repo.man.fileutils.copy_and_link_using_dict:532] Copy of 8 files took: 1.008 milliseconds.
[2025-08-23 19:30:59,533][INFO][omni.repo.man.fileutils.copy_and_link_using_dict:542] Creating links of 8 folders took: 2.000 milliseconds.
[2025-08-23 19:31:02,072][INFO][omni.repo.man.entry.run:133] Running repo tool: repo_launch@None. args: ['launch']
[2025-08-23 19:34:09,995][INFO][omni.repo.man.entry.run:133] Running repo tool: repo_build@1.13.2. args: ['build']
[2025-08-23 19:34:09,996][INFO][omni.repo.man.configuration.set_token:231] Token: 'platform_target' set to 'windows-x86_64'
[2025-08-23 19:34:09,996][INFO][omni.repo.man.configuration.set_token:231] Token: 'platform_target_abi' set to 'windows-x86_64'
[2025-08-23 19:34:09,996][INFO][omni.repo.man.utils.run_process:241] running process: powershell -Command "New-Item -ItemType Directory -Path C:/projects/kit-app-template/source/apps -ErrorAction SilentlyContinue" ; "Write-Host 'Done'"
[2025-08-23 19:34:10,150][INFO][omni.repo.build.dependencies.pull_files:275] Skipping project file (doesn't exist): C:/projects/kit-app-template/deps/host-deps.packman.xml
[2025-08-23 19:34:10,157][INFO][omni.repo.man.utils.run_process:241] running process: C:/projects/kit-app-template/repo.bat precache_exts -c release
[2025-08-23 19:34:10,909][INFO][omni.repo.man.entry.run:133] Running repo tool: repo_precache_exts@None. args: ['precache_exts', '-c', 'release']
[2025-08-23 19:34:10,910][INFO][omni.repo.precache_exts.run:315] precaching app: C:\projects\kit-app-template\source\apps\my_company.my_editor.kit
[2025-08-23 19:34:10,911][INFO][omni.repo.man.utils.run_process:241] running process: C:\projects\kit-app-template\_build\windows-x86_64\release\kit\kit.exe C:\projects\kit-app-template\source\apps\my_company.my_editor.kit --allow-root --portable --ext-precache-mode --/crashreporter/gatherUserStory=0 --/app/settings/persistent=0 --/app/settings/loadUserConfig=0 --/app/extensions/generateVersionLock=1 --/app/extensions/parallelPullEnabled=1 --/app/enableStdoutOutput=1 --/app/extensions/detailedSolverExplanation=1 --/app/extensions/registryEnabled=1 --/app/extensions/mkdirExtFolders=0 --/app/extensions/registryCacheFull='C:\projects\kit-app-template\_build\windows-x86_64\release\extscache' --/log/flushStandardStreamOutput=1 --/exts/omni.kit.registry.nucleus/registries/0/name=\"kit/default\" --/exts/omni.kit.registry.nucleus/registries/0/url=\"https://ovextensionsprod.blob.core.windows.net/exts/kit/prod/${kit_version_major}/shared\" --/exts/omni.kit.registry.nucleus/registries/1/name=\"kit/sdk\" --/exts/omni.kit.registry.nucleus/registries/1/url=\"https://ovextensionsprod.blob.core.windows.net/exts/kit/prod/sdk/${kit_version_short}/${kit_git_hash}\" --/exts/omni.kit.registry.nucleus/registries/2/name=\"kit/community\" --/exts/omni.kit.registry.nucleus/registries/2/url=\"https://dw290v42wisod.cloudfront.net/exts/kit/community\" --/app/extensions/target/config=release --ext-folder C:\projects\kit-app-template\source\extensions --ext-folder C:\projects\kit-app-template\source\apps --portable-root C:/projects/kit-app-template/_build/windows-x86_64/release --/app/extensions/generateVersionLockSkipLocalExts=1
[2025-08-23 19:34:11,178][INFO][omni.repo.build.pippull.pull_pip_dependencies:403] Skip pip pull of because is most recent config (['C:/projects/kit-app-template/tools/deps/pip.toml']) is older than 'C:/projects/kit-app-template/_build\.lastpippull'.
[2025-08-23 19:34:11,178][INFO][omni.repo.build.build.generate_projects:263] generating project from: C:/projects/kit-app-template/premake5.lua
[2025-08-23 19:34:11,178][INFO][omni.repo.man.utils.run_process:241] running process: C:/projects/kit-app-template/_build/host-deps\premake\bin\premake5.exe --file=C:/projects/kit-app-template/premake5.lua no-compile --platform-host=windows-x86_64 --scripts=C:\packman-repo\chk\repo_build\1.13.2\lua --platform-target=windows-x86_64 --linux-x86_64-cxx11-abi=True --solution-name=kit-app-template
[2025-08-23 19:34:11,999][INFO][omni.repo.man.entry.run:133] Running repo tool: repo_kit_pull_extensions@1.10.0. args: ['pull_extensions', 'setup']
[2025-08-23 19:34:12,000][INFO][omni.repo.man.configuration.set_token:231] Token: 'config' set to 'debug'
[2025-08-23 19:34:12,002][INFO][omni.repo.man.configuration.set_token:231] Token: 'config' set to 'release'
[2025-08-23 19:34:12,784][INFO][omni.repo.man.entry.run:133] Running repo tool: repo_build_number@1.88.2. args: ['build_number', '-o', 'c:/projects/kit-app-template/_build/windows-x86_64/debug/VERSION']
[2025-08-23 19:34:12,784][INFO][omni.repo.man.nvenv.get_git_hash:352] Getting Git hash for directory c:\projects\kit-app-template
[2025-08-23 19:34:12,784][INFO][omni.repo.man.nvenv.find_git_path:186] Searching for the location of Git
[2025-08-23 19:34:12,785][INFO][omni.repo.man.nvenv.find_git_path:201] Git 2.28.0-windows-x86_64 fetched by packman
[2025-08-23 19:34:12,786][INFO][omni.repo.man.nvenv.find_git_path:249] Git location: C:/packman-repo/chk/git/2.28.0-windows-x86_64\bin/git.exe
[2025-08-23 19:34:12,786][INFO][omni.repo.man.utils.run_process_return_output:301] running process: C:/packman-repo/chk/git/2.28.0-windows-x86_64\bin/git.exe rev-parse --git-dir
[2025-08-23 19:34:12,819][INFO][omni.repo.man.nvenv.execute_git:284] Calling Git with args: "rev-parse --short=8 HEAD". Try: 1. cwd: 'c:\projects\kit-app-template'
[2025-08-23 19:34:12,846][INFO][omni.repo.man.nvenv.execute_git:295] git call result:
	return code:0
	stdout: 72a92618

	stderr: 
[2025-08-23 19:34:12,846][INFO][omni.repo.man.utils.run_process_return_output:301] running process: C:/packman-repo/chk/git/2.28.0-windows-x86_64\bin/git.exe rev-parse --git-dir
[2025-08-23 19:34:12,869][INFO][omni.repo.man.nvenv.execute_git:284] Calling Git with args: "rev-parse --abbrev-ref HEAD". Try: 1. cwd: 'c:\projects\kit-app-template'
[2025-08-23 19:34:12,896][INFO][omni.repo.man.nvenv.execute_git:295] git call result:
	return code:0
	stdout: main

	stderr: 
[2025-08-23 19:34:12,896][INFO][omni.repo.man.build_number.print_log:182] Build number: '108.0+main.0.72a92618.local'
[2025-08-23 19:34:12,898][INFO][omni.repo.man.build_number.print_log:182] Written to file: 'c:\projects\kit-app-template\_build\windows-x86_64\debug\VERSION'
[2025-08-23 19:34:13,672][INFO][omni.repo.man.entry.run:133] Running repo tool: repo_build_number@1.88.2. args: ['build_number', '-o', 'c:/projects/kit-app-template/_build/windows-x86_64/release/VERSION']
[2025-08-23 19:34:13,672][INFO][omni.repo.man.nvenv.get_git_hash:352] Getting Git hash for directory c:\projects\kit-app-template
[2025-08-23 19:34:13,672][INFO][omni.repo.man.nvenv.find_git_path:186] Searching for the location of Git
[2025-08-23 19:34:13,673][INFO][omni.repo.man.nvenv.find_git_path:201] Git 2.28.0-windows-x86_64 fetched by packman
[2025-08-23 19:34:13,673][INFO][omni.repo.man.nvenv.find_git_path:249] Git location: C:/packman-repo/chk/git/2.28.0-windows-x86_64\bin/git.exe
[2025-08-23 19:34:13,673][INFO][omni.repo.man.utils.run_process_return_output:301] running process: C:/packman-repo/chk/git/2.28.0-windows-x86_64\bin/git.exe rev-parse --git-dir
[2025-08-23 19:34:13,701][INFO][omni.repo.man.nvenv.execute_git:284] Calling Git with args: "rev-parse --short=8 HEAD". Try: 1. cwd: 'c:\projects\kit-app-template'
[2025-08-23 19:34:13,729][INFO][omni.repo.man.nvenv.execute_git:295] git call result:
	return code:0
	stdout: 72a92618

	stderr: 
[2025-08-23 19:34:13,729][INFO][omni.repo.man.utils.run_process_return_output:301] running process: C:/packman-repo/chk/git/2.28.0-windows-x86_64\bin/git.exe rev-parse --git-dir
[2025-08-23 19:34:13,752][INFO][omni.repo.man.nvenv.execute_git:284] Calling Git with args: "rev-parse --abbrev-ref HEAD". Try: 1. cwd: 'c:\projects\kit-app-template'
[2025-08-23 19:34:13,780][INFO][omni.repo.man.nvenv.execute_git:295] git call result:
	return code:0
	stdout: main

	stderr: 
[2025-08-23 19:34:13,780][INFO][omni.repo.man.build_number.print_log:182] Build number: '108.0+main.0.72a92618.local'
[2025-08-23 19:34:13,782][INFO][omni.repo.man.build_number.print_log:182] Written to file: 'c:\projects\kit-app-template\_build\windows-x86_64\release\VERSION'
[2025-08-23 19:34:13,845][INFO][omni.repo.man.fileutils.copy_and_link_using_dict:532] Copy of 0 files took: 0.000 milliseconds.
[2025-08-23 19:34:13,846][INFO][omni.repo.man.fileutils.copy_and_link_using_dict:542] Creating links of 0 folders took: 0.000 milliseconds.
[2025-08-23 19:34:13,847][INFO][omni.repo.man.fileutils.copy_and_link_using_dict:532] Copy of 8 files took: 0.982 milliseconds.
[2025-08-23 19:34:13,850][INFO][omni.repo.man.fileutils.copy_and_link_using_dict:542] Creating links of 8 folders took: 3.001 milliseconds.
[2025-08-23 19:34:16,893][INFO][omni.repo.man.entry.run:133] Running repo tool: repo_launch@None. args: ['launch']
[2025-08-23 19:42:55,560][INFO][omni.repo.man.entry.run:133] Running repo tool: repo_build@1.13.2. args: ['build']
[2025-08-23 19:42:55,560][INFO][omni.repo.man.configuration.set_token:231] Token: 'platform_target' set to 'windows-x86_64'
[2025-08-23 19:42:55,560][INFO][omni.repo.man.configuration.set_token:231] Token: 'platform_target_abi' set to 'windows-x86_64'
[2025-08-23 19:42:55,561][INFO][omni.repo.man.utils.run_process:241] running process: powershell -Command "New-Item -ItemType Directory -Path C:/projects/kit-app-template/source/apps -ErrorAction SilentlyContinue" ; "Write-Host 'Done'"
[2025-08-23 19:42:55,725][INFO][omni.repo.build.dependencies.pull_files:275] Skipping project file (doesn't exist): C:/projects/kit-app-template/deps/host-deps.packman.xml
[2025-08-23 19:42:55,732][INFO][omni.repo.man.utils.run_process:241] running process: C:/projects/kit-app-template/repo.bat precache_exts -c release
[2025-08-23 19:42:56,465][INFO][omni.repo.man.entry.run:133] Running repo tool: repo_precache_exts@None. args: ['precache_exts', '-c', 'release']
[2025-08-23 19:42:56,466][INFO][omni.repo.precache_exts.run:315] precaching app: C:\projects\kit-app-template\source\apps\my_company.my_editor.kit
[2025-08-23 19:42:56,467][INFO][omni.repo.man.utils.run_process:241] running process: C:\projects\kit-app-template\_build\windows-x86_64\release\kit\kit.exe C:\projects\kit-app-template\source\apps\my_company.my_editor.kit --allow-root --portable --ext-precache-mode --/crashreporter/gatherUserStory=0 --/app/settings/persistent=0 --/app/settings/loadUserConfig=0 --/app/extensions/generateVersionLock=1 --/app/extensions/parallelPullEnabled=1 --/app/enableStdoutOutput=1 --/app/extensions/detailedSolverExplanation=1 --/app/extensions/registryEnabled=1 --/app/extensions/mkdirExtFolders=0 --/app/extensions/registryCacheFull='C:\projects\kit-app-template\_build\windows-x86_64\release\extscache' --/log/flushStandardStreamOutput=1 --/exts/omni.kit.registry.nucleus/registries/0/name=\"kit/default\" --/exts/omni.kit.registry.nucleus/registries/0/url=\"https://ovextensionsprod.blob.core.windows.net/exts/kit/prod/${kit_version_major}/shared\" --/exts/omni.kit.registry.nucleus/registries/1/name=\"kit/sdk\" --/exts/omni.kit.registry.nucleus/registries/1/url=\"https://ovextensionsprod.blob.core.windows.net/exts/kit/prod/sdk/${kit_version_short}/${kit_git_hash}\" --/exts/omni.kit.registry.nucleus/registries/2/name=\"kit/community\" --/exts/omni.kit.registry.nucleus/registries/2/url=\"https://dw290v42wisod.cloudfront.net/exts/kit/community\" --/app/extensions/target/config=release --ext-folder C:\projects\kit-app-template\source\extensions --ext-folder C:\projects\kit-app-template\source\apps --portable-root C:/projects/kit-app-template/_build/windows-x86_64/release --/app/extensions/generateVersionLockSkipLocalExts=1
[2025-08-23 19:42:56,714][INFO][omni.repo.build.pippull.pull_pip_dependencies:403] Skip pip pull of because is most recent config (['C:/projects/kit-app-template/tools/deps/pip.toml']) is older than 'C:/projects/kit-app-template/_build\.lastpippull'.
[2025-08-23 19:42:56,715][INFO][omni.repo.build.build.generate_projects:263] generating project from: C:/projects/kit-app-template/premake5.lua
[2025-08-23 19:42:56,715][INFO][omni.repo.man.utils.run_process:241] running process: C:/projects/kit-app-template/_build/host-deps\premake\bin\premake5.exe --file=C:/projects/kit-app-template/premake5.lua no-compile --platform-host=windows-x86_64 --scripts=C:\packman-repo\chk\repo_build\1.13.2\lua --platform-target=windows-x86_64 --linux-x86_64-cxx11-abi=True --solution-name=kit-app-template
[2025-08-23 19:42:57,510][INFO][omni.repo.man.entry.run:133] Running repo tool: repo_kit_pull_extensions@1.10.0. args: ['pull_extensions', 'setup']
[2025-08-23 19:42:57,511][INFO][omni.repo.man.configuration.set_token:231] Token: 'config' set to 'debug'
[2025-08-23 19:42:57,513][INFO][omni.repo.man.configuration.set_token:231] Token: 'config' set to 'release'
[2025-08-23 19:42:58,286][INFO][omni.repo.man.entry.run:133] Running repo tool: repo_build_number@1.88.2. args: ['build_number', '-o', 'c:/projects/kit-app-template/_build/windows-x86_64/debug/VERSION']
[2025-08-23 19:42:58,287][INFO][omni.repo.man.nvenv.get_git_hash:352] Getting Git hash for directory c:\projects\kit-app-template
[2025-08-23 19:42:58,287][INFO][omni.repo.man.nvenv.find_git_path:186] Searching for the location of Git
[2025-08-23 19:42:58,288][INFO][omni.repo.man.nvenv.find_git_path:201] Git 2.28.0-windows-x86_64 fetched by packman
[2025-08-23 19:42:58,288][INFO][omni.repo.man.nvenv.find_git_path:249] Git location: C:/packman-repo/chk/git/2.28.0-windows-x86_64\bin/git.exe
[2025-08-23 19:42:58,288][INFO][omni.repo.man.utils.run_process_return_output:301] running process: C:/packman-repo/chk/git/2.28.0-windows-x86_64\bin/git.exe rev-parse --git-dir
[2025-08-23 19:42:58,357][INFO][omni.repo.man.nvenv.execute_git:284] Calling Git with args: "rev-parse --short=8 HEAD". Try: 1. cwd: 'c:\projects\kit-app-template'
[2025-08-23 19:42:58,384][INFO][omni.repo.man.nvenv.execute_git:295] git call result:
	return code:0
	stdout: 72a92618

	stderr: 
[2025-08-23 19:42:58,384][INFO][omni.repo.man.utils.run_process_return_output:301] running process: C:/packman-repo/chk/git/2.28.0-windows-x86_64\bin/git.exe rev-parse --git-dir
[2025-08-23 19:42:58,407][INFO][omni.repo.man.nvenv.execute_git:284] Calling Git with args: "rev-parse --abbrev-ref HEAD". Try: 1. cwd: 'c:\projects\kit-app-template'
[2025-08-23 19:42:58,434][INFO][omni.repo.man.nvenv.execute_git:295] git call result:
	return code:0
	stdout: main

	stderr: 
[2025-08-23 19:42:58,434][INFO][omni.repo.man.build_number.print_log:182] Build number: '108.0+main.0.72a92618.local'
[2025-08-23 19:42:58,436][INFO][omni.repo.man.build_number.print_log:182] Written to file: 'c:\projects\kit-app-template\_build\windows-x86_64\debug\VERSION'
[2025-08-23 19:42:59,201][INFO][omni.repo.man.entry.run:133] Running repo tool: repo_build_number@1.88.2. args: ['build_number', '-o', 'c:/projects/kit-app-template/_build/windows-x86_64/release/VERSION']
[2025-08-23 19:42:59,201][INFO][omni.repo.man.nvenv.get_git_hash:352] Getting Git hash for directory c:\projects\kit-app-template
[2025-08-23 19:42:59,201][INFO][omni.repo.man.nvenv.find_git_path:186] Searching for the location of Git
[2025-08-23 19:42:59,202][INFO][omni.repo.man.nvenv.find_git_path:201] Git 2.28.0-windows-x86_64 fetched by packman
[2025-08-23 19:42:59,203][INFO][omni.repo.man.nvenv.find_git_path:249] Git location: C:/packman-repo/chk/git/2.28.0-windows-x86_64\bin/git.exe
[2025-08-23 19:42:59,203][INFO][omni.repo.man.utils.run_process_return_output:301] running process: C:/packman-repo/chk/git/2.28.0-windows-x86_64\bin/git.exe rev-parse --git-dir
[2025-08-23 19:42:59,232][INFO][omni.repo.man.nvenv.execute_git:284] Calling Git with args: "rev-parse --short=8 HEAD". Try: 1. cwd: 'c:\projects\kit-app-template'
[2025-08-23 19:42:59,261][INFO][omni.repo.man.nvenv.execute_git:295] git call result:
	return code:0
	stdout: 72a92618

	stderr: 
[2025-08-23 19:42:59,261][INFO][omni.repo.man.utils.run_process_return_output:301] running process: C:/packman-repo/chk/git/2.28.0-windows-x86_64\bin/git.exe rev-parse --git-dir
[2025-08-23 19:42:59,286][INFO][omni.repo.man.nvenv.execute_git:284] Calling Git with args: "rev-parse --abbrev-ref HEAD". Try: 1. cwd: 'c:\projects\kit-app-template'
[2025-08-23 19:42:59,314][INFO][omni.repo.man.nvenv.execute_git:295] git call result:
	return code:0
	stdout: main

	stderr: 
[2025-08-23 19:42:59,314][INFO][omni.repo.man.build_number.print_log:182] Build number: '108.0+main.0.72a92618.local'
[2025-08-23 19:42:59,316][INFO][omni.repo.man.build_number.print_log:182] Written to file: 'c:\projects\kit-app-template\_build\windows-x86_64\release\VERSION'
[2025-08-23 19:42:59,380][INFO][omni.repo.man.fileutils.copy_and_link_using_dict:532] Copy of 0 files took: 0.000 milliseconds.
[2025-08-23 19:42:59,380][INFO][omni.repo.man.fileutils.copy_and_link_using_dict:542] Creating links of 0 folders took: 0.000 milliseconds.
[2025-08-23 19:42:59,381][INFO][omni.repo.man.fileutils.copy_and_link_using_dict:532] Copy of 8 files took: 1.000 milliseconds.
[2025-08-23 19:42:59,385][INFO][omni.repo.man.fileutils.copy_and_link_using_dict:542] Creating links of 8 folders took: 3.000 milliseconds.
[2025-08-23 19:43:03,084][INFO][omni.repo.man.entry.run:133] Running repo tool: repo_launch@None. args: ['launch']
[2025-08-23 19:44:00,438][INFO][omni.repo.man.entry.run:133] Running repo tool: repo_build@1.13.2. args: ['build']
[2025-08-23 19:44:00,439][INFO][omni.repo.man.configuration.set_token:231] Token: 'platform_target' set to 'windows-x86_64'
[2025-08-23 19:44:00,439][INFO][omni.repo.man.configuration.set_token:231] Token: 'platform_target_abi' set to 'windows-x86_64'
[2025-08-23 19:44:00,440][INFO][omni.repo.man.utils.run_process:241] running process: powershell -Command "New-Item -ItemType Directory -Path C:/projects/kit-app-template/source/apps -ErrorAction SilentlyContinue" ; "Write-Host 'Done'"
[2025-08-23 19:44:00,595][INFO][omni.repo.build.dependencies.pull_files:275] Skipping project file (doesn't exist): C:/projects/kit-app-template/deps/host-deps.packman.xml
[2025-08-23 19:44:00,602][INFO][omni.repo.man.utils.run_process:241] running process: C:/projects/kit-app-template/repo.bat precache_exts -c release
[2025-08-23 19:44:01,369][INFO][omni.repo.man.entry.run:133] Running repo tool: repo_precache_exts@None. args: ['precache_exts', '-c', 'release']
[2025-08-23 19:44:01,370][INFO][omni.repo.precache_exts.run:315] precaching app: C:\projects\kit-app-template\source\apps\my_company.my_editor.kit
[2025-08-23 19:44:01,371][INFO][omni.repo.man.utils.run_process:241] running process: C:\projects\kit-app-template\_build\windows-x86_64\release\kit\kit.exe C:\projects\kit-app-template\source\apps\my_company.my_editor.kit --allow-root --portable --ext-precache-mode --/crashreporter/gatherUserStory=0 --/app/settings/persistent=0 --/app/settings/loadUserConfig=0 --/app/extensions/generateVersionLock=1 --/app/extensions/parallelPullEnabled=1 --/app/enableStdoutOutput=1 --/app/extensions/detailedSolverExplanation=1 --/app/extensions/registryEnabled=1 --/app/extensions/mkdirExtFolders=0 --/app/extensions/registryCacheFull='C:\projects\kit-app-template\_build\windows-x86_64\release\extscache' --/log/flushStandardStreamOutput=1 --/exts/omni.kit.registry.nucleus/registries/0/name=\"kit/default\" --/exts/omni.kit.registry.nucleus/registries/0/url=\"https://ovextensionsprod.blob.core.windows.net/exts/kit/prod/${kit_version_major}/shared\" --/exts/omni.kit.registry.nucleus/registries/1/name=\"kit/sdk\" --/exts/omni.kit.registry.nucleus/registries/1/url=\"https://ovextensionsprod.blob.core.windows.net/exts/kit/prod/sdk/${kit_version_short}/${kit_git_hash}\" --/exts/omni.kit.registry.nucleus/registries/2/name=\"kit/community\" --/exts/omni.kit.registry.nucleus/registries/2/url=\"https://dw290v42wisod.cloudfront.net/exts/kit/community\" --/app/extensions/target/config=release --ext-folder C:\projects\kit-app-template\source\extensions --ext-folder C:\projects\kit-app-template\source\apps --portable-root C:/projects/kit-app-template/_build/windows-x86_64/release --/app/extensions/generateVersionLockSkipLocalExts=1
[2025-08-23 19:44:01,626][INFO][omni.repo.build.pippull.pull_pip_dependencies:403] Skip pip pull of because is most recent config (['C:/projects/kit-app-template/tools/deps/pip.toml']) is older than 'C:/projects/kit-app-template/_build\.lastpippull'.
[2025-08-23 19:44:01,627][INFO][omni.repo.build.build.generate_projects:263] generating project from: C:/projects/kit-app-template/premake5.lua
[2025-08-23 19:44:01,627][INFO][omni.repo.man.utils.run_process:241] running process: C:/projects/kit-app-template/_build/host-deps\premake\bin\premake5.exe --file=C:/projects/kit-app-template/premake5.lua no-compile --platform-host=windows-x86_64 --scripts=C:\packman-repo\chk\repo_build\1.13.2\lua --platform-target=windows-x86_64 --linux-x86_64-cxx11-abi=True --solution-name=kit-app-template
[2025-08-23 19:44:02,494][INFO][omni.repo.man.entry.run:133] Running repo tool: repo_kit_pull_extensions@1.10.0. args: ['pull_extensions', 'setup']
[2025-08-23 19:44:02,495][INFO][omni.repo.man.configuration.set_token:231] Token: 'config' set to 'debug'
[2025-08-23 19:44:02,499][INFO][omni.repo.man.configuration.set_token:231] Token: 'config' set to 'release'
[2025-08-23 19:44:03,330][INFO][omni.repo.man.entry.run:133] Running repo tool: repo_build_number@1.88.2. args: ['build_number', '-o', 'c:/projects/kit-app-template/_build/windows-x86_64/debug/VERSION']
[2025-08-23 19:44:03,330][INFO][omni.repo.man.nvenv.get_git_hash:352] Getting Git hash for directory c:\projects\kit-app-template
[2025-08-23 19:44:03,330][INFO][omni.repo.man.nvenv.find_git_path:186] Searching for the location of Git
[2025-08-23 19:44:03,331][INFO][omni.repo.man.nvenv.find_git_path:201] Git 2.28.0-windows-x86_64 fetched by packman
[2025-08-23 19:44:03,332][INFO][omni.repo.man.nvenv.find_git_path:249] Git location: C:/packman-repo/chk/git/2.28.0-windows-x86_64\bin/git.exe
[2025-08-23 19:44:03,332][INFO][omni.repo.man.utils.run_process_return_output:301] running process: C:/packman-repo/chk/git/2.28.0-windows-x86_64\bin/git.exe rev-parse --git-dir
[2025-08-23 19:44:03,366][INFO][omni.repo.man.nvenv.execute_git:284] Calling Git with args: "rev-parse --short=8 HEAD". Try: 1. cwd: 'c:\projects\kit-app-template'
[2025-08-23 19:44:03,397][INFO][omni.repo.man.nvenv.execute_git:295] git call result:
	return code:0
	stdout: 72a92618

	stderr: 
[2025-08-23 19:44:03,397][INFO][omni.repo.man.utils.run_process_return_output:301] running process: C:/packman-repo/chk/git/2.28.0-windows-x86_64\bin/git.exe rev-parse --git-dir
[2025-08-23 19:44:03,421][INFO][omni.repo.man.nvenv.execute_git:284] Calling Git with args: "rev-parse --abbrev-ref HEAD". Try: 1. cwd: 'c:\projects\kit-app-template'
[2025-08-23 19:44:03,449][INFO][omni.repo.man.nvenv.execute_git:295] git call result:
	return code:0
	stdout: main

	stderr: 
[2025-08-23 19:44:03,449][INFO][omni.repo.man.build_number.print_log:182] Build number: '108.0+main.0.72a92618.local'
[2025-08-23 19:44:03,451][INFO][omni.repo.man.build_number.print_log:182] Written to file: 'c:\projects\kit-app-template\_build\windows-x86_64\debug\VERSION'
[2025-08-23 19:44:04,245][INFO][omni.repo.man.entry.run:133] Running repo tool: repo_build_number@1.88.2. args: ['build_number', '-o', 'c:/projects/kit-app-template/_build/windows-x86_64/release/VERSION']
[2025-08-23 19:44:04,246][INFO][omni.repo.man.nvenv.get_git_hash:352] Getting Git hash for directory c:\projects\kit-app-template
[2025-08-23 19:44:04,246][INFO][omni.repo.man.nvenv.find_git_path:186] Searching for the location of Git
[2025-08-23 19:44:04,247][INFO][omni.repo.man.nvenv.find_git_path:201] Git 2.28.0-windows-x86_64 fetched by packman
[2025-08-23 19:44:04,247][INFO][omni.repo.man.nvenv.find_git_path:249] Git location: C:/packman-repo/chk/git/2.28.0-windows-x86_64\bin/git.exe
[2025-08-23 19:44:04,247][INFO][omni.repo.man.utils.run_process_return_output:301] running process: C:/packman-repo/chk/git/2.28.0-windows-x86_64\bin/git.exe rev-parse --git-dir
[2025-08-23 19:44:04,277][INFO][omni.repo.man.nvenv.execute_git:284] Calling Git with args: "rev-parse --short=8 HEAD". Try: 1. cwd: 'c:\projects\kit-app-template'
[2025-08-23 19:44:04,307][INFO][omni.repo.man.nvenv.execute_git:295] git call result:
	return code:0
	stdout: 72a92618

	stderr: 
[2025-08-23 19:44:04,307][INFO][omni.repo.man.utils.run_process_return_output:301] running process: C:/packman-repo/chk/git/2.28.0-windows-x86_64\bin/git.exe rev-parse --git-dir
[2025-08-23 19:44:04,334][INFO][omni.repo.man.nvenv.execute_git:284] Calling Git with args: "rev-parse --abbrev-ref HEAD". Try: 1. cwd: 'c:\projects\kit-app-template'
[2025-08-23 19:44:04,364][INFO][omni.repo.man.nvenv.execute_git:295] git call result:
	return code:0
	stdout: main

	stderr: 
[2025-08-23 19:44:04,365][INFO][omni.repo.man.build_number.print_log:182] Build number: '108.0+main.0.72a92618.local'
[2025-08-23 19:44:04,366][INFO][omni.repo.man.build_number.print_log:182] Written to file: 'c:\projects\kit-app-template\_build\windows-x86_64\release\VERSION'
[2025-08-23 19:44:04,423][INFO][omni.repo.man.fileutils.copy_and_link_using_dict:532] Copy of 0 files took: 0.000 milliseconds.
[2025-08-23 19:44:04,423][INFO][omni.repo.man.fileutils.copy_and_link_using_dict:542] Creating links of 0 folders took: 0.000 milliseconds.
[2025-08-23 19:44:04,424][INFO][omni.repo.man.fileutils.copy_and_link_using_dict:532] Copy of 8 files took: 1.000 milliseconds.
[2025-08-23 19:44:04,427][INFO][omni.repo.man.fileutils.copy_and_link_using_dict:542] Creating links of 8 folders took: 2.992 milliseconds.
[2025-08-23 19:44:08,199][INFO][omni.repo.man.entry.run:133] Running repo tool: repo_launch@None. args: ['launch']
[2025-08-23 19:45:20,026][INFO][omni.repo.man.entry.run:133] Running repo tool: repo_build@1.13.2. args: ['build']
[2025-08-23 19:45:20,026][INFO][omni.repo.man.configuration.set_token:231] Token: 'platform_target' set to 'windows-x86_64'
[2025-08-23 19:45:20,026][INFO][omni.repo.man.configuration.set_token:231] Token: 'platform_target_abi' set to 'windows-x86_64'
[2025-08-23 19:45:20,027][INFO][omni.repo.man.utils.run_process:241] running process: powershell -Command "New-Item -ItemType Directory -Path C:/projects/kit-app-template/source/apps -ErrorAction SilentlyContinue" ; "Write-Host 'Done'"
[2025-08-23 19:45:20,170][INFO][omni.repo.build.dependencies.pull_files:275] Skipping project file (doesn't exist): C:/projects/kit-app-template/deps/host-deps.packman.xml
[2025-08-23 19:45:20,177][INFO][omni.repo.man.utils.run_process:241] running process: C:/projects/kit-app-template/repo.bat precache_exts -c release
[2025-08-23 19:45:20,915][INFO][omni.repo.man.entry.run:133] Running repo tool: repo_precache_exts@None. args: ['precache_exts', '-c', 'release']
[2025-08-23 19:45:20,916][INFO][omni.repo.precache_exts.run:315] precaching app: C:\projects\kit-app-template\source\apps\my_company.my_editor.kit
[2025-08-23 19:45:20,917][INFO][omni.repo.man.utils.run_process:241] running process: C:\projects\kit-app-template\_build\windows-x86_64\release\kit\kit.exe C:\projects\kit-app-template\source\apps\my_company.my_editor.kit --allow-root --portable --ext-precache-mode --/crashreporter/gatherUserStory=0 --/app/settings/persistent=0 --/app/settings/loadUserConfig=0 --/app/extensions/generateVersionLock=1 --/app/extensions/parallelPullEnabled=1 --/app/enableStdoutOutput=1 --/app/extensions/detailedSolverExplanation=1 --/app/extensions/registryEnabled=1 --/app/extensions/mkdirExtFolders=0 --/app/extensions/registryCacheFull='C:\projects\kit-app-template\_build\windows-x86_64\release\extscache' --/log/flushStandardStreamOutput=1 --/exts/omni.kit.registry.nucleus/registries/0/name=\"kit/default\" --/exts/omni.kit.registry.nucleus/registries/0/url=\"https://ovextensionsprod.blob.core.windows.net/exts/kit/prod/${kit_version_major}/shared\" --/exts/omni.kit.registry.nucleus/registries/1/name=\"kit/sdk\" --/exts/omni.kit.registry.nucleus/registries/1/url=\"https://ovextensionsprod.blob.core.windows.net/exts/kit/prod/sdk/${kit_version_short}/${kit_git_hash}\" --/exts/omni.kit.registry.nucleus/registries/2/name=\"kit/community\" --/exts/omni.kit.registry.nucleus/registries/2/url=\"https://dw290v42wisod.cloudfront.net/exts/kit/community\" --/app/extensions/target/config=release --ext-folder C:\projects\kit-app-template\source\extensions --ext-folder C:\projects\kit-app-template\source\apps --portable-root C:/projects/kit-app-template/_build/windows-x86_64/release --/app/extensions/generateVersionLockSkipLocalExts=1
[2025-08-23 19:45:21,166][INFO][omni.repo.build.pippull.pull_pip_dependencies:403] Skip pip pull of because is most recent config (['C:/projects/kit-app-template/tools/deps/pip.toml']) is older than 'C:/projects/kit-app-template/_build\.lastpippull'.
[2025-08-23 19:45:21,166][INFO][omni.repo.build.build.generate_projects:263] generating project from: C:/projects/kit-app-template/premake5.lua
[2025-08-23 19:45:21,166][INFO][omni.repo.man.utils.run_process:241] running process: C:/projects/kit-app-template/_build/host-deps\premake\bin\premake5.exe --file=C:/projects/kit-app-template/premake5.lua no-compile --platform-host=windows-x86_64 --scripts=C:\packman-repo\chk\repo_build\1.13.2\lua --platform-target=windows-x86_64 --linux-x86_64-cxx11-abi=True --solution-name=kit-app-template
[2025-08-23 19:45:21,979][INFO][omni.repo.man.entry.run:133] Running repo tool: repo_kit_pull_extensions@1.10.0. args: ['pull_extensions', 'setup']
[2025-08-23 19:45:21,980][INFO][omni.repo.man.configuration.set_token:231] Token: 'config' set to 'debug'
[2025-08-23 19:45:21,982][INFO][omni.repo.man.configuration.set_token:231] Token: 'config' set to 'release'
[2025-08-23 19:45:22,764][INFO][omni.repo.man.entry.run:133] Running repo tool: repo_build_number@1.88.2. args: ['build_number', '-o', 'c:/projects/kit-app-template/_build/windows-x86_64/debug/VERSION']
[2025-08-23 19:45:22,764][INFO][omni.repo.man.nvenv.get_git_hash:352] Getting Git hash for directory c:\projects\kit-app-template
[2025-08-23 19:45:22,764][INFO][omni.repo.man.nvenv.find_git_path:186] Searching for the location of Git
[2025-08-23 19:45:22,765][INFO][omni.repo.man.nvenv.find_git_path:201] Git 2.28.0-windows-x86_64 fetched by packman
[2025-08-23 19:45:22,765][INFO][omni.repo.man.nvenv.find_git_path:249] Git location: C:/packman-repo/chk/git/2.28.0-windows-x86_64\bin/git.exe
[2025-08-23 19:45:22,765][INFO][omni.repo.man.utils.run_process_return_output:301] running process: C:/packman-repo/chk/git/2.28.0-windows-x86_64\bin/git.exe rev-parse --git-dir
[2025-08-23 19:45:22,800][INFO][omni.repo.man.nvenv.execute_git:284] Calling Git with args: "rev-parse --short=8 HEAD". Try: 1. cwd: 'c:\projects\kit-app-template'
[2025-08-23 19:45:22,826][INFO][omni.repo.man.nvenv.execute_git:295] git call result:
	return code:0
	stdout: 72a92618

	stderr: 
[2025-08-23 19:45:22,826][INFO][omni.repo.man.utils.run_process_return_output:301] running process: C:/packman-repo/chk/git/2.28.0-windows-x86_64\bin/git.exe rev-parse --git-dir
[2025-08-23 19:45:22,850][INFO][omni.repo.man.nvenv.execute_git:284] Calling Git with args: "rev-parse --abbrev-ref HEAD". Try: 1. cwd: 'c:\projects\kit-app-template'
[2025-08-23 19:45:22,877][INFO][omni.repo.man.nvenv.execute_git:295] git call result:
	return code:0
	stdout: main

	stderr: 
[2025-08-23 19:45:22,877][INFO][omni.repo.man.build_number.print_log:182] Build number: '108.0+main.0.72a92618.local'
[2025-08-23 19:45:22,880][INFO][omni.repo.man.build_number.print_log:182] Written to file: 'c:\projects\kit-app-template\_build\windows-x86_64\debug\VERSION'
[2025-08-23 19:45:23,667][INFO][omni.repo.man.entry.run:133] Running repo tool: repo_build_number@1.88.2. args: ['build_number', '-o', 'c:/projects/kit-app-template/_build/windows-x86_64/release/VERSION']
[2025-08-23 19:45:23,667][INFO][omni.repo.man.nvenv.get_git_hash:352] Getting Git hash for directory c:\projects\kit-app-template
[2025-08-23 19:45:23,667][INFO][omni.repo.man.nvenv.find_git_path:186] Searching for the location of Git
[2025-08-23 19:45:23,668][INFO][omni.repo.man.nvenv.find_git_path:201] Git 2.28.0-windows-x86_64 fetched by packman
[2025-08-23 19:45:23,668][INFO][omni.repo.man.nvenv.find_git_path:249] Git location: C:/packman-repo/chk/git/2.28.0-windows-x86_64\bin/git.exe
[2025-08-23 19:45:23,668][INFO][omni.repo.man.utils.run_process_return_output:301] running process: C:/packman-repo/chk/git/2.28.0-windows-x86_64\bin/git.exe rev-parse --git-dir
[2025-08-23 19:45:23,699][INFO][omni.repo.man.nvenv.execute_git:284] Calling Git with args: "rev-parse --short=8 HEAD". Try: 1. cwd: 'c:\projects\kit-app-template'
[2025-08-23 19:45:23,727][INFO][omni.repo.man.nvenv.execute_git:295] git call result:
	return code:0
	stdout: 72a92618

	stderr: 
[2025-08-23 19:45:23,728][INFO][omni.repo.man.utils.run_process_return_output:301] running process: C:/packman-repo/chk/git/2.28.0-windows-x86_64\bin/git.exe rev-parse --git-dir
[2025-08-23 19:45:23,751][INFO][omni.repo.man.nvenv.execute_git:284] Calling Git with args: "rev-parse --abbrev-ref HEAD". Try: 1. cwd: 'c:\projects\kit-app-template'
[2025-08-23 19:45:23,777][INFO][omni.repo.man.nvenv.execute_git:295] git call result:
	return code:0
	stdout: main

	stderr: 
[2025-08-23 19:45:23,778][INFO][omni.repo.man.build_number.print_log:182] Build number: '108.0+main.0.72a92618.local'
[2025-08-23 19:45:23,780][INFO][omni.repo.man.build_number.print_log:182] Written to file: 'c:\projects\kit-app-template\_build\windows-x86_64\release\VERSION'
[2025-08-23 19:45:23,837][INFO][omni.repo.man.fileutils.copy_and_link_using_dict:532] Copy of 0 files took: 0.000 milliseconds.
[2025-08-23 19:45:23,837][INFO][omni.repo.man.fileutils.copy_and_link_using_dict:542] Creating links of 0 folders took: 0.000 milliseconds.
[2025-08-23 19:45:23,838][INFO][omni.repo.man.fileutils.copy_and_link_using_dict:532] Copy of 8 files took: 0.000 milliseconds.
[2025-08-23 19:45:23,841][INFO][omni.repo.man.fileutils.copy_and_link_using_dict:542] Creating links of 8 folders took: 1.992 milliseconds.
[2025-08-23 19:45:27,442][INFO][omni.repo.man.entry.run:133] Running repo tool: repo_launch@None. args: ['launch']
[2025-08-23 19:49:26,950][INFO][omni.repo.man.entry.run:133] Running repo tool: repo_build@1.13.2. args: ['build']
[2025-08-23 19:49:26,950][INFO][omni.repo.man.configuration.set_token:231] Token: 'platform_target' set to 'windows-x86_64'
[2025-08-23 19:49:26,951][INFO][omni.repo.man.configuration.set_token:231] Token: 'platform_target_abi' set to 'windows-x86_64'
[2025-08-23 19:49:26,951][INFO][omni.repo.man.utils.run_process:241] running process: powershell -Command "New-Item -ItemType Directory -Path C:/projects/kit-app-template/source/apps -ErrorAction SilentlyContinue" ; "Write-Host 'Done'"
[2025-08-23 19:49:27,100][INFO][omni.repo.build.dependencies.pull_files:275] Skipping project file (doesn't exist): C:/projects/kit-app-template/deps/host-deps.packman.xml
[2025-08-23 19:49:27,107][INFO][omni.repo.man.utils.run_process:241] running process: C:/projects/kit-app-template/repo.bat precache_exts -c release
[2025-08-23 19:49:27,849][INFO][omni.repo.man.entry.run:133] Running repo tool: repo_precache_exts@None. args: ['precache_exts', '-c', 'release']
[2025-08-23 19:49:27,850][INFO][omni.repo.precache_exts.run:315] precaching app: C:\projects\kit-app-template\source\apps\my_company.my_editor.kit
[2025-08-23 19:49:27,850][INFO][omni.repo.man.utils.run_process:241] running process: C:\projects\kit-app-template\_build\windows-x86_64\release\kit\kit.exe C:\projects\kit-app-template\source\apps\my_company.my_editor.kit --allow-root --portable --ext-precache-mode --/crashreporter/gatherUserStory=0 --/app/settings/persistent=0 --/app/settings/loadUserConfig=0 --/app/extensions/generateVersionLock=1 --/app/extensions/parallelPullEnabled=1 --/app/enableStdoutOutput=1 --/app/extensions/detailedSolverExplanation=1 --/app/extensions/registryEnabled=1 --/app/extensions/mkdirExtFolders=0 --/app/extensions/registryCacheFull='C:\projects\kit-app-template\_build\windows-x86_64\release\extscache' --/log/flushStandardStreamOutput=1 --/exts/omni.kit.registry.nucleus/registries/0/name=\"kit/default\" --/exts/omni.kit.registry.nucleus/registries/0/url=\"https://ovextensionsprod.blob.core.windows.net/exts/kit/prod/${kit_version_major}/shared\" --/exts/omni.kit.registry.nucleus/registries/1/name=\"kit/sdk\" --/exts/omni.kit.registry.nucleus/registries/1/url=\"https://ovextensionsprod.blob.core.windows.net/exts/kit/prod/sdk/${kit_version_short}/${kit_git_hash}\" --/exts/omni.kit.registry.nucleus/registries/2/name=\"kit/community\" --/exts/omni.kit.registry.nucleus/registries/2/url=\"https://dw290v42wisod.cloudfront.net/exts/kit/community\" --/app/extensions/target/config=release --ext-folder C:\projects\kit-app-template\source\extensions --ext-folder C:\projects\kit-app-template\source\apps --portable-root C:/projects/kit-app-template/_build/windows-x86_64/release --/app/extensions/generateVersionLockSkipLocalExts=1
[2025-08-23 19:49:28,122][INFO][omni.repo.build.pippull.pull_pip_dependencies:403] Skip pip pull of because is most recent config (['C:/projects/kit-app-template/tools/deps/pip.toml']) is older than 'C:/projects/kit-app-template/_build\.lastpippull'.
[2025-08-23 19:49:28,123][INFO][omni.repo.build.build.generate_projects:263] generating project from: C:/projects/kit-app-template/premake5.lua
[2025-08-23 19:49:28,123][INFO][omni.repo.man.utils.run_process:241] running process: C:/projects/kit-app-template/_build/host-deps\premake\bin\premake5.exe --file=C:/projects/kit-app-template/premake5.lua no-compile --platform-host=windows-x86_64 --scripts=C:\packman-repo\chk\repo_build\1.13.2\lua --platform-target=windows-x86_64 --linux-x86_64-cxx11-abi=True --solution-name=kit-app-template
[2025-08-23 19:49:28,935][INFO][omni.repo.man.entry.run:133] Running repo tool: repo_kit_pull_extensions@1.10.0. args: ['pull_extensions', 'setup']
[2025-08-23 19:49:28,936][INFO][omni.repo.man.configuration.set_token:231] Token: 'config' set to 'debug'
[2025-08-23 19:49:28,938][INFO][omni.repo.man.configuration.set_token:231] Token: 'config' set to 'release'
[2025-08-23 19:49:29,741][INFO][omni.repo.man.entry.run:133] Running repo tool: repo_build_number@1.88.2. args: ['build_number', '-o', 'c:/projects/kit-app-template/_build/windows-x86_64/debug/VERSION']
[2025-08-23 19:49:29,741][INFO][omni.repo.man.nvenv.get_git_hash:352] Getting Git hash for directory c:\projects\kit-app-template
[2025-08-23 19:49:29,741][INFO][omni.repo.man.nvenv.find_git_path:186] Searching for the location of Git
[2025-08-23 19:49:29,742][INFO][omni.repo.man.nvenv.find_git_path:201] Git 2.28.0-windows-x86_64 fetched by packman
[2025-08-23 19:49:29,742][INFO][omni.repo.man.nvenv.find_git_path:249] Git location: C:/packman-repo/chk/git/2.28.0-windows-x86_64\bin/git.exe
[2025-08-23 19:49:29,742][INFO][omni.repo.man.utils.run_process_return_output:301] running process: C:/packman-repo/chk/git/2.28.0-windows-x86_64\bin/git.exe rev-parse --git-dir
[2025-08-23 19:49:29,818][INFO][omni.repo.man.nvenv.execute_git:284] Calling Git with args: "rev-parse --short=8 HEAD". Try: 1. cwd: 'c:\projects\kit-app-template'
[2025-08-23 19:49:29,846][INFO][omni.repo.man.nvenv.execute_git:295] git call result:
	return code:0
	stdout: 72a92618

	stderr: 
[2025-08-23 19:49:29,846][INFO][omni.repo.man.utils.run_process_return_output:301] running process: C:/packman-repo/chk/git/2.28.0-windows-x86_64\bin/git.exe rev-parse --git-dir
[2025-08-23 19:49:29,871][INFO][omni.repo.man.nvenv.execute_git:284] Calling Git with args: "rev-parse --abbrev-ref HEAD". Try: 1. cwd: 'c:\projects\kit-app-template'
[2025-08-23 19:49:29,909][INFO][omni.repo.man.nvenv.execute_git:295] git call result:
	return code:0
	stdout: main

	stderr: 
[2025-08-23 19:49:29,909][INFO][omni.repo.man.build_number.print_log:182] Build number: '108.0+main.0.72a92618.local'
[2025-08-23 19:49:29,911][INFO][omni.repo.man.build_number.print_log:182] Written to file: 'c:\projects\kit-app-template\_build\windows-x86_64\debug\VERSION'
[2025-08-23 19:49:30,700][INFO][omni.repo.man.entry.run:133] Running repo tool: repo_build_number@1.88.2. args: ['build_number', '-o', 'c:/projects/kit-app-template/_build/windows-x86_64/release/VERSION']
[2025-08-23 19:49:30,701][INFO][omni.repo.man.nvenv.get_git_hash:352] Getting Git hash for directory c:\projects\kit-app-template
[2025-08-23 19:49:30,701][INFO][omni.repo.man.nvenv.find_git_path:186] Searching for the location of Git
[2025-08-23 19:49:30,702][INFO][omni.repo.man.nvenv.find_git_path:201] Git 2.28.0-windows-x86_64 fetched by packman
[2025-08-23 19:49:30,702][INFO][omni.repo.man.nvenv.find_git_path:249] Git location: C:/packman-repo/chk/git/2.28.0-windows-x86_64\bin/git.exe
[2025-08-23 19:49:30,702][INFO][omni.repo.man.utils.run_process_return_output:301] running process: C:/packman-repo/chk/git/2.28.0-windows-x86_64\bin/git.exe rev-parse --git-dir
[2025-08-23 19:49:30,730][INFO][omni.repo.man.nvenv.execute_git:284] Calling Git with args: "rev-parse --short=8 HEAD". Try: 1. cwd: 'c:\projects\kit-app-template'
[2025-08-23 19:49:30,758][INFO][omni.repo.man.nvenv.execute_git:295] git call result:
	return code:0
	stdout: 72a92618

	stderr: 
[2025-08-23 19:49:30,758][INFO][omni.repo.man.utils.run_process_return_output:301] running process: C:/packman-repo/chk/git/2.28.0-windows-x86_64\bin/git.exe rev-parse --git-dir
[2025-08-23 19:49:30,783][INFO][omni.repo.man.nvenv.execute_git:284] Calling Git with args: "rev-parse --abbrev-ref HEAD". Try: 1. cwd: 'c:\projects\kit-app-template'
[2025-08-23 19:49:30,811][INFO][omni.repo.man.nvenv.execute_git:295] git call result:
	return code:0
	stdout: main

	stderr: 
[2025-08-23 19:49:30,811][INFO][omni.repo.man.build_number.print_log:182] Build number: '108.0+main.0.72a92618.local'
[2025-08-23 19:49:30,813][INFO][omni.repo.man.build_number.print_log:182] Written to file: 'c:\projects\kit-app-template\_build\windows-x86_64\release\VERSION'
[2025-08-23 19:49:30,872][INFO][omni.repo.man.fileutils.copy_and_link_using_dict:532] Copy of 0 files took: 0.000 milliseconds.
[2025-08-23 19:49:30,873][INFO][omni.repo.man.fileutils.copy_and_link_using_dict:542] Creating links of 0 folders took: 0.000 milliseconds.
[2025-08-23 19:49:30,874][INFO][omni.repo.man.fileutils.copy_and_link_using_dict:532] Copy of 8 files took: 1.010 milliseconds.
[2025-08-23 19:49:30,877][INFO][omni.repo.man.fileutils.copy_and_link_using_dict:542] Creating links of 8 folders took: 2.992 milliseconds.
[2025-08-23 19:49:33,496][INFO][omni.repo.man.entry.run:133] Running repo tool: repo_launch@None. args: ['launch']
[2025-08-23 19:51:58,955][INFO][omni.repo.man.entry.run:133] Running repo tool: repo_build@1.13.2. args: ['build']
[2025-08-23 19:51:58,956][INFO][omni.repo.man.configuration.set_token:231] Token: 'platform_target' set to 'windows-x86_64'
[2025-08-23 19:51:58,956][INFO][omni.repo.man.configuration.set_token:231] Token: 'platform_target_abi' set to 'windows-x86_64'
[2025-08-23 19:51:58,956][INFO][omni.repo.man.utils.run_process:241] running process: powershell -Command "New-Item -ItemType Directory -Path C:/projects/kit-app-template/source/apps -ErrorAction SilentlyContinue" ; "Write-Host 'Done'"
[2025-08-23 19:51:59,109][INFO][omni.repo.build.dependencies.pull_files:275] Skipping project file (doesn't exist): C:/projects/kit-app-template/deps/host-deps.packman.xml
[2025-08-23 19:51:59,116][INFO][omni.repo.man.utils.run_process:241] running process: C:/projects/kit-app-template/repo.bat precache_exts -c release
[2025-08-23 19:51:59,866][INFO][omni.repo.man.entry.run:133] Running repo tool: repo_precache_exts@None. args: ['precache_exts', '-c', 'release']
[2025-08-23 19:51:59,867][INFO][omni.repo.precache_exts.run:315] precaching app: C:\projects\kit-app-template\source\apps\my_company.my_editor.kit
[2025-08-23 19:51:59,868][INFO][omni.repo.man.utils.run_process:241] running process: C:\projects\kit-app-template\_build\windows-x86_64\release\kit\kit.exe C:\projects\kit-app-template\source\apps\my_company.my_editor.kit --allow-root --portable --ext-precache-mode --/crashreporter/gatherUserStory=0 --/app/settings/persistent=0 --/app/settings/loadUserConfig=0 --/app/extensions/generateVersionLock=1 --/app/extensions/parallelPullEnabled=1 --/app/enableStdoutOutput=1 --/app/extensions/detailedSolverExplanation=1 --/app/extensions/registryEnabled=1 --/app/extensions/mkdirExtFolders=0 --/app/extensions/registryCacheFull='C:\projects\kit-app-template\_build\windows-x86_64\release\extscache' --/log/flushStandardStreamOutput=1 --/exts/omni.kit.registry.nucleus/registries/0/name=\"kit/default\" --/exts/omni.kit.registry.nucleus/registries/0/url=\"https://ovextensionsprod.blob.core.windows.net/exts/kit/prod/${kit_version_major}/shared\" --/exts/omni.kit.registry.nucleus/registries/1/name=\"kit/sdk\" --/exts/omni.kit.registry.nucleus/registries/1/url=\"https://ovextensionsprod.blob.core.windows.net/exts/kit/prod/sdk/${kit_version_short}/${kit_git_hash}\" --/exts/omni.kit.registry.nucleus/registries/2/name=\"kit/community\" --/exts/omni.kit.registry.nucleus/registries/2/url=\"https://dw290v42wisod.cloudfront.net/exts/kit/community\" --/app/extensions/target/config=release --ext-folder C:\projects\kit-app-template\source\extensions --ext-folder C:\projects\kit-app-template\source\apps --portable-root C:/projects/kit-app-template/_build/windows-x86_64/release --/app/extensions/generateVersionLockSkipLocalExts=1
[2025-08-23 19:52:00,133][INFO][omni.repo.build.pippull.pull_pip_dependencies:403] Skip pip pull of because is most recent config (['C:/projects/kit-app-template/tools/deps/pip.toml']) is older than 'C:/projects/kit-app-template/_build\.lastpippull'.
[2025-08-23 19:52:00,133][INFO][omni.repo.build.build.generate_projects:263] generating project from: C:/projects/kit-app-template/premake5.lua
[2025-08-23 19:52:00,134][INFO][omni.repo.man.utils.run_process:241] running process: C:/projects/kit-app-template/_build/host-deps\premake\bin\premake5.exe --file=C:/projects/kit-app-template/premake5.lua no-compile --platform-host=windows-x86_64 --scripts=C:\packman-repo\chk\repo_build\1.13.2\lua --platform-target=windows-x86_64 --linux-x86_64-cxx11-abi=True --solution-name=kit-app-template
[2025-08-23 19:52:00,953][INFO][omni.repo.man.entry.run:133] Running repo tool: repo_kit_pull_extensions@1.10.0. args: ['pull_extensions', 'setup']
[2025-08-23 19:52:00,954][INFO][omni.repo.man.configuration.set_token:231] Token: 'config' set to 'debug'
[2025-08-23 19:52:00,956][INFO][omni.repo.man.configuration.set_token:231] Token: 'config' set to 'release'
[2025-08-23 19:52:01,734][INFO][omni.repo.man.entry.run:133] Running repo tool: repo_build_number@1.88.2. args: ['build_number', '-o', 'c:/projects/kit-app-template/_build/windows-x86_64/debug/VERSION']
[2025-08-23 19:52:01,734][INFO][omni.repo.man.nvenv.get_git_hash:352] Getting Git hash for directory c:\projects\kit-app-template
[2025-08-23 19:52:01,734][INFO][omni.repo.man.nvenv.find_git_path:186] Searching for the location of Git
[2025-08-23 19:52:01,735][INFO][omni.repo.man.nvenv.find_git_path:201] Git 2.28.0-windows-x86_64 fetched by packman
[2025-08-23 19:52:01,736][INFO][omni.repo.man.nvenv.find_git_path:249] Git location: C:/packman-repo/chk/git/2.28.0-windows-x86_64\bin/git.exe
[2025-08-23 19:52:01,736][INFO][omni.repo.man.utils.run_process_return_output:301] running process: C:/packman-repo/chk/git/2.28.0-windows-x86_64\bin/git.exe rev-parse --git-dir
[2025-08-23 19:52:01,771][INFO][omni.repo.man.nvenv.execute_git:284] Calling Git with args: "rev-parse --short=8 HEAD". Try: 1. cwd: 'c:\projects\kit-app-template'
[2025-08-23 19:52:01,800][INFO][omni.repo.man.nvenv.execute_git:295] git call result:
	return code:0
	stdout: 72a92618

	stderr: 
[2025-08-23 19:52:01,800][INFO][omni.repo.man.utils.run_process_return_output:301] running process: C:/packman-repo/chk/git/2.28.0-windows-x86_64\bin/git.exe rev-parse --git-dir
[2025-08-23 19:52:01,824][INFO][omni.repo.man.nvenv.execute_git:284] Calling Git with args: "rev-parse --abbrev-ref HEAD". Try: 1. cwd: 'c:\projects\kit-app-template'
[2025-08-23 19:52:01,852][INFO][omni.repo.man.nvenv.execute_git:295] git call result:
	return code:0
	stdout: main

	stderr: 
[2025-08-23 19:52:01,853][INFO][omni.repo.man.build_number.print_log:182] Build number: '108.0+main.0.72a92618.local'
[2025-08-23 19:52:01,855][INFO][omni.repo.man.build_number.print_log:182] Written to file: 'c:\projects\kit-app-template\_build\windows-x86_64\debug\VERSION'
[2025-08-23 19:52:02,617][INFO][omni.repo.man.entry.run:133] Running repo tool: repo_build_number@1.88.2. args: ['build_number', '-o', 'c:/projects/kit-app-template/_build/windows-x86_64/release/VERSION']
[2025-08-23 19:52:02,617][INFO][omni.repo.man.nvenv.get_git_hash:352] Getting Git hash for directory c:\projects\kit-app-template
[2025-08-23 19:52:02,617][INFO][omni.repo.man.nvenv.find_git_path:186] Searching for the location of Git
[2025-08-23 19:52:02,618][INFO][omni.repo.man.nvenv.find_git_path:201] Git 2.28.0-windows-x86_64 fetched by packman
[2025-08-23 19:52:02,619][INFO][omni.repo.man.nvenv.find_git_path:249] Git location: C:/packman-repo/chk/git/2.28.0-windows-x86_64\bin/git.exe
[2025-08-23 19:52:02,619][INFO][omni.repo.man.utils.run_process_return_output:301] running process: C:/packman-repo/chk/git/2.28.0-windows-x86_64\bin/git.exe rev-parse --git-dir
[2025-08-23 19:52:02,647][INFO][omni.repo.man.nvenv.execute_git:284] Calling Git with args: "rev-parse --short=8 HEAD". Try: 1. cwd: 'c:\projects\kit-app-template'
[2025-08-23 19:52:02,673][INFO][omni.repo.man.nvenv.execute_git:295] git call result:
	return code:0
	stdout: 72a92618

	stderr: 
[2025-08-23 19:52:02,674][INFO][omni.repo.man.utils.run_process_return_output:301] running process: C:/packman-repo/chk/git/2.28.0-windows-x86_64\bin/git.exe rev-parse --git-dir
[2025-08-23 19:52:02,698][INFO][omni.repo.man.nvenv.execute_git:284] Calling Git with args: "rev-parse --abbrev-ref HEAD". Try: 1. cwd: 'c:\projects\kit-app-template'
[2025-08-23 19:52:02,725][INFO][omni.repo.man.nvenv.execute_git:295] git call result:
	return code:0
	stdout: main

	stderr: 
[2025-08-23 19:52:02,725][INFO][omni.repo.man.build_number.print_log:182] Build number: '108.0+main.0.72a92618.local'
[2025-08-23 19:52:02,728][INFO][omni.repo.man.build_number.print_log:182] Written to file: 'c:\projects\kit-app-template\_build\windows-x86_64\release\VERSION'
[2025-08-23 19:52:02,794][INFO][omni.repo.man.fileutils.copy_and_link_using_dict:532] Copy of 0 files took: 0.000 milliseconds.
[2025-08-23 19:52:02,795][INFO][omni.repo.man.fileutils.copy_and_link_using_dict:542] Creating links of 0 folders took: 0.000 milliseconds.
[2025-08-23 19:52:02,796][INFO][omni.repo.man.fileutils.copy_and_link_using_dict:532] Copy of 8 files took: 1.003 milliseconds.
[2025-08-23 19:52:02,799][INFO][omni.repo.man.fileutils.copy_and_link_using_dict:542] Creating links of 8 folders took: 2.011 milliseconds.
[2025-08-23 19:52:05,640][INFO][omni.repo.man.entry.run:133] Running repo tool: repo_launch@None. args: ['launch']
[2025-08-23 19:54:30,888][INFO][omni.repo.man.entry.run:133] Running repo tool: repo_build@1.13.2. args: ['build']
[2025-08-23 19:54:30,889][INFO][omni.repo.man.configuration.set_token:231] Token: 'platform_target' set to 'windows-x86_64'
[2025-08-23 19:54:30,889][INFO][omni.repo.man.configuration.set_token:231] Token: 'platform_target_abi' set to 'windows-x86_64'
[2025-08-23 19:54:30,890][INFO][omni.repo.man.utils.run_process:241] running process: powershell -Command "New-Item -ItemType Directory -Path C:/projects/kit-app-template/source/apps -ErrorAction SilentlyContinue" ; "Write-Host 'Done'"
[2025-08-23 19:54:31,060][INFO][omni.repo.build.dependencies.pull_files:275] Skipping project file (doesn't exist): C:/projects/kit-app-template/deps/host-deps.packman.xml
[2025-08-23 19:54:31,067][INFO][omni.repo.man.utils.run_process:241] running process: C:/projects/kit-app-template/repo.bat precache_exts -c release
[2025-08-23 19:54:31,808][INFO][omni.repo.man.entry.run:133] Running repo tool: repo_precache_exts@None. args: ['precache_exts', '-c', 'release']
[2025-08-23 19:54:31,809][INFO][omni.repo.precache_exts.run:315] precaching app: C:\projects\kit-app-template\source\apps\my_company.my_editor.kit
[2025-08-23 19:54:31,809][INFO][omni.repo.man.utils.run_process:241] running process: C:\projects\kit-app-template\_build\windows-x86_64\release\kit\kit.exe C:\projects\kit-app-template\source\apps\my_company.my_editor.kit --allow-root --portable --ext-precache-mode --/crashreporter/gatherUserStory=0 --/app/settings/persistent=0 --/app/settings/loadUserConfig=0 --/app/extensions/generateVersionLock=1 --/app/extensions/parallelPullEnabled=1 --/app/enableStdoutOutput=1 --/app/extensions/detailedSolverExplanation=1 --/app/extensions/registryEnabled=1 --/app/extensions/mkdirExtFolders=0 --/app/extensions/registryCacheFull='C:\projects\kit-app-template\_build\windows-x86_64\release\extscache' --/log/flushStandardStreamOutput=1 --/exts/omni.kit.registry.nucleus/registries/0/name=\"kit/default\" --/exts/omni.kit.registry.nucleus/registries/0/url=\"https://ovextensionsprod.blob.core.windows.net/exts/kit/prod/${kit_version_major}/shared\" --/exts/omni.kit.registry.nucleus/registries/1/name=\"kit/sdk\" --/exts/omni.kit.registry.nucleus/registries/1/url=\"https://ovextensionsprod.blob.core.windows.net/exts/kit/prod/sdk/${kit_version_short}/${kit_git_hash}\" --/exts/omni.kit.registry.nucleus/registries/2/name=\"kit/community\" --/exts/omni.kit.registry.nucleus/registries/2/url=\"https://dw290v42wisod.cloudfront.net/exts/kit/community\" --/app/extensions/target/config=release --ext-folder C:\projects\kit-app-template\source\extensions --ext-folder C:\projects\kit-app-template\source\apps --portable-root C:/projects/kit-app-template/_build/windows-x86_64/release --/app/extensions/generateVersionLockSkipLocalExts=1
[2025-08-23 19:54:32,068][INFO][omni.repo.build.pippull.pull_pip_dependencies:403] Skip pip pull of because is most recent config (['C:/projects/kit-app-template/tools/deps/pip.toml']) is older than 'C:/projects/kit-app-template/_build\.lastpippull'.
[2025-08-23 19:54:32,068][INFO][omni.repo.build.build.generate_projects:263] generating project from: C:/projects/kit-app-template/premake5.lua
[2025-08-23 19:54:32,069][INFO][omni.repo.man.utils.run_process:241] running process: C:/projects/kit-app-template/_build/host-deps\premake\bin\premake5.exe --file=C:/projects/kit-app-template/premake5.lua no-compile --platform-host=windows-x86_64 --scripts=C:\packman-repo\chk\repo_build\1.13.2\lua --platform-target=windows-x86_64 --linux-x86_64-cxx11-abi=True --solution-name=kit-app-template
[2025-08-23 19:54:32,871][INFO][omni.repo.man.entry.run:133] Running repo tool: repo_kit_pull_extensions@1.10.0. args: ['pull_extensions', 'setup']
[2025-08-23 19:54:32,872][INFO][omni.repo.man.configuration.set_token:231] Token: 'config' set to 'debug'
[2025-08-23 19:54:32,875][INFO][omni.repo.man.configuration.set_token:231] Token: 'config' set to 'release'
[2025-08-23 19:54:33,670][INFO][omni.repo.man.entry.run:133] Running repo tool: repo_build_number@1.88.2. args: ['build_number', '-o', 'c:/projects/kit-app-template/_build/windows-x86_64/debug/VERSION']
[2025-08-23 19:54:33,671][INFO][omni.repo.man.nvenv.get_git_hash:352] Getting Git hash for directory c:\projects\kit-app-template
[2025-08-23 19:54:33,671][INFO][omni.repo.man.nvenv.find_git_path:186] Searching for the location of Git
[2025-08-23 19:54:33,672][INFO][omni.repo.man.nvenv.find_git_path:201] Git 2.28.0-windows-x86_64 fetched by packman
[2025-08-23 19:54:33,672][INFO][omni.repo.man.nvenv.find_git_path:249] Git location: C:/packman-repo/chk/git/2.28.0-windows-x86_64\bin/git.exe
[2025-08-23 19:54:33,672][INFO][omni.repo.man.utils.run_process_return_output:301] running process: C:/packman-repo/chk/git/2.28.0-windows-x86_64\bin/git.exe rev-parse --git-dir
[2025-08-23 19:54:33,741][INFO][omni.repo.man.nvenv.execute_git:284] Calling Git with args: "rev-parse --short=8 HEAD". Try: 1. cwd: 'c:\projects\kit-app-template'
[2025-08-23 19:54:33,768][INFO][omni.repo.man.nvenv.execute_git:295] git call result:
	return code:0
	stdout: 72a92618

	stderr: 
[2025-08-23 19:54:33,768][INFO][omni.repo.man.utils.run_process_return_output:301] running process: C:/packman-repo/chk/git/2.28.0-windows-x86_64\bin/git.exe rev-parse --git-dir
[2025-08-23 19:54:33,792][INFO][omni.repo.man.nvenv.execute_git:284] Calling Git with args: "rev-parse --abbrev-ref HEAD". Try: 1. cwd: 'c:\projects\kit-app-template'
[2025-08-23 19:54:33,820][INFO][omni.repo.man.nvenv.execute_git:295] git call result:
	return code:0
	stdout: main

	stderr: 
[2025-08-23 19:54:33,821][INFO][omni.repo.man.build_number.print_log:182] Build number: '108.0+main.0.72a92618.local'
[2025-08-23 19:54:33,823][INFO][omni.repo.man.build_number.print_log:182] Written to file: 'c:\projects\kit-app-template\_build\windows-x86_64\debug\VERSION'
[2025-08-23 19:54:34,618][INFO][omni.repo.man.entry.run:133] Running repo tool: repo_build_number@1.88.2. args: ['build_number', '-o', 'c:/projects/kit-app-template/_build/windows-x86_64/release/VERSION']
[2025-08-23 19:54:34,618][INFO][omni.repo.man.nvenv.get_git_hash:352] Getting Git hash for directory c:\projects\kit-app-template
[2025-08-23 19:54:34,618][INFO][omni.repo.man.nvenv.find_git_path:186] Searching for the location of Git
[2025-08-23 19:54:34,619][INFO][omni.repo.man.nvenv.find_git_path:201] Git 2.28.0-windows-x86_64 fetched by packman
[2025-08-23 19:54:34,619][INFO][omni.repo.man.nvenv.find_git_path:249] Git location: C:/packman-repo/chk/git/2.28.0-windows-x86_64\bin/git.exe
[2025-08-23 19:54:34,619][INFO][omni.repo.man.utils.run_process_return_output:301] running process: C:/packman-repo/chk/git/2.28.0-windows-x86_64\bin/git.exe rev-parse --git-dir
[2025-08-23 19:54:34,647][INFO][omni.repo.man.nvenv.execute_git:284] Calling Git with args: "rev-parse --short=8 HEAD". Try: 1. cwd: 'c:\projects\kit-app-template'
[2025-08-23 19:54:34,673][INFO][omni.repo.man.nvenv.execute_git:295] git call result:
	return code:0
	stdout: 72a92618

	stderr: 
[2025-08-23 19:54:34,675][INFO][omni.repo.man.utils.run_process_return_output:301] running process: C:/packman-repo/chk/git/2.28.0-windows-x86_64\bin/git.exe rev-parse --git-dir
[2025-08-23 19:54:34,698][INFO][omni.repo.man.nvenv.execute_git:284] Calling Git with args: "rev-parse --abbrev-ref HEAD". Try: 1. cwd: 'c:\projects\kit-app-template'
[2025-08-23 19:54:34,724][INFO][omni.repo.man.nvenv.execute_git:295] git call result:
	return code:0
	stdout: main

	stderr: 
[2025-08-23 19:54:34,725][INFO][omni.repo.man.build_number.print_log:182] Build number: '108.0+main.0.72a92618.local'
[2025-08-23 19:54:34,727][INFO][omni.repo.man.build_number.print_log:182] Written to file: 'c:\projects\kit-app-template\_build\windows-x86_64\release\VERSION'
[2025-08-23 19:54:34,782][INFO][omni.repo.man.fileutils.copy_and_link_using_dict:532] Copy of 0 files took: 0.000 milliseconds.
[2025-08-23 19:54:34,783][INFO][omni.repo.man.fileutils.copy_and_link_using_dict:542] Creating links of 0 folders took: 0.000 milliseconds.
[2025-08-23 19:54:34,784][INFO][omni.repo.man.fileutils.copy_and_link_using_dict:532] Copy of 8 files took: 1.000 milliseconds.
[2025-08-23 19:54:34,788][INFO][omni.repo.man.fileutils.copy_and_link_using_dict:542] Creating links of 8 folders took: 4.166 milliseconds.
[2025-08-23 19:54:41,360][INFO][omni.repo.man.entry.run:133] Running repo tool: repo_launch@None. args: ['launch']
[2025-08-23 19:58:32,514][INFO][omni.repo.man.entry.run:133] Running repo tool: repo_build@1.13.2. args: ['build']
[2025-08-23 19:58:32,515][INFO][omni.repo.man.configuration.set_token:231] Token: 'platform_target' set to 'windows-x86_64'
[2025-08-23 19:58:32,515][INFO][omni.repo.man.configuration.set_token:231] Token: 'platform_target_abi' set to 'windows-x86_64'
[2025-08-23 19:58:32,515][INFO][omni.repo.man.utils.run_process:241] running process: powershell -Command "New-Item -ItemType Directory -Path C:/projects/kit-app-template/source/apps -ErrorAction SilentlyContinue" ; "Write-Host 'Done'"
[2025-08-23 19:58:32,671][INFO][omni.repo.build.dependencies.pull_files:275] Skipping project file (doesn't exist): C:/projects/kit-app-template/deps/host-deps.packman.xml
[2025-08-23 19:58:32,680][INFO][omni.repo.man.utils.run_process:241] running process: C:/projects/kit-app-template/repo.bat precache_exts -c release
[2025-08-23 19:58:33,402][INFO][omni.repo.man.entry.run:133] Running repo tool: repo_precache_exts@None. args: ['precache_exts', '-c', 'release']
[2025-08-23 19:58:33,403][INFO][omni.repo.precache_exts.run:315] precaching app: C:\projects\kit-app-template\source\apps\my_company.my_editor.kit
[2025-08-23 19:58:33,403][INFO][omni.repo.man.utils.run_process:241] running process: C:\projects\kit-app-template\_build\windows-x86_64\release\kit\kit.exe C:\projects\kit-app-template\source\apps\my_company.my_editor.kit --allow-root --portable --ext-precache-mode --/crashreporter/gatherUserStory=0 --/app/settings/persistent=0 --/app/settings/loadUserConfig=0 --/app/extensions/generateVersionLock=1 --/app/extensions/parallelPullEnabled=1 --/app/enableStdoutOutput=1 --/app/extensions/detailedSolverExplanation=1 --/app/extensions/registryEnabled=1 --/app/extensions/mkdirExtFolders=0 --/app/extensions/registryCacheFull='C:\projects\kit-app-template\_build\windows-x86_64\release\extscache' --/log/flushStandardStreamOutput=1 --/exts/omni.kit.registry.nucleus/registries/0/name=\"kit/default\" --/exts/omni.kit.registry.nucleus/registries/0/url=\"https://ovextensionsprod.blob.core.windows.net/exts/kit/prod/${kit_version_major}/shared\" --/exts/omni.kit.registry.nucleus/registries/1/name=\"kit/sdk\" --/exts/omni.kit.registry.nucleus/registries/1/url=\"https://ovextensionsprod.blob.core.windows.net/exts/kit/prod/sdk/${kit_version_short}/${kit_git_hash}\" --/exts/omni.kit.registry.nucleus/registries/2/name=\"kit/community\" --/exts/omni.kit.registry.nucleus/registries/2/url=\"https://dw290v42wisod.cloudfront.net/exts/kit/community\" --/app/extensions/target/config=release --ext-folder C:\projects\kit-app-template\source\extensions --ext-folder C:\projects\kit-app-template\source\apps --portable-root C:/projects/kit-app-template/_build/windows-x86_64/release --/app/extensions/generateVersionLockSkipLocalExts=1
[2025-08-23 19:58:33,663][INFO][omni.repo.build.pippull.pull_pip_dependencies:403] Skip pip pull of because is most recent config (['C:/projects/kit-app-template/tools/deps/pip.toml']) is older than 'C:/projects/kit-app-template/_build\.lastpippull'.
[2025-08-23 19:58:33,663][INFO][omni.repo.build.build.generate_projects:263] generating project from: C:/projects/kit-app-template/premake5.lua
[2025-08-23 19:58:33,663][INFO][omni.repo.man.utils.run_process:241] running process: C:/projects/kit-app-template/_build/host-deps\premake\bin\premake5.exe --file=C:/projects/kit-app-template/premake5.lua no-compile --platform-host=windows-x86_64 --scripts=C:\packman-repo\chk\repo_build\1.13.2\lua --platform-target=windows-x86_64 --linux-x86_64-cxx11-abi=True --solution-name=kit-app-template
[2025-08-23 19:58:34,454][INFO][omni.repo.man.entry.run:133] Running repo tool: repo_kit_pull_extensions@1.10.0. args: ['pull_extensions', 'setup']
[2025-08-23 19:58:34,454][INFO][omni.repo.man.configuration.set_token:231] Token: 'config' set to 'debug'
[2025-08-23 19:58:34,456][INFO][omni.repo.man.configuration.set_token:231] Token: 'config' set to 'release'
[2025-08-23 19:58:35,217][INFO][omni.repo.man.entry.run:133] Running repo tool: repo_build_number@1.88.2. args: ['build_number', '-o', 'c:/projects/kit-app-template/_build/windows-x86_64/debug/VERSION']
[2025-08-23 19:58:35,217][INFO][omni.repo.man.nvenv.get_git_hash:352] Getting Git hash for directory c:\projects\kit-app-template
[2025-08-23 19:58:35,217][INFO][omni.repo.man.nvenv.find_git_path:186] Searching for the location of Git
[2025-08-23 19:58:35,218][INFO][omni.repo.man.nvenv.find_git_path:201] Git 2.28.0-windows-x86_64 fetched by packman
[2025-08-23 19:58:35,218][INFO][omni.repo.man.nvenv.find_git_path:249] Git location: C:/packman-repo/chk/git/2.28.0-windows-x86_64\bin/git.exe
[2025-08-23 19:58:35,218][INFO][omni.repo.man.utils.run_process_return_output:301] running process: C:/packman-repo/chk/git/2.28.0-windows-x86_64\bin/git.exe rev-parse --git-dir
[2025-08-23 19:58:35,253][INFO][omni.repo.man.nvenv.execute_git:284] Calling Git with args: "rev-parse --short=8 HEAD". Try: 1. cwd: 'c:\projects\kit-app-template'
[2025-08-23 19:58:35,281][INFO][omni.repo.man.nvenv.execute_git:295] git call result:
	return code:0
	stdout: 72a92618

	stderr: 
[2025-08-23 19:58:35,281][INFO][omni.repo.man.utils.run_process_return_output:301] running process: C:/packman-repo/chk/git/2.28.0-windows-x86_64\bin/git.exe rev-parse --git-dir
[2025-08-23 19:58:35,305][INFO][omni.repo.man.nvenv.execute_git:284] Calling Git with args: "rev-parse --abbrev-ref HEAD". Try: 1. cwd: 'c:\projects\kit-app-template'
[2025-08-23 19:58:35,333][INFO][omni.repo.man.nvenv.execute_git:295] git call result:
	return code:0
	stdout: main

	stderr: 
[2025-08-23 19:58:35,333][INFO][omni.repo.man.build_number.print_log:182] Build number: '108.0+main.0.72a92618.local'
[2025-08-23 19:58:35,335][INFO][omni.repo.man.build_number.print_log:182] Written to file: 'c:\projects\kit-app-template\_build\windows-x86_64\debug\VERSION'
[2025-08-23 19:58:36,108][INFO][omni.repo.man.entry.run:133] Running repo tool: repo_build_number@1.88.2. args: ['build_number', '-o', 'c:/projects/kit-app-template/_build/windows-x86_64/release/VERSION']
[2025-08-23 19:58:36,108][INFO][omni.repo.man.nvenv.get_git_hash:352] Getting Git hash for directory c:\projects\kit-app-template
[2025-08-23 19:58:36,108][INFO][omni.repo.man.nvenv.find_git_path:186] Searching for the location of Git
[2025-08-23 19:58:36,109][INFO][omni.repo.man.nvenv.find_git_path:201] Git 2.28.0-windows-x86_64 fetched by packman
[2025-08-23 19:58:36,110][INFO][omni.repo.man.nvenv.find_git_path:249] Git location: C:/packman-repo/chk/git/2.28.0-windows-x86_64\bin/git.exe
[2025-08-23 19:58:36,110][INFO][omni.repo.man.utils.run_process_return_output:301] running process: C:/packman-repo/chk/git/2.28.0-windows-x86_64\bin/git.exe rev-parse --git-dir
[2025-08-23 19:58:36,137][INFO][omni.repo.man.nvenv.execute_git:284] Calling Git with args: "rev-parse --short=8 HEAD". Try: 1. cwd: 'c:\projects\kit-app-template'
[2025-08-23 19:58:36,168][INFO][omni.repo.man.nvenv.execute_git:295] git call result:
	return code:0
	stdout: 72a92618

	stderr: 
[2025-08-23 19:58:36,169][INFO][omni.repo.man.utils.run_process_return_output:301] running process: C:/packman-repo/chk/git/2.28.0-windows-x86_64\bin/git.exe rev-parse --git-dir
[2025-08-23 19:58:36,192][INFO][omni.repo.man.nvenv.execute_git:284] Calling Git with args: "rev-parse --abbrev-ref HEAD". Try: 1. cwd: 'c:\projects\kit-app-template'
[2025-08-23 19:58:36,219][INFO][omni.repo.man.nvenv.execute_git:295] git call result:
	return code:0
	stdout: main

	stderr: 
[2025-08-23 19:58:36,219][INFO][omni.repo.man.build_number.print_log:182] Build number: '108.0+main.0.72a92618.local'
[2025-08-23 19:58:36,221][INFO][omni.repo.man.build_number.print_log:182] Written to file: 'c:\projects\kit-app-template\_build\windows-x86_64\release\VERSION'
[2025-08-23 19:58:36,276][INFO][omni.repo.man.fileutils.copy_and_link_using_dict:532] Copy of 0 files took: 0.000 milliseconds.
[2025-08-23 19:58:36,276][INFO][omni.repo.man.fileutils.copy_and_link_using_dict:542] Creating links of 0 folders took: 0.000 milliseconds.
[2025-08-23 19:58:36,278][INFO][omni.repo.man.fileutils.copy_and_link_using_dict:532] Copy of 8 files took: 1.000 milliseconds.
[2025-08-23 19:58:36,281][INFO][omni.repo.man.fileutils.copy_and_link_using_dict:542] Creating links of 8 folders took: 2.999 milliseconds.
[2025-08-23 19:58:41,373][INFO][omni.repo.man.entry.run:133] Running repo tool: repo_launch@None. args: ['launch']
[2025-08-23 20:01:31,076][INFO][omni.repo.man.entry.run:133] Running repo tool: repo_build@1.13.2. args: ['build']
[2025-08-23 20:01:31,079][INFO][omni.repo.man.configuration.set_token:231] Token: 'platform_target' set to 'windows-x86_64'
[2025-08-23 20:01:31,079][INFO][omni.repo.man.configuration.set_token:231] Token: 'platform_target_abi' set to 'windows-x86_64'
[2025-08-23 20:01:31,079][INFO][omni.repo.man.utils.run_process:241] running process: powershell -Command "New-Item -ItemType Directory -Path C:/projects/kit-app-template/source/apps -ErrorAction SilentlyContinue" ; "Write-Host 'Done'"
[2025-08-23 20:01:31,227][INFO][omni.repo.build.dependencies.pull_files:275] Skipping project file (doesn't exist): C:/projects/kit-app-template/deps/host-deps.packman.xml
[2025-08-23 20:01:31,234][INFO][omni.repo.man.utils.run_process:241] running process: C:/projects/kit-app-template/repo.bat precache_exts -c release
[2025-08-23 20:01:31,972][INFO][omni.repo.man.entry.run:133] Running repo tool: repo_precache_exts@None. args: ['precache_exts', '-c', 'release']
[2025-08-23 20:01:31,973][INFO][omni.repo.precache_exts.run:315] precaching app: C:\projects\kit-app-template\source\apps\my_company.my_editor.kit
[2025-08-23 20:01:31,974][INFO][omni.repo.man.utils.run_process:241] running process: C:\projects\kit-app-template\_build\windows-x86_64\release\kit\kit.exe C:\projects\kit-app-template\source\apps\my_company.my_editor.kit --allow-root --portable --ext-precache-mode --/crashreporter/gatherUserStory=0 --/app/settings/persistent=0 --/app/settings/loadUserConfig=0 --/app/extensions/generateVersionLock=1 --/app/extensions/parallelPullEnabled=1 --/app/enableStdoutOutput=1 --/app/extensions/detailedSolverExplanation=1 --/app/extensions/registryEnabled=1 --/app/extensions/mkdirExtFolders=0 --/app/extensions/registryCacheFull='C:\projects\kit-app-template\_build\windows-x86_64\release\extscache' --/log/flushStandardStreamOutput=1 --/exts/omni.kit.registry.nucleus/registries/0/name=\"kit/default\" --/exts/omni.kit.registry.nucleus/registries/0/url=\"https://ovextensionsprod.blob.core.windows.net/exts/kit/prod/${kit_version_major}/shared\" --/exts/omni.kit.registry.nucleus/registries/1/name=\"kit/sdk\" --/exts/omni.kit.registry.nucleus/registries/1/url=\"https://ovextensionsprod.blob.core.windows.net/exts/kit/prod/sdk/${kit_version_short}/${kit_git_hash}\" --/exts/omni.kit.registry.nucleus/registries/2/name=\"kit/community\" --/exts/omni.kit.registry.nucleus/registries/2/url=\"https://dw290v42wisod.cloudfront.net/exts/kit/community\" --/app/extensions/target/config=release --ext-folder C:\projects\kit-app-template\source\extensions --ext-folder C:\projects\kit-app-template\source\apps --portable-root C:/projects/kit-app-template/_build/windows-x86_64/release --/app/extensions/generateVersionLockSkipLocalExts=1
[2025-08-23 20:01:32,234][INFO][omni.repo.build.pippull.pull_pip_dependencies:403] Skip pip pull of because is most recent config (['C:/projects/kit-app-template/tools/deps/pip.toml']) is older than 'C:/projects/kit-app-template/_build\.lastpippull'.
[2025-08-23 20:01:32,235][INFO][omni.repo.build.build.generate_projects:263] generating project from: C:/projects/kit-app-template/premake5.lua
[2025-08-23 20:01:32,235][INFO][omni.repo.man.utils.run_process:241] running process: C:/projects/kit-app-template/_build/host-deps\premake\bin\premake5.exe --file=C:/projects/kit-app-template/premake5.lua no-compile --platform-host=windows-x86_64 --scripts=C:\packman-repo\chk\repo_build\1.13.2\lua --platform-target=windows-x86_64 --linux-x86_64-cxx11-abi=True --solution-name=kit-app-template
[2025-08-23 20:01:33,040][INFO][omni.repo.man.entry.run:133] Running repo tool: repo_kit_pull_extensions@1.10.0. args: ['pull_extensions', 'setup']
[2025-08-23 20:01:33,040][INFO][omni.repo.man.configuration.set_token:231] Token: 'config' set to 'debug'
[2025-08-23 20:01:33,042][INFO][omni.repo.man.configuration.set_token:231] Token: 'config' set to 'release'
[2025-08-23 20:01:33,815][INFO][omni.repo.man.entry.run:133] Running repo tool: repo_build_number@1.88.2. args: ['build_number', '-o', 'c:/projects/kit-app-template/_build/windows-x86_64/debug/VERSION']
[2025-08-23 20:01:33,815][INFO][omni.repo.man.nvenv.get_git_hash:352] Getting Git hash for directory c:\projects\kit-app-template
[2025-08-23 20:01:33,815][INFO][omni.repo.man.nvenv.find_git_path:186] Searching for the location of Git
[2025-08-23 20:01:33,816][INFO][omni.repo.man.nvenv.find_git_path:201] Git 2.28.0-windows-x86_64 fetched by packman
[2025-08-23 20:01:33,816][INFO][omni.repo.man.nvenv.find_git_path:249] Git location: C:/packman-repo/chk/git/2.28.0-windows-x86_64\bin/git.exe
[2025-08-23 20:01:33,816][INFO][omni.repo.man.utils.run_process_return_output:301] running process: C:/packman-repo/chk/git/2.28.0-windows-x86_64\bin/git.exe rev-parse --git-dir
[2025-08-23 20:01:33,888][INFO][omni.repo.man.nvenv.execute_git:284] Calling Git with args: "rev-parse --short=8 HEAD". Try: 1. cwd: 'c:\projects\kit-app-template'
[2025-08-23 20:01:33,917][INFO][omni.repo.man.nvenv.execute_git:295] git call result:
	return code:0
	stdout: 72a92618

	stderr: 
[2025-08-23 20:01:33,917][INFO][omni.repo.man.utils.run_process_return_output:301] running process: C:/packman-repo/chk/git/2.28.0-windows-x86_64\bin/git.exe rev-parse --git-dir
[2025-08-23 20:01:33,943][INFO][omni.repo.man.nvenv.execute_git:284] Calling Git with args: "rev-parse --abbrev-ref HEAD". Try: 1. cwd: 'c:\projects\kit-app-template'
[2025-08-23 20:01:33,971][INFO][omni.repo.man.nvenv.execute_git:295] git call result:
	return code:0
	stdout: main

	stderr: 
[2025-08-23 20:01:33,972][INFO][omni.repo.man.build_number.print_log:182] Build number: '108.0+main.0.72a92618.local'
[2025-08-23 20:01:33,974][INFO][omni.repo.man.build_number.print_log:182] Written to file: 'c:\projects\kit-app-template\_build\windows-x86_64\debug\VERSION'
[2025-08-23 20:01:34,764][INFO][omni.repo.man.entry.run:133] Running repo tool: repo_build_number@1.88.2. args: ['build_number', '-o', 'c:/projects/kit-app-template/_build/windows-x86_64/release/VERSION']
[2025-08-23 20:01:34,765][INFO][omni.repo.man.nvenv.get_git_hash:352] Getting Git hash for directory c:\projects\kit-app-template
[2025-08-23 20:01:34,765][INFO][omni.repo.man.nvenv.find_git_path:186] Searching for the location of Git
[2025-08-23 20:01:34,766][INFO][omni.repo.man.nvenv.find_git_path:201] Git 2.28.0-windows-x86_64 fetched by packman
[2025-08-23 20:01:34,766][INFO][omni.repo.man.nvenv.find_git_path:249] Git location: C:/packman-repo/chk/git/2.28.0-windows-x86_64\bin/git.exe
[2025-08-23 20:01:34,766][INFO][omni.repo.man.utils.run_process_return_output:301] running process: C:/packman-repo/chk/git/2.28.0-windows-x86_64\bin/git.exe rev-parse --git-dir
[2025-08-23 20:01:34,794][INFO][omni.repo.man.nvenv.execute_git:284] Calling Git with args: "rev-parse --short=8 HEAD". Try: 1. cwd: 'c:\projects\kit-app-template'
[2025-08-23 20:01:34,823][INFO][omni.repo.man.nvenv.execute_git:295] git call result:
	return code:0
	stdout: 72a92618

	stderr: 
[2025-08-23 20:01:34,823][INFO][omni.repo.man.utils.run_process_return_output:301] running process: C:/packman-repo/chk/git/2.28.0-windows-x86_64\bin/git.exe rev-parse --git-dir
[2025-08-23 20:01:34,848][INFO][omni.repo.man.nvenv.execute_git:284] Calling Git with args: "rev-parse --abbrev-ref HEAD". Try: 1. cwd: 'c:\projects\kit-app-template'
[2025-08-23 20:01:34,877][INFO][omni.repo.man.nvenv.execute_git:295] git call result:
	return code:0
	stdout: main

	stderr: 
[2025-08-23 20:01:34,877][INFO][omni.repo.man.build_number.print_log:182] Build number: '108.0+main.0.72a92618.local'
[2025-08-23 20:01:34,879][INFO][omni.repo.man.build_number.print_log:182] Written to file: 'c:\projects\kit-app-template\_build\windows-x86_64\release\VERSION'
[2025-08-23 20:01:34,942][INFO][omni.repo.man.fileutils.copy_and_link_using_dict:532] Copy of 0 files took: 0.000 milliseconds.
[2025-08-23 20:01:34,942][INFO][omni.repo.man.fileutils.copy_and_link_using_dict:542] Creating links of 0 folders took: 0.000 milliseconds.
[2025-08-23 20:01:34,943][INFO][omni.repo.man.fileutils.copy_and_link_using_dict:532] Copy of 8 files took: 0.999 milliseconds.
[2025-08-23 20:01:34,947][INFO][omni.repo.man.fileutils.copy_and_link_using_dict:542] Creating links of 8 folders took: 3.198 milliseconds.
[2025-08-23 20:01:38,449][INFO][omni.repo.man.entry.run:133] Running repo tool: repo_launch@None. args: ['launch']
[2025-08-23 20:05:48,178][INFO][omni.repo.man.entry.run:133] Running repo tool: repo_build@1.13.2. args: ['build']
[2025-08-23 20:05:48,178][INFO][omni.repo.man.configuration.set_token:231] Token: 'platform_target' set to 'windows-x86_64'
[2025-08-23 20:05:48,178][INFO][omni.repo.man.configuration.set_token:231] Token: 'platform_target_abi' set to 'windows-x86_64'
[2025-08-23 20:05:48,178][INFO][omni.repo.man.utils.run_process:241] running process: powershell -Command "New-Item -ItemType Directory -Path C:/projects/kit-app-template/source/apps -ErrorAction SilentlyContinue" ; "Write-Host 'Done'"
[2025-08-23 20:05:48,339][INFO][omni.repo.build.dependencies.pull_files:275] Skipping project file (doesn't exist): C:/projects/kit-app-template/deps/host-deps.packman.xml
[2025-08-23 20:05:48,345][INFO][omni.repo.man.utils.run_process:241] running process: C:/projects/kit-app-template/repo.bat precache_exts -c release
[2025-08-23 20:05:49,087][INFO][omni.repo.man.entry.run:133] Running repo tool: repo_precache_exts@None. args: ['precache_exts', '-c', 'release']
[2025-08-23 20:05:49,088][INFO][omni.repo.precache_exts.run:315] precaching app: C:\projects\kit-app-template\source\apps\my_company.my_editor.kit
[2025-08-23 20:05:49,088][INFO][omni.repo.man.utils.run_process:241] running process: C:\projects\kit-app-template\_build\windows-x86_64\release\kit\kit.exe C:\projects\kit-app-template\source\apps\my_company.my_editor.kit --allow-root --portable --ext-precache-mode --/crashreporter/gatherUserStory=0 --/app/settings/persistent=0 --/app/settings/loadUserConfig=0 --/app/extensions/generateVersionLock=1 --/app/extensions/parallelPullEnabled=1 --/app/enableStdoutOutput=1 --/app/extensions/detailedSolverExplanation=1 --/app/extensions/registryEnabled=1 --/app/extensions/mkdirExtFolders=0 --/app/extensions/registryCacheFull='C:\projects\kit-app-template\_build\windows-x86_64\release\extscache' --/log/flushStandardStreamOutput=1 --/exts/omni.kit.registry.nucleus/registries/0/name=\"kit/default\" --/exts/omni.kit.registry.nucleus/registries/0/url=\"https://ovextensionsprod.blob.core.windows.net/exts/kit/prod/${kit_version_major}/shared\" --/exts/omni.kit.registry.nucleus/registries/1/name=\"kit/sdk\" --/exts/omni.kit.registry.nucleus/registries/1/url=\"https://ovextensionsprod.blob.core.windows.net/exts/kit/prod/sdk/${kit_version_short}/${kit_git_hash}\" --/exts/omni.kit.registry.nucleus/registries/2/name=\"kit/community\" --/exts/omni.kit.registry.nucleus/registries/2/url=\"https://dw290v42wisod.cloudfront.net/exts/kit/community\" --/app/extensions/target/config=release --ext-folder C:\projects\kit-app-template\source\extensions --ext-folder C:\projects\kit-app-template\source\apps --portable-root C:/projects/kit-app-template/_build/windows-x86_64/release --/app/extensions/generateVersionLockSkipLocalExts=1
[2025-08-23 20:05:49,345][INFO][omni.repo.build.pippull.pull_pip_dependencies:403] Skip pip pull of because is most recent config (['C:/projects/kit-app-template/tools/deps/pip.toml']) is older than 'C:/projects/kit-app-template/_build\.lastpippull'.
[2025-08-23 20:05:49,345][INFO][omni.repo.build.build.generate_projects:263] generating project from: C:/projects/kit-app-template/premake5.lua
[2025-08-23 20:05:49,347][INFO][omni.repo.man.utils.run_process:241] running process: C:/projects/kit-app-template/_build/host-deps\premake\bin\premake5.exe --file=C:/projects/kit-app-template/premake5.lua no-compile --platform-host=windows-x86_64 --scripts=C:\packman-repo\chk\repo_build\1.13.2\lua --platform-target=windows-x86_64 --linux-x86_64-cxx11-abi=True --solution-name=kit-app-template
[2025-08-23 20:05:50,150][INFO][omni.repo.man.entry.run:133] Running repo tool: repo_kit_pull_extensions@1.10.0. args: ['pull_extensions', 'setup']
[2025-08-23 20:05:50,151][INFO][omni.repo.man.configuration.set_token:231] Token: 'config' set to 'debug'
[2025-08-23 20:05:50,153][INFO][omni.repo.man.configuration.set_token:231] Token: 'config' set to 'release'
[2025-08-23 20:05:50,952][INFO][omni.repo.man.entry.run:133] Running repo tool: repo_build_number@1.88.2. args: ['build_number', '-o', 'c:/projects/kit-app-template/_build/windows-x86_64/debug/VERSION']
[2025-08-23 20:05:50,952][INFO][omni.repo.man.nvenv.get_git_hash:352] Getting Git hash for directory c:\projects\kit-app-template
[2025-08-23 20:05:50,953][INFO][omni.repo.man.nvenv.find_git_path:186] Searching for the location of Git
[2025-08-23 20:05:50,954][INFO][omni.repo.man.nvenv.find_git_path:201] Git 2.28.0-windows-x86_64 fetched by packman
[2025-08-23 20:05:50,954][INFO][omni.repo.man.nvenv.find_git_path:249] Git location: C:/packman-repo/chk/git/2.28.0-windows-x86_64\bin/git.exe
[2025-08-23 20:05:50,954][INFO][omni.repo.man.utils.run_process_return_output:301] running process: C:/packman-repo/chk/git/2.28.0-windows-x86_64\bin/git.exe rev-parse --git-dir
[2025-08-23 20:05:50,988][INFO][omni.repo.man.nvenv.execute_git:284] Calling Git with args: "rev-parse --short=8 HEAD". Try: 1. cwd: 'c:\projects\kit-app-template'
[2025-08-23 20:05:51,017][INFO][omni.repo.man.nvenv.execute_git:295] git call result:
	return code:0
	stdout: 72a92618

	stderr: 
[2025-08-23 20:05:51,017][INFO][omni.repo.man.utils.run_process_return_output:301] running process: C:/packman-repo/chk/git/2.28.0-windows-x86_64\bin/git.exe rev-parse --git-dir
[2025-08-23 20:05:51,041][INFO][omni.repo.man.nvenv.execute_git:284] Calling Git with args: "rev-parse --abbrev-ref HEAD". Try: 1. cwd: 'c:\projects\kit-app-template'
[2025-08-23 20:05:51,069][INFO][omni.repo.man.nvenv.execute_git:295] git call result:
	return code:0
	stdout: main

	stderr: 
[2025-08-23 20:05:51,070][INFO][omni.repo.man.build_number.print_log:182] Build number: '108.0+main.0.72a92618.local'
[2025-08-23 20:05:51,072][INFO][omni.repo.man.build_number.print_log:182] Written to file: 'c:\projects\kit-app-template\_build\windows-x86_64\debug\VERSION'
[2025-08-23 20:05:51,835][INFO][omni.repo.man.entry.run:133] Running repo tool: repo_build_number@1.88.2. args: ['build_number', '-o', 'c:/projects/kit-app-template/_build/windows-x86_64/release/VERSION']
[2025-08-23 20:05:51,835][INFO][omni.repo.man.nvenv.get_git_hash:352] Getting Git hash for directory c:\projects\kit-app-template
[2025-08-23 20:05:51,835][INFO][omni.repo.man.nvenv.find_git_path:186] Searching for the location of Git
[2025-08-23 20:05:51,836][INFO][omni.repo.man.nvenv.find_git_path:201] Git 2.28.0-windows-x86_64 fetched by packman
[2025-08-23 20:05:51,836][INFO][omni.repo.man.nvenv.find_git_path:249] Git location: C:/packman-repo/chk/git/2.28.0-windows-x86_64\bin/git.exe
[2025-08-23 20:05:51,836][INFO][omni.repo.man.utils.run_process_return_output:301] running process: C:/packman-repo/chk/git/2.28.0-windows-x86_64\bin/git.exe rev-parse --git-dir
[2025-08-23 20:05:51,865][INFO][omni.repo.man.nvenv.execute_git:284] Calling Git with args: "rev-parse --short=8 HEAD". Try: 1. cwd: 'c:\projects\kit-app-template'
[2025-08-23 20:05:51,893][INFO][omni.repo.man.nvenv.execute_git:295] git call result:
	return code:0
	stdout: 72a92618

	stderr: 
[2025-08-23 20:05:51,893][INFO][omni.repo.man.utils.run_process_return_output:301] running process: C:/packman-repo/chk/git/2.28.0-windows-x86_64\bin/git.exe rev-parse --git-dir
[2025-08-23 20:05:51,930][INFO][omni.repo.man.nvenv.execute_git:284] Calling Git with args: "rev-parse --abbrev-ref HEAD". Try: 1. cwd: 'c:\projects\kit-app-template'
[2025-08-23 20:05:51,957][INFO][omni.repo.man.nvenv.execute_git:295] git call result:
	return code:0
	stdout: main

	stderr: 
[2025-08-23 20:05:51,957][INFO][omni.repo.man.build_number.print_log:182] Build number: '108.0+main.0.72a92618.local'
[2025-08-23 20:05:51,960][INFO][omni.repo.man.build_number.print_log:182] Written to file: 'c:\projects\kit-app-template\_build\windows-x86_64\release\VERSION'
[2025-08-23 20:05:52,017][INFO][omni.repo.man.fileutils.copy_and_link_using_dict:532] Copy of 0 files took: 0.000 milliseconds.
[2025-08-23 20:05:52,017][INFO][omni.repo.man.fileutils.copy_and_link_using_dict:542] Creating links of 0 folders took: 0.000 milliseconds.
[2025-08-23 20:05:52,018][INFO][omni.repo.man.fileutils.copy_and_link_using_dict:532] Copy of 8 files took: 1.000 milliseconds.
[2025-08-23 20:05:52,021][INFO][omni.repo.man.fileutils.copy_and_link_using_dict:542] Creating links of 8 folders took: 3.001 milliseconds.
[2025-08-23 20:05:55,927][INFO][omni.repo.man.entry.run:133] Running repo tool: repo_launch@None. args: ['launch']
[2025-08-23 20:08:37,823][INFO][omni.repo.man.entry.run:133] Running repo tool: repo_build@1.13.2. args: ['build']
[2025-08-23 20:08:37,823][INFO][omni.repo.man.configuration.set_token:231] Token: 'platform_target' set to 'windows-x86_64'
[2025-08-23 20:08:37,823][INFO][omni.repo.man.configuration.set_token:231] Token: 'platform_target_abi' set to 'windows-x86_64'
[2025-08-23 20:08:37,824][INFO][omni.repo.man.utils.run_process:241] running process: powershell -Command "New-Item -ItemType Directory -Path C:/projects/kit-app-template/source/apps -ErrorAction SilentlyContinue" ; "Write-Host 'Done'"
[2025-08-23 20:08:38,030][INFO][omni.repo.build.dependencies.pull_files:275] Skipping project file (doesn't exist): C:/projects/kit-app-template/deps/host-deps.packman.xml
[2025-08-23 20:08:38,037][INFO][omni.repo.man.utils.run_process:241] running process: C:/projects/kit-app-template/repo.bat precache_exts -c release
[2025-08-23 20:08:38,788][INFO][omni.repo.man.entry.run:133] Running repo tool: repo_precache_exts@None. args: ['precache_exts', '-c', 'release']
[2025-08-23 20:08:38,789][INFO][omni.repo.precache_exts.run:315] precaching app: C:\projects\kit-app-template\source\apps\my_company.my_editor.kit
[2025-08-23 20:08:38,790][INFO][omni.repo.man.utils.run_process:241] running process: C:\projects\kit-app-template\_build\windows-x86_64\release\kit\kit.exe C:\projects\kit-app-template\source\apps\my_company.my_editor.kit --allow-root --portable --ext-precache-mode --/crashreporter/gatherUserStory=0 --/app/settings/persistent=0 --/app/settings/loadUserConfig=0 --/app/extensions/generateVersionLock=1 --/app/extensions/parallelPullEnabled=1 --/app/enableStdoutOutput=1 --/app/extensions/detailedSolverExplanation=1 --/app/extensions/registryEnabled=1 --/app/extensions/mkdirExtFolders=0 --/app/extensions/registryCacheFull='C:\projects\kit-app-template\_build\windows-x86_64\release\extscache' --/log/flushStandardStreamOutput=1 --/exts/omni.kit.registry.nucleus/registries/0/name=\"kit/default\" --/exts/omni.kit.registry.nucleus/registries/0/url=\"https://ovextensionsprod.blob.core.windows.net/exts/kit/prod/${kit_version_major}/shared\" --/exts/omni.kit.registry.nucleus/registries/1/name=\"kit/sdk\" --/exts/omni.kit.registry.nucleus/registries/1/url=\"https://ovextensionsprod.blob.core.windows.net/exts/kit/prod/sdk/${kit_version_short}/${kit_git_hash}\" --/exts/omni.kit.registry.nucleus/registries/2/name=\"kit/community\" --/exts/omni.kit.registry.nucleus/registries/2/url=\"https://dw290v42wisod.cloudfront.net/exts/kit/community\" --/app/extensions/target/config=release --ext-folder C:\projects\kit-app-template\source\extensions --ext-folder C:\projects\kit-app-template\source\apps --portable-root C:/projects/kit-app-template/_build/windows-x86_64/release --/app/extensions/generateVersionLockSkipLocalExts=1
[2025-08-23 20:08:39,052][INFO][omni.repo.build.pippull.pull_pip_dependencies:403] Skip pip pull of because is most recent config (['C:/projects/kit-app-template/tools/deps/pip.toml']) is older than 'C:/projects/kit-app-template/_build\.lastpippull'.
[2025-08-23 20:08:39,052][INFO][omni.repo.build.build.generate_projects:263] generating project from: C:/projects/kit-app-template/premake5.lua
[2025-08-23 20:08:39,052][INFO][omni.repo.man.utils.run_process:241] running process: C:/projects/kit-app-template/_build/host-deps\premake\bin\premake5.exe --file=C:/projects/kit-app-template/premake5.lua no-compile --platform-host=windows-x86_64 --scripts=C:\packman-repo\chk\repo_build\1.13.2\lua --platform-target=windows-x86_64 --linux-x86_64-cxx11-abi=True --solution-name=kit-app-template
[2025-08-23 20:08:39,878][INFO][omni.repo.man.entry.run:133] Running repo tool: repo_kit_pull_extensions@1.10.0. args: ['pull_extensions', 'setup']
[2025-08-23 20:08:39,879][INFO][omni.repo.man.configuration.set_token:231] Token: 'config' set to 'debug'
[2025-08-23 20:08:39,882][INFO][omni.repo.man.configuration.set_token:231] Token: 'config' set to 'release'
[2025-08-23 20:08:40,669][INFO][omni.repo.man.entry.run:133] Running repo tool: repo_build_number@1.88.2. args: ['build_number', '-o', 'c:/projects/kit-app-template/_build/windows-x86_64/debug/VERSION']
[2025-08-23 20:08:40,669][INFO][omni.repo.man.nvenv.get_git_hash:352] Getting Git hash for directory c:\projects\kit-app-template
[2025-08-23 20:08:40,670][INFO][omni.repo.man.nvenv.find_git_path:186] Searching for the location of Git
[2025-08-23 20:08:40,671][INFO][omni.repo.man.nvenv.find_git_path:201] Git 2.28.0-windows-x86_64 fetched by packman
[2025-08-23 20:08:40,671][INFO][omni.repo.man.nvenv.find_git_path:249] Git location: C:/packman-repo/chk/git/2.28.0-windows-x86_64\bin/git.exe
[2025-08-23 20:08:40,671][INFO][omni.repo.man.utils.run_process_return_output:301] running process: C:/packman-repo/chk/git/2.28.0-windows-x86_64\bin/git.exe rev-parse --git-dir
[2025-08-23 20:08:40,749][INFO][omni.repo.man.nvenv.execute_git:284] Calling Git with args: "rev-parse --short=8 HEAD". Try: 1. cwd: 'c:\projects\kit-app-template'
[2025-08-23 20:08:40,777][INFO][omni.repo.man.nvenv.execute_git:295] git call result:
	return code:0
	stdout: 72a92618

	stderr: 
[2025-08-23 20:08:40,778][INFO][omni.repo.man.utils.run_process_return_output:301] running process: C:/packman-repo/chk/git/2.28.0-windows-x86_64\bin/git.exe rev-parse --git-dir
[2025-08-23 20:08:40,805][INFO][omni.repo.man.nvenv.execute_git:284] Calling Git with args: "rev-parse --abbrev-ref HEAD". Try: 1. cwd: 'c:\projects\kit-app-template'
[2025-08-23 20:08:40,833][INFO][omni.repo.man.nvenv.execute_git:295] git call result:
	return code:0
	stdout: main

	stderr: 
[2025-08-23 20:08:40,834][INFO][omni.repo.man.build_number.print_log:182] Build number: '108.0+main.0.72a92618.local'
[2025-08-23 20:08:40,836][INFO][omni.repo.man.build_number.print_log:182] Written to file: 'c:\projects\kit-app-template\_build\windows-x86_64\debug\VERSION'
[2025-08-23 20:08:41,623][INFO][omni.repo.man.entry.run:133] Running repo tool: repo_build_number@1.88.2. args: ['build_number', '-o', 'c:/projects/kit-app-template/_build/windows-x86_64/release/VERSION']
[2025-08-23 20:08:41,623][INFO][omni.repo.man.nvenv.get_git_hash:352] Getting Git hash for directory c:\projects\kit-app-template
[2025-08-23 20:08:41,623][INFO][omni.repo.man.nvenv.find_git_path:186] Searching for the location of Git
[2025-08-23 20:08:41,625][INFO][omni.repo.man.nvenv.find_git_path:201] Git 2.28.0-windows-x86_64 fetched by packman
[2025-08-23 20:08:41,625][INFO][omni.repo.man.nvenv.find_git_path:249] Git location: C:/packman-repo/chk/git/2.28.0-windows-x86_64\bin/git.exe
[2025-08-23 20:08:41,625][INFO][omni.repo.man.utils.run_process_return_output:301] running process: C:/packman-repo/chk/git/2.28.0-windows-x86_64\bin/git.exe rev-parse --git-dir
[2025-08-23 20:08:41,654][INFO][omni.repo.man.nvenv.execute_git:284] Calling Git with args: "rev-parse --short=8 HEAD". Try: 1. cwd: 'c:\projects\kit-app-template'
[2025-08-23 20:08:41,682][INFO][omni.repo.man.nvenv.execute_git:295] git call result:
	return code:0
	stdout: 72a92618

	stderr: 
[2025-08-23 20:08:41,682][INFO][omni.repo.man.utils.run_process_return_output:301] running process: C:/packman-repo/chk/git/2.28.0-windows-x86_64\bin/git.exe rev-parse --git-dir
[2025-08-23 20:08:41,708][INFO][omni.repo.man.nvenv.execute_git:284] Calling Git with args: "rev-parse --abbrev-ref HEAD". Try: 1. cwd: 'c:\projects\kit-app-template'
[2025-08-23 20:08:41,736][INFO][omni.repo.man.nvenv.execute_git:295] git call result:
	return code:0
	stdout: main

	stderr: 
[2025-08-23 20:08:41,736][INFO][omni.repo.man.build_number.print_log:182] Build number: '108.0+main.0.72a92618.local'
[2025-08-23 20:08:41,739][INFO][omni.repo.man.build_number.print_log:182] Written to file: 'c:\projects\kit-app-template\_build\windows-x86_64\release\VERSION'
[2025-08-23 20:08:41,799][INFO][omni.repo.man.fileutils.copy_and_link_using_dict:532] Copy of 0 files took: 0.000 milliseconds.
[2025-08-23 20:08:41,800][INFO][omni.repo.man.fileutils.copy_and_link_using_dict:542] Creating links of 0 folders took: 0.000 milliseconds.
[2025-08-23 20:08:41,801][INFO][omni.repo.man.fileutils.copy_and_link_using_dict:532] Copy of 8 files took: 0.999 milliseconds.
[2025-08-23 20:08:41,804][INFO][omni.repo.man.fileutils.copy_and_link_using_dict:542] Creating links of 8 folders took: 3.002 milliseconds.
[2025-08-23 20:08:43,797][INFO][omni.repo.man.entry.run:133] Running repo tool: repo_launch@None. args: ['launch']
[2025-08-23 20:09:25,258][INFO][omni.repo.man.entry.run:133] Running repo tool: repo_build@1.13.2. args: ['build']
[2025-08-23 20:09:25,259][INFO][omni.repo.man.configuration.set_token:231] Token: 'platform_target' set to 'windows-x86_64'
[2025-08-23 20:09:25,259][INFO][omni.repo.man.configuration.set_token:231] Token: 'platform_target_abi' set to 'windows-x86_64'
[2025-08-23 20:09:25,259][INFO][omni.repo.man.utils.run_process:241] running process: powershell -Command "New-Item -ItemType Directory -Path C:/projects/kit-app-template/source/apps -ErrorAction SilentlyContinue" ; "Write-Host 'Done'"
[2025-08-23 20:09:25,415][INFO][omni.repo.build.dependencies.pull_files:275] Skipping project file (doesn't exist): C:/projects/kit-app-template/deps/host-deps.packman.xml
[2025-08-23 20:09:25,422][INFO][omni.repo.man.utils.run_process:241] running process: C:/projects/kit-app-template/repo.bat precache_exts -c release
[2025-08-23 20:09:26,185][INFO][omni.repo.man.entry.run:133] Running repo tool: repo_precache_exts@None. args: ['precache_exts', '-c', 'release']
[2025-08-23 20:09:26,186][INFO][omni.repo.precache_exts.run:315] precaching app: C:\projects\kit-app-template\source\apps\my_company.my_editor.kit
[2025-08-23 20:09:26,187][INFO][omni.repo.man.utils.run_process:241] running process: C:\projects\kit-app-template\_build\windows-x86_64\release\kit\kit.exe C:\projects\kit-app-template\source\apps\my_company.my_editor.kit --allow-root --portable --ext-precache-mode --/crashreporter/gatherUserStory=0 --/app/settings/persistent=0 --/app/settings/loadUserConfig=0 --/app/extensions/generateVersionLock=1 --/app/extensions/parallelPullEnabled=1 --/app/enableStdoutOutput=1 --/app/extensions/detailedSolverExplanation=1 --/app/extensions/registryEnabled=1 --/app/extensions/mkdirExtFolders=0 --/app/extensions/registryCacheFull='C:\projects\kit-app-template\_build\windows-x86_64\release\extscache' --/log/flushStandardStreamOutput=1 --/exts/omni.kit.registry.nucleus/registries/0/name=\"kit/default\" --/exts/omni.kit.registry.nucleus/registries/0/url=\"https://ovextensionsprod.blob.core.windows.net/exts/kit/prod/${kit_version_major}/shared\" --/exts/omni.kit.registry.nucleus/registries/1/name=\"kit/sdk\" --/exts/omni.kit.registry.nucleus/registries/1/url=\"https://ovextensionsprod.blob.core.windows.net/exts/kit/prod/sdk/${kit_version_short}/${kit_git_hash}\" --/exts/omni.kit.registry.nucleus/registries/2/name=\"kit/community\" --/exts/omni.kit.registry.nucleus/registries/2/url=\"https://dw290v42wisod.cloudfront.net/exts/kit/community\" --/app/extensions/target/config=release --ext-folder C:\projects\kit-app-template\source\extensions --ext-folder C:\projects\kit-app-template\source\apps --portable-root C:/projects/kit-app-template/_build/windows-x86_64/release --/app/extensions/generateVersionLockSkipLocalExts=1
[2025-08-23 20:09:26,439][INFO][omni.repo.build.pippull.pull_pip_dependencies:403] Skip pip pull of because is most recent config (['C:/projects/kit-app-template/tools/deps/pip.toml']) is older than 'C:/projects/kit-app-template/_build\.lastpippull'.
[2025-08-23 20:09:26,439][INFO][omni.repo.build.build.generate_projects:263] generating project from: C:/projects/kit-app-template/premake5.lua
[2025-08-23 20:09:26,439][INFO][omni.repo.man.utils.run_process:241] running process: C:/projects/kit-app-template/_build/host-deps\premake\bin\premake5.exe --file=C:/projects/kit-app-template/premake5.lua no-compile --platform-host=windows-x86_64 --scripts=C:\packman-repo\chk\repo_build\1.13.2\lua --platform-target=windows-x86_64 --linux-x86_64-cxx11-abi=True --solution-name=kit-app-template
[2025-08-23 20:09:27,254][INFO][omni.repo.man.entry.run:133] Running repo tool: repo_kit_pull_extensions@1.10.0. args: ['pull_extensions', 'setup']
[2025-08-23 20:09:27,255][INFO][omni.repo.man.configuration.set_token:231] Token: 'config' set to 'debug'
[2025-08-23 20:09:27,257][INFO][omni.repo.man.configuration.set_token:231] Token: 'config' set to 'release'
[2025-08-23 20:09:28,045][INFO][omni.repo.man.entry.run:133] Running repo tool: repo_build_number@1.88.2. args: ['build_number', '-o', 'c:/projects/kit-app-template/_build/windows-x86_64/debug/VERSION']
[2025-08-23 20:09:28,046][INFO][omni.repo.man.nvenv.get_git_hash:352] Getting Git hash for directory c:\projects\kit-app-template
[2025-08-23 20:09:28,046][INFO][omni.repo.man.nvenv.find_git_path:186] Searching for the location of Git
[2025-08-23 20:09:28,047][INFO][omni.repo.man.nvenv.find_git_path:201] Git 2.28.0-windows-x86_64 fetched by packman
[2025-08-23 20:09:28,047][INFO][omni.repo.man.nvenv.find_git_path:249] Git location: C:/packman-repo/chk/git/2.28.0-windows-x86_64\bin/git.exe
[2025-08-23 20:09:28,047][INFO][omni.repo.man.utils.run_process_return_output:301] running process: C:/packman-repo/chk/git/2.28.0-windows-x86_64\bin/git.exe rev-parse --git-dir
[2025-08-23 20:09:28,095][INFO][omni.repo.man.nvenv.execute_git:284] Calling Git with args: "rev-parse --short=8 HEAD". Try: 1. cwd: 'c:\projects\kit-app-template'
[2025-08-23 20:09:28,124][INFO][omni.repo.man.nvenv.execute_git:295] git call result:
	return code:0
	stdout: 72a92618

	stderr: 
[2025-08-23 20:09:28,124][INFO][omni.repo.man.utils.run_process_return_output:301] running process: C:/packman-repo/chk/git/2.28.0-windows-x86_64\bin/git.exe rev-parse --git-dir
[2025-08-23 20:09:28,148][INFO][omni.repo.man.nvenv.execute_git:284] Calling Git with args: "rev-parse --abbrev-ref HEAD". Try: 1. cwd: 'c:\projects\kit-app-template'
[2025-08-23 20:09:28,184][INFO][omni.repo.man.nvenv.execute_git:295] git call result:
	return code:0
	stdout: main

	stderr: 
[2025-08-23 20:09:28,185][INFO][omni.repo.man.build_number.print_log:182] Build number: '108.0+main.0.72a92618.local'
[2025-08-23 20:09:28,187][INFO][omni.repo.man.build_number.print_log:182] Written to file: 'c:\projects\kit-app-template\_build\windows-x86_64\debug\VERSION'
[2025-08-23 20:09:28,973][INFO][omni.repo.man.entry.run:133] Running repo tool: repo_build_number@1.88.2. args: ['build_number', '-o', 'c:/projects/kit-app-template/_build/windows-x86_64/release/VERSION']
[2025-08-23 20:09:28,973][INFO][omni.repo.man.nvenv.get_git_hash:352] Getting Git hash for directory c:\projects\kit-app-template
[2025-08-23 20:09:28,973][INFO][omni.repo.man.nvenv.find_git_path:186] Searching for the location of Git
[2025-08-23 20:09:28,975][INFO][omni.repo.man.nvenv.find_git_path:201] Git 2.28.0-windows-x86_64 fetched by packman
[2025-08-23 20:09:28,975][INFO][omni.repo.man.nvenv.find_git_path:249] Git location: C:/packman-repo/chk/git/2.28.0-windows-x86_64\bin/git.exe
[2025-08-23 20:09:28,975][INFO][omni.repo.man.utils.run_process_return_output:301] running process: C:/packman-repo/chk/git/2.28.0-windows-x86_64\bin/git.exe rev-parse --git-dir
[2025-08-23 20:09:29,006][INFO][omni.repo.man.nvenv.execute_git:284] Calling Git with args: "rev-parse --short=8 HEAD". Try: 1. cwd: 'c:\projects\kit-app-template'
[2025-08-23 20:09:29,036][INFO][omni.repo.man.nvenv.execute_git:295] git call result:
	return code:0
	stdout: 72a92618

	stderr: 
[2025-08-23 20:09:29,036][INFO][omni.repo.man.utils.run_process_return_output:301] running process: C:/packman-repo/chk/git/2.28.0-windows-x86_64\bin/git.exe rev-parse --git-dir
[2025-08-23 20:09:29,066][INFO][omni.repo.man.nvenv.execute_git:284] Calling Git with args: "rev-parse --abbrev-ref HEAD". Try: 1. cwd: 'c:\projects\kit-app-template'
[2025-08-23 20:09:29,093][INFO][omni.repo.man.nvenv.execute_git:295] git call result:
	return code:0
	stdout: main

	stderr: 
[2025-08-23 20:09:29,093][INFO][omni.repo.man.build_number.print_log:182] Build number: '108.0+main.0.72a92618.local'
[2025-08-23 20:09:29,095][INFO][omni.repo.man.build_number.print_log:182] Written to file: 'c:\projects\kit-app-template\_build\windows-x86_64\release\VERSION'
[2025-08-23 20:09:29,155][INFO][omni.repo.man.fileutils.copy_and_link_using_dict:532] Copy of 0 files took: 0.000 milliseconds.
[2025-08-23 20:09:29,155][INFO][omni.repo.man.fileutils.copy_and_link_using_dict:542] Creating links of 0 folders took: 0.000 milliseconds.
[2025-08-23 20:09:29,156][INFO][omni.repo.man.fileutils.copy_and_link_using_dict:532] Copy of 8 files took: 1.000 milliseconds.
[2025-08-23 20:09:29,159][INFO][omni.repo.man.fileutils.copy_and_link_using_dict:542] Creating links of 8 folders took: 1.992 milliseconds.
[2025-08-23 20:09:32,589][INFO][omni.repo.man.entry.run:133] Running repo tool: repo_launch@None. args: ['launch']
[2025-08-23 20:12:52,581][INFO][omni.repo.man.entry.run:133] Running repo tool: repo_build@1.13.2. args: ['build']
[2025-08-23 20:12:52,581][INFO][omni.repo.man.configuration.set_token:231] Token: 'platform_target' set to 'windows-x86_64'
[2025-08-23 20:12:52,581][INFO][omni.repo.man.configuration.set_token:231] Token: 'platform_target_abi' set to 'windows-x86_64'
[2025-08-23 20:12:52,582][INFO][omni.repo.man.utils.run_process:241] running process: powershell -Command "New-Item -ItemType Directory -Path C:/projects/kit-app-template/source/apps -ErrorAction SilentlyContinue" ; "Write-Host 'Done'"
[2025-08-23 20:12:52,729][INFO][omni.repo.build.dependencies.pull_files:275] Skipping project file (doesn't exist): C:/projects/kit-app-template/deps/host-deps.packman.xml
[2025-08-23 20:12:52,736][INFO][omni.repo.man.utils.run_process:241] running process: C:/projects/kit-app-template/repo.bat precache_exts -c release
[2025-08-23 20:12:53,475][INFO][omni.repo.man.entry.run:133] Running repo tool: repo_precache_exts@None. args: ['precache_exts', '-c', 'release']
[2025-08-23 20:12:53,476][INFO][omni.repo.precache_exts.run:315] precaching app: C:\projects\kit-app-template\source\apps\my_company.my_editor.kit
[2025-08-23 20:12:53,477][INFO][omni.repo.man.utils.run_process:241] running process: C:\projects\kit-app-template\_build\windows-x86_64\release\kit\kit.exe C:\projects\kit-app-template\source\apps\my_company.my_editor.kit --allow-root --portable --ext-precache-mode --/crashreporter/gatherUserStory=0 --/app/settings/persistent=0 --/app/settings/loadUserConfig=0 --/app/extensions/generateVersionLock=1 --/app/extensions/parallelPullEnabled=1 --/app/enableStdoutOutput=1 --/app/extensions/detailedSolverExplanation=1 --/app/extensions/registryEnabled=1 --/app/extensions/mkdirExtFolders=0 --/app/extensions/registryCacheFull='C:\projects\kit-app-template\_build\windows-x86_64\release\extscache' --/log/flushStandardStreamOutput=1 --/exts/omni.kit.registry.nucleus/registries/0/name=\"kit/default\" --/exts/omni.kit.registry.nucleus/registries/0/url=\"https://ovextensionsprod.blob.core.windows.net/exts/kit/prod/${kit_version_major}/shared\" --/exts/omni.kit.registry.nucleus/registries/1/name=\"kit/sdk\" --/exts/omni.kit.registry.nucleus/registries/1/url=\"https://ovextensionsprod.blob.core.windows.net/exts/kit/prod/sdk/${kit_version_short}/${kit_git_hash}\" --/exts/omni.kit.registry.nucleus/registries/2/name=\"kit/community\" --/exts/omni.kit.registry.nucleus/registries/2/url=\"https://dw290v42wisod.cloudfront.net/exts/kit/community\" --/app/extensions/target/config=release --ext-folder C:\projects\kit-app-template\source\extensions --ext-folder C:\projects\kit-app-template\source\apps --portable-root C:/projects/kit-app-template/_build/windows-x86_64/release --/app/extensions/generateVersionLockSkipLocalExts=1
[2025-08-23 20:12:53,734][INFO][omni.repo.build.pippull.pull_pip_dependencies:403] Skip pip pull of because is most recent config (['C:/projects/kit-app-template/tools/deps/pip.toml']) is older than 'C:/projects/kit-app-template/_build\.lastpippull'.
[2025-08-23 20:12:53,735][INFO][omni.repo.build.build.generate_projects:263] generating project from: C:/projects/kit-app-template/premake5.lua
[2025-08-23 20:12:53,735][INFO][omni.repo.man.utils.run_process:241] running process: C:/projects/kit-app-template/_build/host-deps\premake\bin\premake5.exe --file=C:/projects/kit-app-template/premake5.lua no-compile --platform-host=windows-x86_64 --scripts=C:\packman-repo\chk\repo_build\1.13.2\lua --platform-target=windows-x86_64 --linux-x86_64-cxx11-abi=True --solution-name=kit-app-template
[2025-08-23 20:12:54,564][INFO][omni.repo.man.entry.run:133] Running repo tool: repo_kit_pull_extensions@1.10.0. args: ['pull_extensions', 'setup']
[2025-08-23 20:12:54,565][INFO][omni.repo.man.configuration.set_token:231] Token: 'config' set to 'debug'
[2025-08-23 20:12:54,567][INFO][omni.repo.man.configuration.set_token:231] Token: 'config' set to 'release'
[2025-08-23 20:12:55,377][INFO][omni.repo.man.entry.run:133] Running repo tool: repo_build_number@1.88.2. args: ['build_number', '-o', 'c:/projects/kit-app-template/_build/windows-x86_64/debug/VERSION']
[2025-08-23 20:12:55,377][INFO][omni.repo.man.nvenv.get_git_hash:352] Getting Git hash for directory c:\projects\kit-app-template
[2025-08-23 20:12:55,377][INFO][omni.repo.man.nvenv.find_git_path:186] Searching for the location of Git
[2025-08-23 20:12:55,379][INFO][omni.repo.man.nvenv.find_git_path:201] Git 2.28.0-windows-x86_64 fetched by packman
[2025-08-23 20:12:55,379][INFO][omni.repo.man.nvenv.find_git_path:249] Git location: C:/packman-repo/chk/git/2.28.0-windows-x86_64\bin/git.exe
[2025-08-23 20:12:55,379][INFO][omni.repo.man.utils.run_process_return_output:301] running process: C:/packman-repo/chk/git/2.28.0-windows-x86_64\bin/git.exe rev-parse --git-dir
[2025-08-23 20:12:55,412][INFO][omni.repo.man.nvenv.execute_git:284] Calling Git with args: "rev-parse --short=8 HEAD". Try: 1. cwd: 'c:\projects\kit-app-template'
[2025-08-23 20:12:55,441][INFO][omni.repo.man.nvenv.execute_git:295] git call result:
	return code:0
	stdout: 72a92618

	stderr: 
[2025-08-23 20:12:55,441][INFO][omni.repo.man.utils.run_process_return_output:301] running process: C:/packman-repo/chk/git/2.28.0-windows-x86_64\bin/git.exe rev-parse --git-dir
[2025-08-23 20:12:55,467][INFO][omni.repo.man.nvenv.execute_git:284] Calling Git with args: "rev-parse --abbrev-ref HEAD". Try: 1. cwd: 'c:\projects\kit-app-template'
[2025-08-23 20:12:55,495][INFO][omni.repo.man.nvenv.execute_git:295] git call result:
	return code:0
	stdout: main

	stderr: 
[2025-08-23 20:12:55,495][INFO][omni.repo.man.build_number.print_log:182] Build number: '108.0+main.0.72a92618.local'
[2025-08-23 20:12:55,497][INFO][omni.repo.man.build_number.print_log:182] Written to file: 'c:\projects\kit-app-template\_build\windows-x86_64\debug\VERSION'
[2025-08-23 20:12:56,294][INFO][omni.repo.man.entry.run:133] Running repo tool: repo_build_number@1.88.2. args: ['build_number', '-o', 'c:/projects/kit-app-template/_build/windows-x86_64/release/VERSION']
[2025-08-23 20:12:56,294][INFO][omni.repo.man.nvenv.get_git_hash:352] Getting Git hash for directory c:\projects\kit-app-template
[2025-08-23 20:12:56,294][INFO][omni.repo.man.nvenv.find_git_path:186] Searching for the location of Git
[2025-08-23 20:12:56,295][INFO][omni.repo.man.nvenv.find_git_path:201] Git 2.28.0-windows-x86_64 fetched by packman
[2025-08-23 20:12:56,295][INFO][omni.repo.man.nvenv.find_git_path:249] Git location: C:/packman-repo/chk/git/2.28.0-windows-x86_64\bin/git.exe
[2025-08-23 20:12:56,295][INFO][omni.repo.man.utils.run_process_return_output:301] running process: C:/packman-repo/chk/git/2.28.0-windows-x86_64\bin/git.exe rev-parse --git-dir
[2025-08-23 20:12:56,324][INFO][omni.repo.man.nvenv.execute_git:284] Calling Git with args: "rev-parse --short=8 HEAD". Try: 1. cwd: 'c:\projects\kit-app-template'
[2025-08-23 20:12:56,352][INFO][omni.repo.man.nvenv.execute_git:295] git call result:
	return code:0
	stdout: 72a92618

	stderr: 
[2025-08-23 20:12:56,352][INFO][omni.repo.man.utils.run_process_return_output:301] running process: C:/packman-repo/chk/git/2.28.0-windows-x86_64\bin/git.exe rev-parse --git-dir
[2025-08-23 20:12:56,377][INFO][omni.repo.man.nvenv.execute_git:284] Calling Git with args: "rev-parse --abbrev-ref HEAD". Try: 1. cwd: 'c:\projects\kit-app-template'
[2025-08-23 20:12:56,406][INFO][omni.repo.man.nvenv.execute_git:295] git call result:
	return code:0
	stdout: main

	stderr: 
[2025-08-23 20:12:56,406][INFO][omni.repo.man.build_number.print_log:182] Build number: '108.0+main.0.72a92618.local'
[2025-08-23 20:12:56,408][INFO][omni.repo.man.build_number.print_log:182] Written to file: 'c:\projects\kit-app-template\_build\windows-x86_64\release\VERSION'
[2025-08-23 20:12:56,471][INFO][omni.repo.man.fileutils.copy_and_link_using_dict:532] Copy of 0 files took: 0.000 milliseconds.
[2025-08-23 20:12:56,471][INFO][omni.repo.man.fileutils.copy_and_link_using_dict:542] Creating links of 0 folders took: 0.000 milliseconds.
[2025-08-23 20:12:56,472][INFO][omni.repo.man.fileutils.copy_and_link_using_dict:532] Copy of 8 files took: 0.992 milliseconds.
[2025-08-23 20:12:56,475][INFO][omni.repo.man.fileutils.copy_and_link_using_dict:542] Creating links of 8 folders took: 3.000 milliseconds.
[2025-08-23 20:13:00,339][INFO][omni.repo.man.entry.run:133] Running repo tool: repo_launch@None. args: ['launch']
[2025-08-23 20:16:46,497][INFO][omni.repo.man.entry.run:133] Running repo tool: repo_build@1.13.2. args: ['build']
[2025-08-23 20:16:46,497][INFO][omni.repo.man.configuration.set_token:231] Token: 'platform_target' set to 'windows-x86_64'
[2025-08-23 20:16:46,497][INFO][omni.repo.man.configuration.set_token:231] Token: 'platform_target_abi' set to 'windows-x86_64'
[2025-08-23 20:16:46,498][INFO][omni.repo.man.utils.run_process:241] running process: powershell -Command "New-Item -ItemType Directory -Path C:/projects/kit-app-template/source/apps -ErrorAction SilentlyContinue" ; "Write-Host 'Done'"
[2025-08-23 20:16:46,716][INFO][omni.repo.build.dependencies.pull_files:275] Skipping project file (doesn't exist): C:/projects/kit-app-template/deps/host-deps.packman.xml
[2025-08-23 20:16:46,723][INFO][omni.repo.man.utils.run_process:241] running process: C:/projects/kit-app-template/repo.bat precache_exts -c release
[2025-08-23 20:16:47,626][INFO][omni.repo.man.entry.run:133] Running repo tool: repo_precache_exts@None. args: ['precache_exts', '-c', 'release']
[2025-08-23 20:16:47,627][INFO][omni.repo.precache_exts.run:315] precaching app: C:\projects\kit-app-template\source\apps\my_company.my_editor.kit
[2025-08-23 20:16:47,628][INFO][omni.repo.man.utils.run_process:241] running process: C:\projects\kit-app-template\_build\windows-x86_64\release\kit\kit.exe C:\projects\kit-app-template\source\apps\my_company.my_editor.kit --allow-root --portable --ext-precache-mode --/crashreporter/gatherUserStory=0 --/app/settings/persistent=0 --/app/settings/loadUserConfig=0 --/app/extensions/generateVersionLock=1 --/app/extensions/parallelPullEnabled=1 --/app/enableStdoutOutput=1 --/app/extensions/detailedSolverExplanation=1 --/app/extensions/registryEnabled=1 --/app/extensions/mkdirExtFolders=0 --/app/extensions/registryCacheFull='C:\projects\kit-app-template\_build\windows-x86_64\release\extscache' --/log/flushStandardStreamOutput=1 --/exts/omni.kit.registry.nucleus/registries/0/name=\"kit/default\" --/exts/omni.kit.registry.nucleus/registries/0/url=\"https://ovextensionsprod.blob.core.windows.net/exts/kit/prod/${kit_version_major}/shared\" --/exts/omni.kit.registry.nucleus/registries/1/name=\"kit/sdk\" --/exts/omni.kit.registry.nucleus/registries/1/url=\"https://ovextensionsprod.blob.core.windows.net/exts/kit/prod/sdk/${kit_version_short}/${kit_git_hash}\" --/exts/omni.kit.registry.nucleus/registries/2/name=\"kit/community\" --/exts/omni.kit.registry.nucleus/registries/2/url=\"https://dw290v42wisod.cloudfront.net/exts/kit/community\" --/app/extensions/target/config=release --ext-folder C:\projects\kit-app-template\source\extensions --ext-folder C:\projects\kit-app-template\source\apps --portable-root C:/projects/kit-app-template/_build/windows-x86_64/release --/app/extensions/generateVersionLockSkipLocalExts=1
[2025-08-23 20:16:47,984][INFO][omni.repo.build.pippull.pull_pip_dependencies:403] Skip pip pull of because is most recent config (['C:/projects/kit-app-template/tools/deps/pip.toml']) is older than 'C:/projects/kit-app-template/_build\.lastpippull'.
[2025-08-23 20:16:47,984][INFO][omni.repo.build.build.generate_projects:263] generating project from: C:/projects/kit-app-template/premake5.lua
[2025-08-23 20:16:47,984][INFO][omni.repo.man.utils.run_process:241] running process: C:/projects/kit-app-template/_build/host-deps\premake\bin\premake5.exe --file=C:/projects/kit-app-template/premake5.lua no-compile --platform-host=windows-x86_64 --scripts=C:\packman-repo\chk\repo_build\1.13.2\lua --platform-target=windows-x86_64 --linux-x86_64-cxx11-abi=True --solution-name=kit-app-template
[2025-08-23 20:16:48,859][INFO][omni.repo.man.entry.run:133] Running repo tool: repo_kit_pull_extensions@1.10.0. args: ['pull_extensions', 'setup']
[2025-08-23 20:16:48,859][INFO][omni.repo.man.configuration.set_token:231] Token: 'config' set to 'debug'
[2025-08-23 20:16:48,862][INFO][omni.repo.man.configuration.set_token:231] Token: 'config' set to 'release'
[2025-08-23 20:16:49,673][INFO][omni.repo.man.entry.run:133] Running repo tool: repo_build_number@1.88.2. args: ['build_number', '-o', 'c:/projects/kit-app-template/_build/windows-x86_64/debug/VERSION']
[2025-08-23 20:16:49,673][INFO][omni.repo.man.nvenv.get_git_hash:352] Getting Git hash for directory c:\projects\kit-app-template
[2025-08-23 20:16:49,673][INFO][omni.repo.man.nvenv.find_git_path:186] Searching for the location of Git
[2025-08-23 20:16:49,674][INFO][omni.repo.man.nvenv.find_git_path:201] Git 2.28.0-windows-x86_64 fetched by packman
[2025-08-23 20:16:49,675][INFO][omni.repo.man.nvenv.find_git_path:249] Git location: C:/packman-repo/chk/git/2.28.0-windows-x86_64\bin/git.exe
[2025-08-23 20:16:49,675][INFO][omni.repo.man.utils.run_process_return_output:301] running process: C:/packman-repo/chk/git/2.28.0-windows-x86_64\bin/git.exe rev-parse --git-dir
[2025-08-23 20:16:49,758][INFO][omni.repo.man.nvenv.execute_git:284] Calling Git with args: "rev-parse --short=8 HEAD". Try: 1. cwd: 'c:\projects\kit-app-template'
[2025-08-23 20:16:49,787][INFO][omni.repo.man.nvenv.execute_git:295] git call result:
	return code:0
	stdout: 72a92618

	stderr: 
[2025-08-23 20:16:49,787][INFO][omni.repo.man.utils.run_process_return_output:301] running process: C:/packman-repo/chk/git/2.28.0-windows-x86_64\bin/git.exe rev-parse --git-dir
[2025-08-23 20:16:49,812][INFO][omni.repo.man.nvenv.execute_git:284] Calling Git with args: "rev-parse --abbrev-ref HEAD". Try: 1. cwd: 'c:\projects\kit-app-template'
[2025-08-23 20:16:49,840][INFO][omni.repo.man.nvenv.execute_git:295] git call result:
	return code:0
	stdout: main

	stderr: 
[2025-08-23 20:16:49,840][INFO][omni.repo.man.build_number.print_log:182] Build number: '108.0+main.0.72a92618.local'
[2025-08-23 20:16:49,843][INFO][omni.repo.man.build_number.print_log:182] Written to file: 'c:\projects\kit-app-template\_build\windows-x86_64\debug\VERSION'
[2025-08-23 20:16:50,649][INFO][omni.repo.man.entry.run:133] Running repo tool: repo_build_number@1.88.2. args: ['build_number', '-o', 'c:/projects/kit-app-template/_build/windows-x86_64/release/VERSION']
[2025-08-23 20:16:50,649][INFO][omni.repo.man.nvenv.get_git_hash:352] Getting Git hash for directory c:\projects\kit-app-template
[2025-08-23 20:16:50,650][INFO][omni.repo.man.nvenv.find_git_path:186] Searching for the location of Git
[2025-08-23 20:16:50,651][INFO][omni.repo.man.nvenv.find_git_path:201] Git 2.28.0-windows-x86_64 fetched by packman
[2025-08-23 20:16:50,651][INFO][omni.repo.man.nvenv.find_git_path:249] Git location: C:/packman-repo/chk/git/2.28.0-windows-x86_64\bin/git.exe
[2025-08-23 20:16:50,651][INFO][omni.repo.man.utils.run_process_return_output:301] running process: C:/packman-repo/chk/git/2.28.0-windows-x86_64\bin/git.exe rev-parse --git-dir
[2025-08-23 20:16:50,680][INFO][omni.repo.man.nvenv.execute_git:284] Calling Git with args: "rev-parse --short=8 HEAD". Try: 1. cwd: 'c:\projects\kit-app-template'
[2025-08-23 20:16:50,708][INFO][omni.repo.man.nvenv.execute_git:295] git call result:
	return code:0
	stdout: 72a92618

	stderr: 
[2025-08-23 20:16:50,708][INFO][omni.repo.man.utils.run_process_return_output:301] running process: C:/packman-repo/chk/git/2.28.0-windows-x86_64\bin/git.exe rev-parse --git-dir
[2025-08-23 20:16:50,734][INFO][omni.repo.man.nvenv.execute_git:284] Calling Git with args: "rev-parse --abbrev-ref HEAD". Try: 1. cwd: 'c:\projects\kit-app-template'
[2025-08-23 20:16:50,762][INFO][omni.repo.man.nvenv.execute_git:295] git call result:
	return code:0
	stdout: main

	stderr: 
[2025-08-23 20:16:50,762][INFO][omni.repo.man.build_number.print_log:182] Build number: '108.0+main.0.72a92618.local'
[2025-08-23 20:16:50,764][INFO][omni.repo.man.build_number.print_log:182] Written to file: 'c:\projects\kit-app-template\_build\windows-x86_64\release\VERSION'
[2025-08-23 20:16:50,825][INFO][omni.repo.man.fileutils.copy_and_link_using_dict:532] Copy of 0 files took: 0.000 milliseconds.
[2025-08-23 20:16:50,825][INFO][omni.repo.man.fileutils.copy_and_link_using_dict:542] Creating links of 0 folders took: 0.000 milliseconds.
[2025-08-23 20:16:50,826][INFO][omni.repo.man.fileutils.copy_and_link_using_dict:532] Copy of 8 files took: 0.997 milliseconds.
[2025-08-23 20:16:50,829][INFO][omni.repo.man.fileutils.copy_and_link_using_dict:542] Creating links of 8 folders took: 1.994 milliseconds.
[2025-08-23 20:16:53,912][INFO][omni.repo.man.entry.run:133] Running repo tool: repo_launch@None. args: ['launch']
[2025-08-23 20:25:43,641][INFO][omni.repo.man.entry.run:133] Running repo tool: repo_build@1.13.2. args: ['build']
[2025-08-23 20:25:43,641][INFO][omni.repo.man.configuration.set_token:231] Token: 'platform_target' set to 'windows-x86_64'
[2025-08-23 20:25:43,641][INFO][omni.repo.man.configuration.set_token:231] Token: 'platform_target_abi' set to 'windows-x86_64'
[2025-08-23 20:25:43,642][INFO][omni.repo.man.utils.run_process:241] running process: powershell -Command "New-Item -ItemType Directory -Path C:/projects/kit-app-template/source/apps -ErrorAction SilentlyContinue" ; "Write-Host 'Done'"
[2025-08-23 20:25:43,851][INFO][omni.repo.build.dependencies.pull_files:275] Skipping project file (doesn't exist): C:/projects/kit-app-template/deps/host-deps.packman.xml
[2025-08-23 20:25:43,857][INFO][omni.repo.man.utils.run_process:241] running process: C:/projects/kit-app-template/repo.bat precache_exts -c release
[2025-08-23 20:25:44,618][INFO][omni.repo.man.entry.run:133] Running repo tool: repo_precache_exts@None. args: ['precache_exts', '-c', 'release']
[2025-08-23 20:25:44,619][INFO][omni.repo.precache_exts.run:315] precaching app: C:\projects\kit-app-template\source\apps\my_company.my_editor.kit
[2025-08-23 20:25:44,620][INFO][omni.repo.man.utils.run_process:241] running process: C:\projects\kit-app-template\_build\windows-x86_64\release\kit\kit.exe C:\projects\kit-app-template\source\apps\my_company.my_editor.kit --allow-root --portable --ext-precache-mode --/crashreporter/gatherUserStory=0 --/app/settings/persistent=0 --/app/settings/loadUserConfig=0 --/app/extensions/generateVersionLock=1 --/app/extensions/parallelPullEnabled=1 --/app/enableStdoutOutput=1 --/app/extensions/detailedSolverExplanation=1 --/app/extensions/registryEnabled=1 --/app/extensions/mkdirExtFolders=0 --/app/extensions/registryCacheFull='C:\projects\kit-app-template\_build\windows-x86_64\release\extscache' --/log/flushStandardStreamOutput=1 --/exts/omni.kit.registry.nucleus/registries/0/name=\"kit/default\" --/exts/omni.kit.registry.nucleus/registries/0/url=\"https://ovextensionsprod.blob.core.windows.net/exts/kit/prod/${kit_version_major}/shared\" --/exts/omni.kit.registry.nucleus/registries/1/name=\"kit/sdk\" --/exts/omni.kit.registry.nucleus/registries/1/url=\"https://ovextensionsprod.blob.core.windows.net/exts/kit/prod/sdk/${kit_version_short}/${kit_git_hash}\" --/exts/omni.kit.registry.nucleus/registries/2/name=\"kit/community\" --/exts/omni.kit.registry.nucleus/registries/2/url=\"https://dw290v42wisod.cloudfront.net/exts/kit/community\" --/app/extensions/target/config=release --ext-folder C:\projects\kit-app-template\source\extensions --ext-folder C:\projects\kit-app-template\source\apps --portable-root C:/projects/kit-app-template/_build/windows-x86_64/release --/app/extensions/generateVersionLockSkipLocalExts=1
[2025-08-23 20:25:44,881][INFO][omni.repo.build.pippull.pull_pip_dependencies:403] Skip pip pull of because is most recent config (['C:/projects/kit-app-template/tools/deps/pip.toml']) is older than 'C:/projects/kit-app-template/_build\.lastpippull'.
[2025-08-23 20:25:44,881][INFO][omni.repo.build.build.generate_projects:263] generating project from: C:/projects/kit-app-template/premake5.lua
[2025-08-23 20:25:44,881][INFO][omni.repo.man.utils.run_process:241] running process: C:/projects/kit-app-template/_build/host-deps\premake\bin\premake5.exe --file=C:/projects/kit-app-template/premake5.lua no-compile --platform-host=windows-x86_64 --scripts=C:\packman-repo\chk\repo_build\1.13.2\lua --platform-target=windows-x86_64 --linux-x86_64-cxx11-abi=True --solution-name=kit-app-template
[2025-08-23 20:25:45,722][INFO][omni.repo.man.entry.run:133] Running repo tool: repo_kit_pull_extensions@1.10.0. args: ['pull_extensions', 'setup']
[2025-08-23 20:25:45,723][INFO][omni.repo.man.configuration.set_token:231] Token: 'config' set to 'debug'
[2025-08-23 20:25:45,726][INFO][omni.repo.man.configuration.set_token:231] Token: 'config' set to 'release'
[2025-08-23 20:25:46,527][INFO][omni.repo.man.entry.run:133] Running repo tool: repo_build_number@1.88.2. args: ['build_number', '-o', 'c:/projects/kit-app-template/_build/windows-x86_64/debug/VERSION']
[2025-08-23 20:25:46,528][INFO][omni.repo.man.nvenv.get_git_hash:352] Getting Git hash for directory c:\projects\kit-app-template
[2025-08-23 20:25:46,528][INFO][omni.repo.man.nvenv.find_git_path:186] Searching for the location of Git
[2025-08-23 20:25:46,529][INFO][omni.repo.man.nvenv.find_git_path:201] Git 2.28.0-windows-x86_64 fetched by packman
[2025-08-23 20:25:46,529][INFO][omni.repo.man.nvenv.find_git_path:249] Git location: C:/packman-repo/chk/git/2.28.0-windows-x86_64\bin/git.exe
[2025-08-23 20:25:46,529][INFO][omni.repo.man.utils.run_process_return_output:301] running process: C:/packman-repo/chk/git/2.28.0-windows-x86_64\bin/git.exe rev-parse --git-dir
[2025-08-23 20:25:46,566][INFO][omni.repo.man.nvenv.execute_git:284] Calling Git with args: "rev-parse --short=8 HEAD". Try: 1. cwd: 'c:\projects\kit-app-template'
[2025-08-23 20:25:46,594][INFO][omni.repo.man.nvenv.execute_git:295] git call result:
	return code:0
	stdout: 72a92618

	stderr: 
[2025-08-23 20:25:46,595][INFO][omni.repo.man.utils.run_process_return_output:301] running process: C:/packman-repo/chk/git/2.28.0-windows-x86_64\bin/git.exe rev-parse --git-dir
[2025-08-23 20:25:46,620][INFO][omni.repo.man.nvenv.execute_git:284] Calling Git with args: "rev-parse --abbrev-ref HEAD". Try: 1. cwd: 'c:\projects\kit-app-template'
[2025-08-23 20:25:46,648][INFO][omni.repo.man.nvenv.execute_git:295] git call result:
	return code:0
	stdout: main

	stderr: 
[2025-08-23 20:25:46,649][INFO][omni.repo.man.build_number.print_log:182] Build number: '108.0+main.0.72a92618.local'
[2025-08-23 20:25:46,651][INFO][omni.repo.man.build_number.print_log:182] Written to file: 'c:\projects\kit-app-template\_build\windows-x86_64\debug\VERSION'
[2025-08-23 20:25:47,449][INFO][omni.repo.man.entry.run:133] Running repo tool: repo_build_number@1.88.2. args: ['build_number', '-o', 'c:/projects/kit-app-template/_build/windows-x86_64/release/VERSION']
[2025-08-23 20:25:47,449][INFO][omni.repo.man.nvenv.get_git_hash:352] Getting Git hash for directory c:\projects\kit-app-template
[2025-08-23 20:25:47,449][INFO][omni.repo.man.nvenv.find_git_path:186] Searching for the location of Git
[2025-08-23 20:25:47,450][INFO][omni.repo.man.nvenv.find_git_path:201] Git 2.28.0-windows-x86_64 fetched by packman
[2025-08-23 20:25:47,450][INFO][omni.repo.man.nvenv.find_git_path:249] Git location: C:/packman-repo/chk/git/2.28.0-windows-x86_64\bin/git.exe
[2025-08-23 20:25:47,451][INFO][omni.repo.man.utils.run_process_return_output:301] running process: C:/packman-repo/chk/git/2.28.0-windows-x86_64\bin/git.exe rev-parse --git-dir
[2025-08-23 20:25:47,479][INFO][omni.repo.man.nvenv.execute_git:284] Calling Git with args: "rev-parse --short=8 HEAD". Try: 1. cwd: 'c:\projects\kit-app-template'
[2025-08-23 20:25:47,507][INFO][omni.repo.man.nvenv.execute_git:295] git call result:
	return code:0
	stdout: 72a92618

	stderr: 
[2025-08-23 20:25:47,507][INFO][omni.repo.man.utils.run_process_return_output:301] running process: C:/packman-repo/chk/git/2.28.0-windows-x86_64\bin/git.exe rev-parse --git-dir
[2025-08-23 20:25:47,532][INFO][omni.repo.man.nvenv.execute_git:284] Calling Git with args: "rev-parse --abbrev-ref HEAD". Try: 1. cwd: 'c:\projects\kit-app-template'
[2025-08-23 20:25:47,560][INFO][omni.repo.man.nvenv.execute_git:295] git call result:
	return code:0
	stdout: main

	stderr: 
[2025-08-23 20:25:47,561][INFO][omni.repo.man.build_number.print_log:182] Build number: '108.0+main.0.72a92618.local'
[2025-08-23 20:25:47,563][INFO][omni.repo.man.build_number.print_log:182] Written to file: 'c:\projects\kit-app-template\_build\windows-x86_64\release\VERSION'
[2025-08-23 20:25:47,621][INFO][omni.repo.man.fileutils.copy_and_link_using_dict:532] Copy of 0 files took: 0.000 milliseconds.
[2025-08-23 20:25:47,621][INFO][omni.repo.man.fileutils.copy_and_link_using_dict:542] Creating links of 0 folders took: 0.000 milliseconds.
[2025-08-23 20:25:47,622][INFO][omni.repo.man.fileutils.copy_and_link_using_dict:532] Copy of 8 files took: 1.016 milliseconds.
[2025-08-23 20:25:47,625][INFO][omni.repo.man.fileutils.copy_and_link_using_dict:542] Creating links of 8 folders took: 1.992 milliseconds.
[2025-08-23 20:26:17,686][INFO][omni.repo.man.entry.run:133] Running repo tool: repo_launch@None. args: ['launch']
[2025-08-23 20:28:04,458][INFO][omni.repo.man.entry.run:133] Running repo tool: repo_build@1.13.2. args: ['build']
[2025-08-23 20:28:04,459][INFO][omni.repo.man.configuration.set_token:231] Token: 'platform_target' set to 'windows-x86_64'
[2025-08-23 20:28:04,459][INFO][omni.repo.man.configuration.set_token:231] Token: 'platform_target_abi' set to 'windows-x86_64'
[2025-08-23 20:28:04,459][INFO][omni.repo.man.utils.run_process:241] running process: powershell -Command "New-Item -ItemType Directory -Path C:/projects/kit-app-template/source/apps -ErrorAction SilentlyContinue" ; "Write-Host 'Done'"
[2025-08-23 20:28:04,614][INFO][omni.repo.build.dependencies.pull_files:275] Skipping project file (doesn't exist): C:/projects/kit-app-template/deps/host-deps.packman.xml
[2025-08-23 20:28:04,621][INFO][omni.repo.man.utils.run_process:241] running process: C:/projects/kit-app-template/repo.bat precache_exts -c release
[2025-08-23 20:28:05,371][INFO][omni.repo.man.entry.run:133] Running repo tool: repo_precache_exts@None. args: ['precache_exts', '-c', 'release']
[2025-08-23 20:28:05,372][INFO][omni.repo.precache_exts.run:315] precaching app: C:\projects\kit-app-template\source\apps\my_company.my_editor.kit
[2025-08-23 20:28:05,373][INFO][omni.repo.man.utils.run_process:241] running process: C:\projects\kit-app-template\_build\windows-x86_64\release\kit\kit.exe C:\projects\kit-app-template\source\apps\my_company.my_editor.kit --allow-root --portable --ext-precache-mode --/crashreporter/gatherUserStory=0 --/app/settings/persistent=0 --/app/settings/loadUserConfig=0 --/app/extensions/generateVersionLock=1 --/app/extensions/parallelPullEnabled=1 --/app/enableStdoutOutput=1 --/app/extensions/detailedSolverExplanation=1 --/app/extensions/registryEnabled=1 --/app/extensions/mkdirExtFolders=0 --/app/extensions/registryCacheFull='C:\projects\kit-app-template\_build\windows-x86_64\release\extscache' --/log/flushStandardStreamOutput=1 --/exts/omni.kit.registry.nucleus/registries/0/name=\"kit/default\" --/exts/omni.kit.registry.nucleus/registries/0/url=\"https://ovextensionsprod.blob.core.windows.net/exts/kit/prod/${kit_version_major}/shared\" --/exts/omni.kit.registry.nucleus/registries/1/name=\"kit/sdk\" --/exts/omni.kit.registry.nucleus/registries/1/url=\"https://ovextensionsprod.blob.core.windows.net/exts/kit/prod/sdk/${kit_version_short}/${kit_git_hash}\" --/exts/omni.kit.registry.nucleus/registries/2/name=\"kit/community\" --/exts/omni.kit.registry.nucleus/registries/2/url=\"https://dw290v42wisod.cloudfront.net/exts/kit/community\" --/app/extensions/target/config=release --ext-folder C:\projects\kit-app-template\source\extensions --ext-folder C:\projects\kit-app-template\source\apps --portable-root C:/projects/kit-app-template/_build/windows-x86_64/release --/app/extensions/generateVersionLockSkipLocalExts=1
[2025-08-23 20:28:05,630][INFO][omni.repo.build.pippull.pull_pip_dependencies:403] Skip pip pull of because is most recent config (['C:/projects/kit-app-template/tools/deps/pip.toml']) is older than 'C:/projects/kit-app-template/_build\.lastpippull'.
[2025-08-23 20:28:05,630][INFO][omni.repo.build.build.generate_projects:263] generating project from: C:/projects/kit-app-template/premake5.lua
[2025-08-23 20:28:05,630][INFO][omni.repo.man.utils.run_process:241] running process: C:/projects/kit-app-template/_build/host-deps\premake\bin\premake5.exe --file=C:/projects/kit-app-template/premake5.lua no-compile --platform-host=windows-x86_64 --scripts=C:\packman-repo\chk\repo_build\1.13.2\lua --platform-target=windows-x86_64 --linux-x86_64-cxx11-abi=True --solution-name=kit-app-template
[2025-08-23 20:28:06,452][INFO][omni.repo.man.entry.run:133] Running repo tool: repo_kit_pull_extensions@1.10.0. args: ['pull_extensions', 'setup']
[2025-08-23 20:28:06,453][INFO][omni.repo.man.configuration.set_token:231] Token: 'config' set to 'debug'
[2025-08-23 20:28:06,455][INFO][omni.repo.man.configuration.set_token:231] Token: 'config' set to 'release'
[2025-08-23 20:28:07,248][INFO][omni.repo.man.entry.run:133] Running repo tool: repo_build_number@1.88.2. args: ['build_number', '-o', 'c:/projects/kit-app-template/_build/windows-x86_64/debug/VERSION']
[2025-08-23 20:28:07,249][INFO][omni.repo.man.nvenv.get_git_hash:352] Getting Git hash for directory c:\projects\kit-app-template
[2025-08-23 20:28:07,249][INFO][omni.repo.man.nvenv.find_git_path:186] Searching for the location of Git
[2025-08-23 20:28:07,250][INFO][omni.repo.man.nvenv.find_git_path:201] Git 2.28.0-windows-x86_64 fetched by packman
[2025-08-23 20:28:07,250][INFO][omni.repo.man.nvenv.find_git_path:249] Git location: C:/packman-repo/chk/git/2.28.0-windows-x86_64\bin/git.exe
[2025-08-23 20:28:07,250][INFO][omni.repo.man.utils.run_process_return_output:301] running process: C:/packman-repo/chk/git/2.28.0-windows-x86_64\bin/git.exe rev-parse --git-dir
[2025-08-23 20:28:07,323][INFO][omni.repo.man.nvenv.execute_git:284] Calling Git with args: "rev-parse --short=8 HEAD". Try: 1. cwd: 'c:\projects\kit-app-template'
[2025-08-23 20:28:07,351][INFO][omni.repo.man.nvenv.execute_git:295] git call result:
	return code:0
	stdout: 72a92618

	stderr: 
[2025-08-23 20:28:07,352][INFO][omni.repo.man.utils.run_process_return_output:301] running process: C:/packman-repo/chk/git/2.28.0-windows-x86_64\bin/git.exe rev-parse --git-dir
[2025-08-23 20:28:07,376][INFO][omni.repo.man.nvenv.execute_git:284] Calling Git with args: "rev-parse --abbrev-ref HEAD". Try: 1. cwd: 'c:\projects\kit-app-template'
[2025-08-23 20:28:07,404][INFO][omni.repo.man.nvenv.execute_git:295] git call result:
	return code:0
	stdout: main

	stderr: 
[2025-08-23 20:28:07,404][INFO][omni.repo.man.build_number.print_log:182] Build number: '108.0+main.0.72a92618.local'
[2025-08-23 20:28:07,406][INFO][omni.repo.man.build_number.print_log:182] Written to file: 'c:\projects\kit-app-template\_build\windows-x86_64\debug\VERSION'
[2025-08-23 20:28:08,195][INFO][omni.repo.man.entry.run:133] Running repo tool: repo_build_number@1.88.2. args: ['build_number', '-o', 'c:/projects/kit-app-template/_build/windows-x86_64/release/VERSION']
[2025-08-23 20:28:08,195][INFO][omni.repo.man.nvenv.get_git_hash:352] Getting Git hash for directory c:\projects\kit-app-template
[2025-08-23 20:28:08,195][INFO][omni.repo.man.nvenv.find_git_path:186] Searching for the location of Git
[2025-08-23 20:28:08,196][INFO][omni.repo.man.nvenv.find_git_path:201] Git 2.28.0-windows-x86_64 fetched by packman
[2025-08-23 20:28:08,197][INFO][omni.repo.man.nvenv.find_git_path:249] Git location: C:/packman-repo/chk/git/2.28.0-windows-x86_64\bin/git.exe
[2025-08-23 20:28:08,197][INFO][omni.repo.man.utils.run_process_return_output:301] running process: C:/packman-repo/chk/git/2.28.0-windows-x86_64\bin/git.exe rev-parse --git-dir
[2025-08-23 20:28:08,225][INFO][omni.repo.man.nvenv.execute_git:284] Calling Git with args: "rev-parse --short=8 HEAD". Try: 1. cwd: 'c:\projects\kit-app-template'
[2025-08-23 20:28:08,253][INFO][omni.repo.man.nvenv.execute_git:295] git call result:
	return code:0
	stdout: 72a92618

	stderr: 
[2025-08-23 20:28:08,253][INFO][omni.repo.man.utils.run_process_return_output:301] running process: C:/packman-repo/chk/git/2.28.0-windows-x86_64\bin/git.exe rev-parse --git-dir
[2025-08-23 20:28:08,278][INFO][omni.repo.man.nvenv.execute_git:284] Calling Git with args: "rev-parse --abbrev-ref HEAD". Try: 1. cwd: 'c:\projects\kit-app-template'
[2025-08-23 20:28:08,306][INFO][omni.repo.man.nvenv.execute_git:295] git call result:
	return code:0
	stdout: main

	stderr: 
[2025-08-23 20:28:08,306][INFO][omni.repo.man.build_number.print_log:182] Build number: '108.0+main.0.72a92618.local'
[2025-08-23 20:28:08,308][INFO][omni.repo.man.build_number.print_log:182] Written to file: 'c:\projects\kit-app-template\_build\windows-x86_64\release\VERSION'
[2025-08-23 20:28:08,394][INFO][omni.repo.man.fileutils.copy_and_link_using_dict:532] Copy of 0 files took: 0.000 milliseconds.
[2025-08-23 20:28:08,394][INFO][omni.repo.man.fileutils.copy_and_link_using_dict:542] Creating links of 0 folders took: 0.000 milliseconds.
[2025-08-23 20:28:08,395][INFO][omni.repo.man.fileutils.copy_and_link_using_dict:532] Copy of 8 files took: 1.000 milliseconds.
[2025-08-23 20:28:08,399][INFO][omni.repo.man.fileutils.copy_and_link_using_dict:542] Creating links of 8 folders took: 4.086 milliseconds.
[2025-08-23 20:28:15,432][INFO][omni.repo.man.entry.run:133] Running repo tool: repo_launch@None. args: ['launch']
[2025-08-23 20:30:00,794][INFO][omni.repo.man.entry.run:133] Running repo tool: repo_build@1.13.2. args: ['build']
[2025-08-23 20:30:00,794][INFO][omni.repo.man.configuration.set_token:231] Token: 'platform_target' set to 'windows-x86_64'
[2025-08-23 20:30:00,794][INFO][omni.repo.man.configuration.set_token:231] Token: 'platform_target_abi' set to 'windows-x86_64'
[2025-08-23 20:30:00,795][INFO][omni.repo.man.utils.run_process:241] running process: powershell -Command "New-Item -ItemType Directory -Path C:/projects/kit-app-template/source/apps -ErrorAction SilentlyContinue" ; "Write-Host 'Done'"
[2025-08-23 20:30:00,941][INFO][omni.repo.build.dependencies.pull_files:275] Skipping project file (doesn't exist): C:/projects/kit-app-template/deps/host-deps.packman.xml
[2025-08-23 20:30:00,947][INFO][omni.repo.man.utils.run_process:241] running process: C:/projects/kit-app-template/repo.bat precache_exts -c release
[2025-08-23 20:30:01,695][INFO][omni.repo.man.entry.run:133] Running repo tool: repo_precache_exts@None. args: ['precache_exts', '-c', 'release']
[2025-08-23 20:30:01,696][INFO][omni.repo.precache_exts.run:315] precaching app: C:\projects\kit-app-template\source\apps\my_company.my_editor.kit
[2025-08-23 20:30:01,696][INFO][omni.repo.man.utils.run_process:241] running process: C:\projects\kit-app-template\_build\windows-x86_64\release\kit\kit.exe C:\projects\kit-app-template\source\apps\my_company.my_editor.kit --allow-root --portable --ext-precache-mode --/crashreporter/gatherUserStory=0 --/app/settings/persistent=0 --/app/settings/loadUserConfig=0 --/app/extensions/generateVersionLock=1 --/app/extensions/parallelPullEnabled=1 --/app/enableStdoutOutput=1 --/app/extensions/detailedSolverExplanation=1 --/app/extensions/registryEnabled=1 --/app/extensions/mkdirExtFolders=0 --/app/extensions/registryCacheFull='C:\projects\kit-app-template\_build\windows-x86_64\release\extscache' --/log/flushStandardStreamOutput=1 --/exts/omni.kit.registry.nucleus/registries/0/name=\"kit/default\" --/exts/omni.kit.registry.nucleus/registries/0/url=\"https://ovextensionsprod.blob.core.windows.net/exts/kit/prod/${kit_version_major}/shared\" --/exts/omni.kit.registry.nucleus/registries/1/name=\"kit/sdk\" --/exts/omni.kit.registry.nucleus/registries/1/url=\"https://ovextensionsprod.blob.core.windows.net/exts/kit/prod/sdk/${kit_version_short}/${kit_git_hash}\" --/exts/omni.kit.registry.nucleus/registries/2/name=\"kit/community\" --/exts/omni.kit.registry.nucleus/registries/2/url=\"https://dw290v42wisod.cloudfront.net/exts/kit/community\" --/app/extensions/target/config=release --ext-folder C:\projects\kit-app-template\source\extensions --ext-folder C:\projects\kit-app-template\source\apps --portable-root C:/projects/kit-app-template/_build/windows-x86_64/release --/app/extensions/generateVersionLockSkipLocalExts=1
[2025-08-23 20:30:01,952][INFO][omni.repo.build.pippull.pull_pip_dependencies:403] Skip pip pull of because is most recent config (['C:/projects/kit-app-template/tools/deps/pip.toml']) is older than 'C:/projects/kit-app-template/_build\.lastpippull'.
[2025-08-23 20:30:01,952][INFO][omni.repo.build.build.generate_projects:263] generating project from: C:/projects/kit-app-template/premake5.lua
[2025-08-23 20:30:01,952][INFO][omni.repo.man.utils.run_process:241] running process: C:/projects/kit-app-template/_build/host-deps\premake\bin\premake5.exe --file=C:/projects/kit-app-template/premake5.lua no-compile --platform-host=windows-x86_64 --scripts=C:\packman-repo\chk\repo_build\1.13.2\lua --platform-target=windows-x86_64 --linux-x86_64-cxx11-abi=True --solution-name=kit-app-template
[2025-08-23 20:30:02,776][INFO][omni.repo.man.entry.run:133] Running repo tool: repo_kit_pull_extensions@1.10.0. args: ['pull_extensions', 'setup']
[2025-08-23 20:30:02,776][INFO][omni.repo.man.configuration.set_token:231] Token: 'config' set to 'debug'
[2025-08-23 20:30:02,779][INFO][omni.repo.man.configuration.set_token:231] Token: 'config' set to 'release'
[2025-08-23 20:30:03,568][INFO][omni.repo.man.entry.run:133] Running repo tool: repo_build_number@1.88.2. args: ['build_number', '-o', 'c:/projects/kit-app-template/_build/windows-x86_64/debug/VERSION']
[2025-08-23 20:30:03,569][INFO][omni.repo.man.nvenv.get_git_hash:352] Getting Git hash for directory c:\projects\kit-app-template
[2025-08-23 20:30:03,569][INFO][omni.repo.man.nvenv.find_git_path:186] Searching for the location of Git
[2025-08-23 20:30:03,570][INFO][omni.repo.man.nvenv.find_git_path:201] Git 2.28.0-windows-x86_64 fetched by packman
[2025-08-23 20:30:03,570][INFO][omni.repo.man.nvenv.find_git_path:249] Git location: C:/packman-repo/chk/git/2.28.0-windows-x86_64\bin/git.exe
[2025-08-23 20:30:03,570][INFO][omni.repo.man.utils.run_process_return_output:301] running process: C:/packman-repo/chk/git/2.28.0-windows-x86_64\bin/git.exe rev-parse --git-dir
[2025-08-23 20:30:03,605][INFO][omni.repo.man.nvenv.execute_git:284] Calling Git with args: "rev-parse --short=8 HEAD". Try: 1. cwd: 'c:\projects\kit-app-template'
[2025-08-23 20:30:03,633][INFO][omni.repo.man.nvenv.execute_git:295] git call result:
	return code:0
	stdout: 72a92618

	stderr: 
[2025-08-23 20:30:03,633][INFO][omni.repo.man.utils.run_process_return_output:301] running process: C:/packman-repo/chk/git/2.28.0-windows-x86_64\bin/git.exe rev-parse --git-dir
[2025-08-23 20:30:03,658][INFO][omni.repo.man.nvenv.execute_git:284] Calling Git with args: "rev-parse --abbrev-ref HEAD". Try: 1. cwd: 'c:\projects\kit-app-template'
[2025-08-23 20:30:03,687][INFO][omni.repo.man.nvenv.execute_git:295] git call result:
	return code:0
	stdout: main

	stderr: 
[2025-08-23 20:30:03,688][INFO][omni.repo.man.build_number.print_log:182] Build number: '108.0+main.0.72a92618.local'
[2025-08-23 20:30:03,690][INFO][omni.repo.man.build_number.print_log:182] Written to file: 'c:\projects\kit-app-template\_build\windows-x86_64\debug\VERSION'
[2025-08-23 20:30:04,481][INFO][omni.repo.man.entry.run:133] Running repo tool: repo_build_number@1.88.2. args: ['build_number', '-o', 'c:/projects/kit-app-template/_build/windows-x86_64/release/VERSION']
[2025-08-23 20:30:04,481][INFO][omni.repo.man.nvenv.get_git_hash:352] Getting Git hash for directory c:\projects\kit-app-template
[2025-08-23 20:30:04,482][INFO][omni.repo.man.nvenv.find_git_path:186] Searching for the location of Git
[2025-08-23 20:30:04,483][INFO][omni.repo.man.nvenv.find_git_path:201] Git 2.28.0-windows-x86_64 fetched by packman
[2025-08-23 20:30:04,483][INFO][omni.repo.man.nvenv.find_git_path:249] Git location: C:/packman-repo/chk/git/2.28.0-windows-x86_64\bin/git.exe
[2025-08-23 20:30:04,483][INFO][omni.repo.man.utils.run_process_return_output:301] running process: C:/packman-repo/chk/git/2.28.0-windows-x86_64\bin/git.exe rev-parse --git-dir
[2025-08-23 20:30:04,512][INFO][omni.repo.man.nvenv.execute_git:284] Calling Git with args: "rev-parse --short=8 HEAD". Try: 1. cwd: 'c:\projects\kit-app-template'
[2025-08-23 20:30:04,540][INFO][omni.repo.man.nvenv.execute_git:295] git call result:
	return code:0
	stdout: 72a92618

	stderr: 
[2025-08-23 20:30:04,540][INFO][omni.repo.man.utils.run_process_return_output:301] running process: C:/packman-repo/chk/git/2.28.0-windows-x86_64\bin/git.exe rev-parse --git-dir
[2025-08-23 20:30:04,566][INFO][omni.repo.man.nvenv.execute_git:284] Calling Git with args: "rev-parse --abbrev-ref HEAD". Try: 1. cwd: 'c:\projects\kit-app-template'
[2025-08-23 20:30:04,594][INFO][omni.repo.man.nvenv.execute_git:295] git call result:
	return code:0
	stdout: main

	stderr: 
[2025-08-23 20:30:04,594][INFO][omni.repo.man.build_number.print_log:182] Build number: '108.0+main.0.72a92618.local'
[2025-08-23 20:30:04,596][INFO][omni.repo.man.build_number.print_log:182] Written to file: 'c:\projects\kit-app-template\_build\windows-x86_64\release\VERSION'
[2025-08-23 20:30:04,656][INFO][omni.repo.man.fileutils.copy_and_link_using_dict:532] Copy of 0 files took: 0.000 milliseconds.
[2025-08-23 20:30:04,656][INFO][omni.repo.man.fileutils.copy_and_link_using_dict:542] Creating links of 0 folders took: 0.000 milliseconds.
[2025-08-23 20:30:04,657][INFO][omni.repo.man.fileutils.copy_and_link_using_dict:532] Copy of 7 files took: 1.000 milliseconds.
[2025-08-23 20:30:04,659][INFO][omni.repo.man.fileutils.copy_and_link_using_dict:542] Creating links of 3 folders took: 1.992 milliseconds.
[2025-08-23 20:30:06,901][INFO][omni.repo.man.entry.run:133] Running repo tool: repo_launch@None. args: ['launch']
[2025-08-23 20:32:52,146][INFO][omni.repo.man.entry.run:133] Running repo tool: repo_build@1.13.2. args: ['build']
[2025-08-23 20:32:52,146][INFO][omni.repo.man.configuration.set_token:231] Token: 'platform_target' set to 'windows-x86_64'
[2025-08-23 20:32:52,146][INFO][omni.repo.man.configuration.set_token:231] Token: 'platform_target_abi' set to 'windows-x86_64'
[2025-08-23 20:32:52,147][INFO][omni.repo.man.utils.run_process:241] running process: powershell -Command "New-Item -ItemType Directory -Path C:/projects/kit-app-template/source/apps -ErrorAction SilentlyContinue" ; "Write-Host 'Done'"
[2025-08-23 20:32:52,343][INFO][omni.repo.build.dependencies.pull_files:275] Skipping project file (doesn't exist): C:/projects/kit-app-template/deps/host-deps.packman.xml
[2025-08-23 20:32:52,350][INFO][omni.repo.man.utils.run_process:241] running process: C:/projects/kit-app-template/repo.bat precache_exts -c release
[2025-08-23 20:32:53,193][INFO][omni.repo.man.entry.run:133] Running repo tool: repo_precache_exts@None. args: ['precache_exts', '-c', 'release']
[2025-08-23 20:32:53,194][INFO][omni.repo.precache_exts.run:315] precaching app: C:\projects\kit-app-template\source\apps\my_company.my_editor.kit
[2025-08-23 20:32:53,195][INFO][omni.repo.man.utils.run_process:241] running process: C:\projects\kit-app-template\_build\windows-x86_64\release\kit\kit.exe C:\projects\kit-app-template\source\apps\my_company.my_editor.kit --allow-root --portable --ext-precache-mode --/crashreporter/gatherUserStory=0 --/app/settings/persistent=0 --/app/settings/loadUserConfig=0 --/app/extensions/generateVersionLock=1 --/app/extensions/parallelPullEnabled=1 --/app/enableStdoutOutput=1 --/app/extensions/detailedSolverExplanation=1 --/app/extensions/registryEnabled=1 --/app/extensions/mkdirExtFolders=0 --/app/extensions/registryCacheFull='C:\projects\kit-app-template\_build\windows-x86_64\release\extscache' --/log/flushStandardStreamOutput=1 --/exts/omni.kit.registry.nucleus/registries/0/name=\"kit/default\" --/exts/omni.kit.registry.nucleus/registries/0/url=\"https://ovextensionsprod.blob.core.windows.net/exts/kit/prod/${kit_version_major}/shared\" --/exts/omni.kit.registry.nucleus/registries/1/name=\"kit/sdk\" --/exts/omni.kit.registry.nucleus/registries/1/url=\"https://ovextensionsprod.blob.core.windows.net/exts/kit/prod/sdk/${kit_version_short}/${kit_git_hash}\" --/exts/omni.kit.registry.nucleus/registries/2/name=\"kit/community\" --/exts/omni.kit.registry.nucleus/registries/2/url=\"https://dw290v42wisod.cloudfront.net/exts/kit/community\" --/app/extensions/target/config=release --ext-folder C:\projects\kit-app-template\source\extensions --ext-folder C:\projects\kit-app-template\source\apps --portable-root C:/projects/kit-app-template/_build/windows-x86_64/release --/app/extensions/generateVersionLockSkipLocalExts=1
[2025-08-23 20:32:53,531][INFO][omni.repo.build.pippull.pull_pip_dependencies:403] Skip pip pull of because is most recent config (['C:/projects/kit-app-template/tools/deps/pip.toml']) is older than 'C:/projects/kit-app-template/_build\.lastpippull'.
[2025-08-23 20:32:53,532][INFO][omni.repo.build.build.generate_projects:263] generating project from: C:/projects/kit-app-template/premake5.lua
[2025-08-23 20:32:53,532][INFO][omni.repo.man.utils.run_process:241] running process: C:/projects/kit-app-template/_build/host-deps\premake\bin\premake5.exe --file=C:/projects/kit-app-template/premake5.lua no-compile --platform-host=windows-x86_64 --scripts=C:\packman-repo\chk\repo_build\1.13.2\lua --platform-target=windows-x86_64 --linux-x86_64-cxx11-abi=True --solution-name=kit-app-template
[2025-08-23 20:32:54,452][INFO][omni.repo.man.entry.run:133] Running repo tool: repo_kit_pull_extensions@1.10.0. args: ['pull_extensions', 'setup']
[2025-08-23 20:32:54,453][INFO][omni.repo.man.configuration.set_token:231] Token: 'config' set to 'debug'
[2025-08-23 20:32:54,455][INFO][omni.repo.man.configuration.set_token:231] Token: 'config' set to 'release'
[2025-08-23 20:32:55,266][INFO][omni.repo.man.entry.run:133] Running repo tool: repo_build_number@1.88.2. args: ['build_number', '-o', 'c:/projects/kit-app-template/_build/windows-x86_64/debug/VERSION']
[2025-08-23 20:32:55,267][INFO][omni.repo.man.nvenv.get_git_hash:352] Getting Git hash for directory c:\projects\kit-app-template
[2025-08-23 20:32:55,267][INFO][omni.repo.man.nvenv.find_git_path:186] Searching for the location of Git
[2025-08-23 20:32:55,268][INFO][omni.repo.man.nvenv.find_git_path:201] Git 2.28.0-windows-x86_64 fetched by packman
[2025-08-23 20:32:55,268][INFO][omni.repo.man.nvenv.find_git_path:249] Git location: C:/packman-repo/chk/git/2.28.0-windows-x86_64\bin/git.exe
[2025-08-23 20:32:55,268][INFO][omni.repo.man.utils.run_process_return_output:301] running process: C:/packman-repo/chk/git/2.28.0-windows-x86_64\bin/git.exe rev-parse --git-dir
[2025-08-23 20:32:55,302][INFO][omni.repo.man.nvenv.execute_git:284] Calling Git with args: "rev-parse --short=8 HEAD". Try: 1. cwd: 'c:\projects\kit-app-template'
[2025-08-23 20:32:55,331][INFO][omni.repo.man.nvenv.execute_git:295] git call result:
	return code:0
	stdout: 72a92618

	stderr: 
[2025-08-23 20:32:55,331][INFO][omni.repo.man.utils.run_process_return_output:301] running process: C:/packman-repo/chk/git/2.28.0-windows-x86_64\bin/git.exe rev-parse --git-dir
[2025-08-23 20:32:55,357][INFO][omni.repo.man.nvenv.execute_git:284] Calling Git with args: "rev-parse --abbrev-ref HEAD". Try: 1. cwd: 'c:\projects\kit-app-template'
[2025-08-23 20:32:55,384][INFO][omni.repo.man.nvenv.execute_git:295] git call result:
	return code:0
	stdout: main

	stderr: 
[2025-08-23 20:32:55,385][INFO][omni.repo.man.build_number.print_log:182] Build number: '108.0+main.0.72a92618.local'
[2025-08-23 20:32:55,386][INFO][omni.repo.man.build_number.print_log:182] Written to file: 'c:\projects\kit-app-template\_build\windows-x86_64\debug\VERSION'
[2025-08-23 20:32:56,233][INFO][omni.repo.man.entry.run:133] Running repo tool: repo_build_number@1.88.2. args: ['build_number', '-o', 'c:/projects/kit-app-template/_build/windows-x86_64/release/VERSION']
[2025-08-23 20:32:56,233][INFO][omni.repo.man.nvenv.get_git_hash:352] Getting Git hash for directory c:\projects\kit-app-template
[2025-08-23 20:32:56,233][INFO][omni.repo.man.nvenv.find_git_path:186] Searching for the location of Git
[2025-08-23 20:32:56,234][INFO][omni.repo.man.nvenv.find_git_path:201] Git 2.28.0-windows-x86_64 fetched by packman
[2025-08-23 20:32:56,234][INFO][omni.repo.man.nvenv.find_git_path:249] Git location: C:/packman-repo/chk/git/2.28.0-windows-x86_64\bin/git.exe
[2025-08-23 20:32:56,235][INFO][omni.repo.man.utils.run_process_return_output:301] running process: C:/packman-repo/chk/git/2.28.0-windows-x86_64\bin/git.exe rev-parse --git-dir
[2025-08-23 20:32:56,266][INFO][omni.repo.man.nvenv.execute_git:284] Calling Git with args: "rev-parse --short=8 HEAD". Try: 1. cwd: 'c:\projects\kit-app-template'
[2025-08-23 20:32:56,295][INFO][omni.repo.man.nvenv.execute_git:295] git call result:
	return code:0
	stdout: 72a92618

	stderr: 
[2025-08-23 20:32:56,295][INFO][omni.repo.man.utils.run_process_return_output:301] running process: C:/packman-repo/chk/git/2.28.0-windows-x86_64\bin/git.exe rev-parse --git-dir
[2025-08-23 20:32:56,320][INFO][omni.repo.man.nvenv.execute_git:284] Calling Git with args: "rev-parse --abbrev-ref HEAD". Try: 1. cwd: 'c:\projects\kit-app-template'
[2025-08-23 20:32:56,349][INFO][omni.repo.man.nvenv.execute_git:295] git call result:
	return code:0
	stdout: main

	stderr: 
[2025-08-23 20:32:56,349][INFO][omni.repo.man.build_number.print_log:182] Build number: '108.0+main.0.72a92618.local'
[2025-08-23 20:32:56,351][INFO][omni.repo.man.build_number.print_log:182] Written to file: 'c:\projects\kit-app-template\_build\windows-x86_64\release\VERSION'
[2025-08-23 20:32:56,412][INFO][omni.repo.man.fileutils.copy_and_link_using_dict:532] Copy of 0 files took: 0.000 milliseconds.
[2025-08-23 20:32:56,412][INFO][omni.repo.man.fileutils.copy_and_link_using_dict:542] Creating links of 0 folders took: 0.000 milliseconds.
[2025-08-23 20:32:56,414][INFO][omni.repo.man.fileutils.copy_and_link_using_dict:532] Copy of 8 files took: 1.992 milliseconds.
[2025-08-23 20:32:56,416][INFO][omni.repo.man.fileutils.copy_and_link_using_dict:542] Creating links of 8 folders took: 2.001 milliseconds.
[2025-08-23 20:33:09,046][INFO][omni.repo.man.entry.run:133] Running repo tool: repo_launch@None. args: ['launch']
[2025-08-23 20:35:55,812][INFO][omni.repo.man.entry.run:133] Running repo tool: repo_build@1.13.2. args: ['build']
[2025-08-23 20:35:55,812][INFO][omni.repo.man.configuration.set_token:231] Token: 'platform_target' set to 'windows-x86_64'
[2025-08-23 20:35:55,812][INFO][omni.repo.man.configuration.set_token:231] Token: 'platform_target_abi' set to 'windows-x86_64'
[2025-08-23 20:35:55,813][INFO][omni.repo.man.utils.run_process:241] running process: powershell -Command "New-Item -ItemType Directory -Path C:/projects/kit-app-template/source/apps -ErrorAction SilentlyContinue" ; "Write-Host 'Done'"
[2025-08-23 20:35:55,970][INFO][omni.repo.build.dependencies.pull_files:275] Skipping project file (doesn't exist): C:/projects/kit-app-template/deps/host-deps.packman.xml
[2025-08-23 20:35:55,977][INFO][omni.repo.man.utils.run_process:241] running process: C:/projects/kit-app-template/repo.bat precache_exts -c release
[2025-08-23 20:35:56,735][INFO][omni.repo.man.entry.run:133] Running repo tool: repo_precache_exts@None. args: ['precache_exts', '-c', 'release']
[2025-08-23 20:35:56,736][INFO][omni.repo.precache_exts.run:315] precaching app: C:\projects\kit-app-template\source\apps\my_company.my_editor.kit
[2025-08-23 20:35:56,736][INFO][omni.repo.man.utils.run_process:241] running process: C:\projects\kit-app-template\_build\windows-x86_64\release\kit\kit.exe C:\projects\kit-app-template\source\apps\my_company.my_editor.kit --allow-root --portable --ext-precache-mode --/crashreporter/gatherUserStory=0 --/app/settings/persistent=0 --/app/settings/loadUserConfig=0 --/app/extensions/generateVersionLock=1 --/app/extensions/parallelPullEnabled=1 --/app/enableStdoutOutput=1 --/app/extensions/detailedSolverExplanation=1 --/app/extensions/registryEnabled=1 --/app/extensions/mkdirExtFolders=0 --/app/extensions/registryCacheFull='C:\projects\kit-app-template\_build\windows-x86_64\release\extscache' --/log/flushStandardStreamOutput=1 --/exts/omni.kit.registry.nucleus/registries/0/name=\"kit/default\" --/exts/omni.kit.registry.nucleus/registries/0/url=\"https://ovextensionsprod.blob.core.windows.net/exts/kit/prod/${kit_version_major}/shared\" --/exts/omni.kit.registry.nucleus/registries/1/name=\"kit/sdk\" --/exts/omni.kit.registry.nucleus/registries/1/url=\"https://ovextensionsprod.blob.core.windows.net/exts/kit/prod/sdk/${kit_version_short}/${kit_git_hash}\" --/exts/omni.kit.registry.nucleus/registries/2/name=\"kit/community\" --/exts/omni.kit.registry.nucleus/registries/2/url=\"https://dw290v42wisod.cloudfront.net/exts/kit/community\" --/app/extensions/target/config=release --ext-folder C:\projects\kit-app-template\source\extensions --ext-folder C:\projects\kit-app-template\source\apps --portable-root C:/projects/kit-app-template/_build/windows-x86_64/release --/app/extensions/generateVersionLockSkipLocalExts=1
[2025-08-23 20:35:56,999][INFO][omni.repo.build.pippull.pull_pip_dependencies:403] Skip pip pull of because is most recent config (['C:/projects/kit-app-template/tools/deps/pip.toml']) is older than 'C:/projects/kit-app-template/_build\.lastpippull'.
[2025-08-23 20:35:57,000][INFO][omni.repo.build.build.generate_projects:263] generating project from: C:/projects/kit-app-template/premake5.lua
[2025-08-23 20:35:57,000][INFO][omni.repo.man.utils.run_process:241] running process: C:/projects/kit-app-template/_build/host-deps\premake\bin\premake5.exe --file=C:/projects/kit-app-template/premake5.lua no-compile --platform-host=windows-x86_64 --scripts=C:\packman-repo\chk\repo_build\1.13.2\lua --platform-target=windows-x86_64 --linux-x86_64-cxx11-abi=True --solution-name=kit-app-template
[2025-08-23 20:35:57,830][INFO][omni.repo.man.entry.run:133] Running repo tool: repo_kit_pull_extensions@1.10.0. args: ['pull_extensions', 'setup']
[2025-08-23 20:35:57,831][INFO][omni.repo.man.configuration.set_token:231] Token: 'config' set to 'debug'
[2025-08-23 20:35:57,834][INFO][omni.repo.man.configuration.set_token:231] Token: 'config' set to 'release'
[2025-08-23 20:35:58,624][INFO][omni.repo.man.entry.run:133] Running repo tool: repo_build_number@1.88.2. args: ['build_number', '-o', 'c:/projects/kit-app-template/_build/windows-x86_64/debug/VERSION']
[2025-08-23 20:35:58,624][INFO][omni.repo.man.nvenv.get_git_hash:352] Getting Git hash for directory c:\projects\kit-app-template
[2025-08-23 20:35:58,624][INFO][omni.repo.man.nvenv.find_git_path:186] Searching for the location of Git
[2025-08-23 20:35:58,625][INFO][omni.repo.man.nvenv.find_git_path:201] Git 2.28.0-windows-x86_64 fetched by packman
[2025-08-23 20:35:58,625][INFO][omni.repo.man.nvenv.find_git_path:249] Git location: C:/packman-repo/chk/git/2.28.0-windows-x86_64\bin/git.exe
[2025-08-23 20:35:58,625][INFO][omni.repo.man.utils.run_process_return_output:301] running process: C:/packman-repo/chk/git/2.28.0-windows-x86_64\bin/git.exe rev-parse --git-dir
[2025-08-23 20:35:58,818][INFO][omni.repo.man.nvenv.execute_git:284] Calling Git with args: "rev-parse --short=8 HEAD". Try: 1. cwd: 'c:\projects\kit-app-template'
[2025-08-23 20:35:58,846][INFO][omni.repo.man.nvenv.execute_git:295] git call result:
	return code:0
	stdout: 72a92618

	stderr: 
[2025-08-23 20:35:58,846][INFO][omni.repo.man.utils.run_process_return_output:301] running process: C:/packman-repo/chk/git/2.28.0-windows-x86_64\bin/git.exe rev-parse --git-dir
[2025-08-23 20:35:58,871][INFO][omni.repo.man.nvenv.execute_git:284] Calling Git with args: "rev-parse --abbrev-ref HEAD". Try: 1. cwd: 'c:\projects\kit-app-template'
[2025-08-23 20:35:58,899][INFO][omni.repo.man.nvenv.execute_git:295] git call result:
	return code:0
	stdout: main

	stderr: 
[2025-08-23 20:35:58,899][INFO][omni.repo.man.build_number.print_log:182] Build number: '108.0+main.0.72a92618.local'
[2025-08-23 20:35:58,901][INFO][omni.repo.man.build_number.print_log:182] Written to file: 'c:\projects\kit-app-template\_build\windows-x86_64\debug\VERSION'
[2025-08-23 20:35:59,694][INFO][omni.repo.man.entry.run:133] Running repo tool: repo_build_number@1.88.2. args: ['build_number', '-o', 'c:/projects/kit-app-template/_build/windows-x86_64/release/VERSION']
[2025-08-23 20:35:59,694][INFO][omni.repo.man.nvenv.get_git_hash:352] Getting Git hash for directory c:\projects\kit-app-template
[2025-08-23 20:35:59,695][INFO][omni.repo.man.nvenv.find_git_path:186] Searching for the location of Git
[2025-08-23 20:35:59,696][INFO][omni.repo.man.nvenv.find_git_path:201] Git 2.28.0-windows-x86_64 fetched by packman
[2025-08-23 20:35:59,696][INFO][omni.repo.man.nvenv.find_git_path:249] Git location: C:/packman-repo/chk/git/2.28.0-windows-x86_64\bin/git.exe
[2025-08-23 20:35:59,696][INFO][omni.repo.man.utils.run_process_return_output:301] running process: C:/packman-repo/chk/git/2.28.0-windows-x86_64\bin/git.exe rev-parse --git-dir
[2025-08-23 20:35:59,724][INFO][omni.repo.man.nvenv.execute_git:284] Calling Git with args: "rev-parse --short=8 HEAD". Try: 1. cwd: 'c:\projects\kit-app-template'
[2025-08-23 20:35:59,751][INFO][omni.repo.man.nvenv.execute_git:295] git call result:
	return code:0
	stdout: 72a92618

	stderr: 
[2025-08-23 20:35:59,752][INFO][omni.repo.man.utils.run_process_return_output:301] running process: C:/packman-repo/chk/git/2.28.0-windows-x86_64\bin/git.exe rev-parse --git-dir
[2025-08-23 20:35:59,777][INFO][omni.repo.man.nvenv.execute_git:284] Calling Git with args: "rev-parse --abbrev-ref HEAD". Try: 1. cwd: 'c:\projects\kit-app-template'
[2025-08-23 20:35:59,805][INFO][omni.repo.man.nvenv.execute_git:295] git call result:
	return code:0
	stdout: main

	stderr: 
[2025-08-23 20:35:59,805][INFO][omni.repo.man.build_number.print_log:182] Build number: '108.0+main.0.72a92618.local'
[2025-08-23 20:35:59,807][INFO][omni.repo.man.build_number.print_log:182] Written to file: 'c:\projects\kit-app-template\_build\windows-x86_64\release\VERSION'
[2025-08-23 20:35:59,869][INFO][omni.repo.man.fileutils.copy_and_link_using_dict:532] Copy of 0 files took: 0.000 milliseconds.
[2025-08-23 20:35:59,869][INFO][omni.repo.man.fileutils.copy_and_link_using_dict:542] Creating links of 0 folders took: 0.000 milliseconds.
[2025-08-23 20:35:59,871][INFO][omni.repo.man.fileutils.copy_and_link_using_dict:532] Copy of 8 files took: 0.857 milliseconds.
[2025-08-23 20:35:59,874][INFO][omni.repo.man.fileutils.copy_and_link_using_dict:542] Creating links of 8 folders took: 3.008 milliseconds.
[2025-08-23 20:36:02,426][INFO][omni.repo.man.entry.run:133] Running repo tool: repo_launch@None. args: ['launch']
[2025-08-23 20:44:30,548][INFO][omni.repo.man.entry.run:133] Running repo tool: repo_launch@None. args: ['launch']
[2025-08-23 20:47:15,835][INFO][omni.repo.man.entry.run:133] Running repo tool: repo_build@1.13.2. args: ['build']
[2025-08-23 20:47:15,835][INFO][omni.repo.man.configuration.set_token:231] Token: 'platform_target' set to 'windows-x86_64'
[2025-08-23 20:47:15,835][INFO][omni.repo.man.configuration.set_token:231] Token: 'platform_target_abi' set to 'windows-x86_64'
[2025-08-23 20:47:15,836][INFO][omni.repo.man.utils.run_process:241] running process: powershell -Command "New-Item -ItemType Directory -Path C:/projects/kit-app-template/source/apps -ErrorAction SilentlyContinue" ; "Write-Host 'Done'"
[2025-08-23 20:47:16,003][INFO][omni.repo.build.dependencies.pull_files:275] Skipping project file (doesn't exist): C:/projects/kit-app-template/deps/host-deps.packman.xml
[2025-08-23 20:47:16,010][INFO][omni.repo.man.utils.run_process:241] running process: C:/projects/kit-app-template/repo.bat precache_exts -c release
[2025-08-23 20:47:16,794][INFO][omni.repo.man.entry.run:133] Running repo tool: repo_precache_exts@None. args: ['precache_exts', '-c', 'release']
[2025-08-23 20:47:16,795][INFO][omni.repo.precache_exts.run:315] precaching app: C:\projects\kit-app-template\source\apps\my_company.my_editor.kit
[2025-08-23 20:47:16,797][INFO][omni.repo.man.utils.run_process:241] running process: C:\projects\kit-app-template\_build\windows-x86_64\release\kit\kit.exe C:\projects\kit-app-template\source\apps\my_company.my_editor.kit --allow-root --portable --ext-precache-mode --/crashreporter/gatherUserStory=0 --/app/settings/persistent=0 --/app/settings/loadUserConfig=0 --/app/extensions/generateVersionLock=1 --/app/extensions/parallelPullEnabled=1 --/app/enableStdoutOutput=1 --/app/extensions/detailedSolverExplanation=1 --/app/extensions/registryEnabled=1 --/app/extensions/mkdirExtFolders=0 --/app/extensions/registryCacheFull='C:\projects\kit-app-template\_build\windows-x86_64\release\extscache' --/log/flushStandardStreamOutput=1 --/exts/omni.kit.registry.nucleus/registries/0/name=\"kit/default\" --/exts/omni.kit.registry.nucleus/registries/0/url=\"https://ovextensionsprod.blob.core.windows.net/exts/kit/prod/${kit_version_major}/shared\" --/exts/omni.kit.registry.nucleus/registries/1/name=\"kit/sdk\" --/exts/omni.kit.registry.nucleus/registries/1/url=\"https://ovextensionsprod.blob.core.windows.net/exts/kit/prod/sdk/${kit_version_short}/${kit_git_hash}\" --/exts/omni.kit.registry.nucleus/registries/2/name=\"kit/community\" --/exts/omni.kit.registry.nucleus/registries/2/url=\"https://dw290v42wisod.cloudfront.net/exts/kit/community\" --/app/extensions/target/config=release --ext-folder C:\projects\kit-app-template\source\extensions --ext-folder C:\projects\kit-app-template\source\apps --portable-root C:/projects/kit-app-template/_build/windows-x86_64/release --/app/extensions/generateVersionLockSkipLocalExts=1
[2025-08-23 20:47:17,068][INFO][omni.repo.build.pippull.pull_pip_dependencies:403] Skip pip pull of because is most recent config (['C:/projects/kit-app-template/tools/deps/pip.toml']) is older than 'C:/projects/kit-app-template/_build\.lastpippull'.
[2025-08-23 20:47:17,068][INFO][omni.repo.build.build.generate_projects:263] generating project from: C:/projects/kit-app-template/premake5.lua
[2025-08-23 20:47:17,068][INFO][omni.repo.man.utils.run_process:241] running process: C:/projects/kit-app-template/_build/host-deps\premake\bin\premake5.exe --file=C:/projects/kit-app-template/premake5.lua no-compile --platform-host=windows-x86_64 --scripts=C:\packman-repo\chk\repo_build\1.13.2\lua --platform-target=windows-x86_64 --linux-x86_64-cxx11-abi=True --solution-name=kit-app-template
[2025-08-23 20:47:17,898][INFO][omni.repo.man.entry.run:133] Running repo tool: repo_kit_pull_extensions@1.10.0. args: ['pull_extensions', 'setup']
[2025-08-23 20:47:17,898][INFO][omni.repo.man.configuration.set_token:231] Token: 'config' set to 'debug'
[2025-08-23 20:47:17,901][INFO][omni.repo.man.configuration.set_token:231] Token: 'config' set to 'release'
[2025-08-23 20:47:18,710][INFO][omni.repo.man.entry.run:133] Running repo tool: repo_build_number@1.88.2. args: ['build_number', '-o', 'c:/projects/kit-app-template/_build/windows-x86_64/debug/VERSION']
[2025-08-23 20:47:18,710][INFO][omni.repo.man.nvenv.get_git_hash:352] Getting Git hash for directory c:\projects\kit-app-template
[2025-08-23 20:47:18,710][INFO][omni.repo.man.nvenv.find_git_path:186] Searching for the location of Git
[2025-08-23 20:47:18,712][INFO][omni.repo.man.nvenv.find_git_path:201] Git 2.28.0-windows-x86_64 fetched by packman
[2025-08-23 20:47:18,712][INFO][omni.repo.man.nvenv.find_git_path:249] Git location: C:/packman-repo/chk/git/2.28.0-windows-x86_64\bin/git.exe
[2025-08-23 20:47:18,712][INFO][omni.repo.man.utils.run_process_return_output:301] running process: C:/packman-repo/chk/git/2.28.0-windows-x86_64\bin/git.exe rev-parse --git-dir
[2025-08-23 20:47:18,929][INFO][omni.repo.man.nvenv.execute_git:284] Calling Git with args: "rev-parse --short=8 HEAD". Try: 1. cwd: 'c:\projects\kit-app-template'
[2025-08-23 20:47:18,956][INFO][omni.repo.man.nvenv.execute_git:295] git call result:
	return code:0
	stdout: 72a92618

	stderr: 
[2025-08-23 20:47:18,957][INFO][omni.repo.man.utils.run_process_return_output:301] running process: C:/packman-repo/chk/git/2.28.0-windows-x86_64\bin/git.exe rev-parse --git-dir
[2025-08-23 20:47:18,983][INFO][omni.repo.man.nvenv.execute_git:284] Calling Git with args: "rev-parse --abbrev-ref HEAD". Try: 1. cwd: 'c:\projects\kit-app-template'
[2025-08-23 20:47:19,010][INFO][omni.repo.man.nvenv.execute_git:295] git call result:
	return code:0
	stdout: main

	stderr: 
[2025-08-23 20:47:19,010][INFO][omni.repo.man.build_number.print_log:182] Build number: '108.0+main.0.72a92618.local'
[2025-08-23 20:47:19,012][INFO][omni.repo.man.build_number.print_log:182] Written to file: 'c:\projects\kit-app-template\_build\windows-x86_64\debug\VERSION'
[2025-08-23 20:47:19,804][INFO][omni.repo.man.entry.run:133] Running repo tool: repo_build_number@1.88.2. args: ['build_number', '-o', 'c:/projects/kit-app-template/_build/windows-x86_64/release/VERSION']
[2025-08-23 20:47:19,804][INFO][omni.repo.man.nvenv.get_git_hash:352] Getting Git hash for directory c:\projects\kit-app-template
[2025-08-23 20:47:19,804][INFO][omni.repo.man.nvenv.find_git_path:186] Searching for the location of Git
[2025-08-23 20:47:19,805][INFO][omni.repo.man.nvenv.find_git_path:201] Git 2.28.0-windows-x86_64 fetched by packman
[2025-08-23 20:47:19,805][INFO][omni.repo.man.nvenv.find_git_path:249] Git location: C:/packman-repo/chk/git/2.28.0-windows-x86_64\bin/git.exe
[2025-08-23 20:47:19,805][INFO][omni.repo.man.utils.run_process_return_output:301] running process: C:/packman-repo/chk/git/2.28.0-windows-x86_64\bin/git.exe rev-parse --git-dir
[2025-08-23 20:47:19,833][INFO][omni.repo.man.nvenv.execute_git:284] Calling Git with args: "rev-parse --short=8 HEAD". Try: 1. cwd: 'c:\projects\kit-app-template'
[2025-08-23 20:47:19,860][INFO][omni.repo.man.nvenv.execute_git:295] git call result:
	return code:0
	stdout: 72a92618

	stderr: 
[2025-08-23 20:47:19,860][INFO][omni.repo.man.utils.run_process_return_output:301] running process: C:/packman-repo/chk/git/2.28.0-windows-x86_64\bin/git.exe rev-parse --git-dir
[2025-08-23 20:47:19,886][INFO][omni.repo.man.nvenv.execute_git:284] Calling Git with args: "rev-parse --abbrev-ref HEAD". Try: 1. cwd: 'c:\projects\kit-app-template'
[2025-08-23 20:47:19,913][INFO][omni.repo.man.nvenv.execute_git:295] git call result:
	return code:0
	stdout: main

	stderr: 
[2025-08-23 20:47:19,914][INFO][omni.repo.man.build_number.print_log:182] Build number: '108.0+main.0.72a92618.local'
[2025-08-23 20:47:19,916][INFO][omni.repo.man.build_number.print_log:182] Written to file: 'c:\projects\kit-app-template\_build\windows-x86_64\release\VERSION'
[2025-08-23 20:47:19,976][INFO][omni.repo.man.fileutils.copy_and_link_using_dict:532] Copy of 0 files took: 0.000 milliseconds.
[2025-08-23 20:47:19,976][INFO][omni.repo.man.fileutils.copy_and_link_using_dict:542] Creating links of 0 folders took: 0.000 milliseconds.
[2025-08-23 20:47:19,977][INFO][omni.repo.man.fileutils.copy_and_link_using_dict:532] Copy of 8 files took: 0.992 milliseconds.
[2025-08-23 20:47:19,981][INFO][omni.repo.man.fileutils.copy_and_link_using_dict:542] Creating links of 8 folders took: 2.993 milliseconds.
[2025-08-23 20:47:22,476][INFO][omni.repo.man.entry.run:133] Running repo tool: repo_launch@None. args: ['launch']
[2025-08-23 20:52:20,655][INFO][omni.repo.man.entry.run:133] Running repo tool: repo_build@1.13.2. args: ['build']
[2025-08-23 20:52:20,655][INFO][omni.repo.man.configuration.set_token:231] Token: 'platform_target' set to 'windows-x86_64'
[2025-08-23 20:52:20,655][INFO][omni.repo.man.configuration.set_token:231] Token: 'platform_target_abi' set to 'windows-x86_64'
[2025-08-23 20:52:20,656][INFO][omni.repo.man.utils.run_process:241] running process: powershell -Command "New-Item -ItemType Directory -Path C:/projects/kit-app-template/source/apps -ErrorAction SilentlyContinue" ; "Write-Host 'Done'"
[2025-08-23 20:52:20,816][INFO][omni.repo.build.dependencies.pull_files:275] Skipping project file (doesn't exist): C:/projects/kit-app-template/deps/host-deps.packman.xml
[2025-08-23 20:52:20,823][INFO][omni.repo.man.utils.run_process:241] running process: C:/projects/kit-app-template/repo.bat precache_exts -c release
[2025-08-23 20:52:21,574][INFO][omni.repo.man.entry.run:133] Running repo tool: repo_precache_exts@None. args: ['precache_exts', '-c', 'release']
[2025-08-23 20:52:21,575][INFO][omni.repo.precache_exts.run:315] precaching app: C:\projects\kit-app-template\source\apps\my_company.my_editor.kit
[2025-08-23 20:52:21,576][INFO][omni.repo.man.utils.run_process:241] running process: C:\projects\kit-app-template\_build\windows-x86_64\release\kit\kit.exe C:\projects\kit-app-template\source\apps\my_company.my_editor.kit --allow-root --portable --ext-precache-mode --/crashreporter/gatherUserStory=0 --/app/settings/persistent=0 --/app/settings/loadUserConfig=0 --/app/extensions/generateVersionLock=1 --/app/extensions/parallelPullEnabled=1 --/app/enableStdoutOutput=1 --/app/extensions/detailedSolverExplanation=1 --/app/extensions/registryEnabled=1 --/app/extensions/mkdirExtFolders=0 --/app/extensions/registryCacheFull='C:\projects\kit-app-template\_build\windows-x86_64\release\extscache' --/log/flushStandardStreamOutput=1 --/exts/omni.kit.registry.nucleus/registries/0/name=\"kit/default\" --/exts/omni.kit.registry.nucleus/registries/0/url=\"https://ovextensionsprod.blob.core.windows.net/exts/kit/prod/${kit_version_major}/shared\" --/exts/omni.kit.registry.nucleus/registries/1/name=\"kit/sdk\" --/exts/omni.kit.registry.nucleus/registries/1/url=\"https://ovextensionsprod.blob.core.windows.net/exts/kit/prod/sdk/${kit_version_short}/${kit_git_hash}\" --/exts/omni.kit.registry.nucleus/registries/2/name=\"kit/community\" --/exts/omni.kit.registry.nucleus/registries/2/url=\"https://dw290v42wisod.cloudfront.net/exts/kit/community\" --/app/extensions/target/config=release --ext-folder C:\projects\kit-app-template\source\extensions --ext-folder C:\projects\kit-app-template\source\apps --portable-root C:/projects/kit-app-template/_build/windows-x86_64/release --/app/extensions/generateVersionLockSkipLocalExts=1
[2025-08-23 20:52:21,850][INFO][omni.repo.build.pippull.pull_pip_dependencies:403] Skip pip pull of because is most recent config (['C:/projects/kit-app-template/tools/deps/pip.toml']) is older than 'C:/projects/kit-app-template/_build\.lastpippull'.
[2025-08-23 20:52:21,851][INFO][omni.repo.build.build.generate_projects:263] generating project from: C:/projects/kit-app-template/premake5.lua
[2025-08-23 20:52:21,851][INFO][omni.repo.man.utils.run_process:241] running process: C:/projects/kit-app-template/_build/host-deps\premake\bin\premake5.exe --file=C:/projects/kit-app-template/premake5.lua no-compile --platform-host=windows-x86_64 --scripts=C:\packman-repo\chk\repo_build\1.13.2\lua --platform-target=windows-x86_64 --linux-x86_64-cxx11-abi=True --solution-name=kit-app-template
[2025-08-23 20:52:22,672][INFO][omni.repo.man.entry.run:133] Running repo tool: repo_kit_pull_extensions@1.10.0. args: ['pull_extensions', 'setup']
[2025-08-23 20:52:22,672][INFO][omni.repo.man.configuration.set_token:231] Token: 'config' set to 'debug'
[2025-08-23 20:52:22,675][INFO][omni.repo.man.configuration.set_token:231] Token: 'config' set to 'release'
[2025-08-23 20:52:23,465][INFO][omni.repo.man.entry.run:133] Running repo tool: repo_build_number@1.88.2. args: ['build_number', '-o', 'c:/projects/kit-app-template/_build/windows-x86_64/debug/VERSION']
[2025-08-23 20:52:23,465][INFO][omni.repo.man.nvenv.get_git_hash:352] Getting Git hash for directory c:\projects\kit-app-template
[2025-08-23 20:52:23,465][INFO][omni.repo.man.nvenv.find_git_path:186] Searching for the location of Git
[2025-08-23 20:52:23,467][INFO][omni.repo.man.nvenv.find_git_path:201] Git 2.28.0-windows-x86_64 fetched by packman
[2025-08-23 20:52:23,467][INFO][omni.repo.man.nvenv.find_git_path:249] Git location: C:/packman-repo/chk/git/2.28.0-windows-x86_64\bin/git.exe
[2025-08-23 20:52:23,467][INFO][omni.repo.man.utils.run_process_return_output:301] running process: C:/packman-repo/chk/git/2.28.0-windows-x86_64\bin/git.exe rev-parse --git-dir
[2025-08-23 20:52:23,524][INFO][omni.repo.man.nvenv.execute_git:284] Calling Git with args: "rev-parse --short=8 HEAD". Try: 1. cwd: 'c:\projects\kit-app-template'
[2025-08-23 20:52:23,553][INFO][omni.repo.man.nvenv.execute_git:295] git call result:
	return code:0
	stdout: 72a92618

	stderr: 
[2025-08-23 20:52:23,554][INFO][omni.repo.man.utils.run_process_return_output:301] running process: C:/packman-repo/chk/git/2.28.0-windows-x86_64\bin/git.exe rev-parse --git-dir
[2025-08-23 20:52:23,577][INFO][omni.repo.man.nvenv.execute_git:284] Calling Git with args: "rev-parse --abbrev-ref HEAD". Try: 1. cwd: 'c:\projects\kit-app-template'
[2025-08-23 20:52:23,604][INFO][omni.repo.man.nvenv.execute_git:295] git call result:
	return code:0
	stdout: main

	stderr: 
[2025-08-23 20:52:23,604][INFO][omni.repo.man.build_number.print_log:182] Build number: '108.0+main.0.72a92618.local'
[2025-08-23 20:52:23,606][INFO][omni.repo.man.build_number.print_log:182] Written to file: 'c:\projects\kit-app-template\_build\windows-x86_64\debug\VERSION'
[2025-08-23 20:52:24,391][INFO][omni.repo.man.entry.run:133] Running repo tool: repo_build_number@1.88.2. args: ['build_number', '-o', 'c:/projects/kit-app-template/_build/windows-x86_64/release/VERSION']
[2025-08-23 20:52:24,391][INFO][omni.repo.man.nvenv.get_git_hash:352] Getting Git hash for directory c:\projects\kit-app-template
[2025-08-23 20:52:24,391][INFO][omni.repo.man.nvenv.find_git_path:186] Searching for the location of Git
[2025-08-23 20:52:24,392][INFO][omni.repo.man.nvenv.find_git_path:201] Git 2.28.0-windows-x86_64 fetched by packman
[2025-08-23 20:52:24,392][INFO][omni.repo.man.nvenv.find_git_path:249] Git location: C:/packman-repo/chk/git/2.28.0-windows-x86_64\bin/git.exe
[2025-08-23 20:52:24,393][INFO][omni.repo.man.utils.run_process_return_output:301] running process: C:/packman-repo/chk/git/2.28.0-windows-x86_64\bin/git.exe rev-parse --git-dir
[2025-08-23 20:52:24,420][INFO][omni.repo.man.nvenv.execute_git:284] Calling Git with args: "rev-parse --short=8 HEAD". Try: 1. cwd: 'c:\projects\kit-app-template'
[2025-08-23 20:52:24,447][INFO][omni.repo.man.nvenv.execute_git:295] git call result:
	return code:0
	stdout: 72a92618

	stderr: 
[2025-08-23 20:52:24,448][INFO][omni.repo.man.utils.run_process_return_output:301] running process: C:/packman-repo/chk/git/2.28.0-windows-x86_64\bin/git.exe rev-parse --git-dir
[2025-08-23 20:52:24,471][INFO][omni.repo.man.nvenv.execute_git:284] Calling Git with args: "rev-parse --abbrev-ref HEAD". Try: 1. cwd: 'c:\projects\kit-app-template'
[2025-08-23 20:52:24,501][INFO][omni.repo.man.nvenv.execute_git:295] git call result:
	return code:0
	stdout: main

	stderr: 
[2025-08-23 20:52:24,501][INFO][omni.repo.man.build_number.print_log:182] Build number: '108.0+main.0.72a92618.local'
[2025-08-23 20:52:24,503][INFO][omni.repo.man.build_number.print_log:182] Written to file: 'c:\projects\kit-app-template\_build\windows-x86_64\release\VERSION'
[2025-08-23 20:52:24,563][INFO][omni.repo.man.fileutils.copy_and_link_using_dict:532] Copy of 0 files took: 0.000 milliseconds.
[2025-08-23 20:52:24,563][INFO][omni.repo.man.fileutils.copy_and_link_using_dict:542] Creating links of 0 folders took: 0.000 milliseconds.
[2025-08-23 20:52:24,565][INFO][omni.repo.man.fileutils.copy_and_link_using_dict:532] Copy of 8 files took: 2.000 milliseconds.
[2025-08-23 20:52:24,568][INFO][omni.repo.man.fileutils.copy_and_link_using_dict:542] Creating links of 8 folders took: 3.056 milliseconds.
[2025-08-23 20:52:26,643][INFO][omni.repo.man.entry.run:133] Running repo tool: repo_launch@None. args: ['launch']
[2025-09-04 17:23:10,405][INFO][omni.repo.man.entry.run:133] Running repo tool: repo_build@1.13.2. args: ['build']
[2025-09-04 17:23:10,406][INFO][omni.repo.man.configuration.set_token:231] Token: 'platform_target' set to 'windows-x86_64'
[2025-09-04 17:23:10,406][INFO][omni.repo.man.configuration.set_token:231] Token: 'platform_target_abi' set to 'windows-x86_64'
[2025-09-04 17:23:10,406][INFO][omni.repo.man.utils.run_process:241] running process: powershell -Command "New-Item -ItemType Directory -Path C:/projects/kit-app-template/source/apps -ErrorAction SilentlyContinue" ; "Write-Host 'Done'"
[2025-09-04 17:23:10,641][INFO][omni.repo.build.dependencies.pull_files:275] Skipping project file (doesn't exist): C:/projects/kit-app-template/deps/host-deps.packman.xml
[2025-09-04 17:23:10,649][INFO][omni.repo.man.utils.run_process:241] running process: C:/projects/kit-app-template/repo.bat precache_exts -c release
[2025-09-04 17:23:11,449][INFO][omni.repo.man.entry.run:133] Running repo tool: repo_precache_exts@None. args: ['precache_exts', '-c', 'release']
[2025-09-04 17:23:11,450][INFO][omni.repo.precache_exts.run:315] precaching app: C:\projects\kit-app-template\source\apps\my_company.my_editor.kit
[2025-09-04 17:23:11,451][INFO][omni.repo.man.utils.run_process:241] running process: C:\projects\kit-app-template\_build\windows-x86_64\release\kit\kit.exe C:\projects\kit-app-template\source\apps\my_company.my_editor.kit --allow-root --portable --ext-precache-mode --/crashreporter/gatherUserStory=0 --/app/settings/persistent=0 --/app/settings/loadUserConfig=0 --/app/extensions/generateVersionLock=1 --/app/extensions/parallelPullEnabled=1 --/app/enableStdoutOutput=1 --/app/extensions/detailedSolverExplanation=1 --/app/extensions/registryEnabled=1 --/app/extensions/mkdirExtFolders=0 --/app/extensions/registryCacheFull='C:\projects\kit-app-template\_build\windows-x86_64\release\extscache' --/log/flushStandardStreamOutput=1 --/exts/omni.kit.registry.nucleus/registries/0/name=\"kit/default\" --/exts/omni.kit.registry.nucleus/registries/0/url=\"https://ovextensionsprod.blob.core.windows.net/exts/kit/prod/${kit_version_major}/shared\" --/exts/omni.kit.registry.nucleus/registries/1/name=\"kit/sdk\" --/exts/omni.kit.registry.nucleus/registries/1/url=\"https://ovextensionsprod.blob.core.windows.net/exts/kit/prod/sdk/${kit_version_short}/${kit_git_hash}\" --/exts/omni.kit.registry.nucleus/registries/2/name=\"kit/community\" --/exts/omni.kit.registry.nucleus/registries/2/url=\"https://dw290v42wisod.cloudfront.net/exts/kit/community\" --/app/extensions/target/config=release --ext-folder C:\projects\kit-app-template\source\extensions --ext-folder C:\projects\kit-app-template\source\apps --portable-root C:/projects/kit-app-template/_build/windows-x86_64/release --/app/extensions/generateVersionLockSkipLocalExts=1
[2025-09-04 17:23:11,935][INFO][omni.repo.build.pippull.pull_pip_dependencies:403] Skip pip pull of because is most recent config (['C:/projects/kit-app-template/tools/deps/pip.toml']) is older than 'C:/projects/kit-app-template/_build\.lastpippull'.
[2025-09-04 17:23:11,935][INFO][omni.repo.build.build.generate_projects:263] generating project from: C:/projects/kit-app-template/premake5.lua
[2025-09-04 17:23:11,936][INFO][omni.repo.man.utils.run_process:241] running process: C:/projects/kit-app-template/_build/host-deps\premake\bin\premake5.exe --file=C:/projects/kit-app-template/premake5.lua no-compile --platform-host=windows-x86_64 --scripts=C:\packman-repo\chk\repo_build\1.13.2\lua --platform-target=windows-x86_64 --linux-x86_64-cxx11-abi=True --solution-name=kit-app-template
[2025-09-04 17:23:12,854][INFO][omni.repo.man.entry.run:133] Running repo tool: repo_kit_pull_extensions@1.10.0. args: ['pull_extensions', 'setup']
[2025-09-04 17:23:12,855][INFO][omni.repo.man.configuration.set_token:231] Token: 'config' set to 'debug'
[2025-09-04 17:23:12,858][INFO][omni.repo.man.configuration.set_token:231] Token: 'config' set to 'release'
[2025-09-04 17:23:13,728][INFO][omni.repo.man.entry.run:133] Running repo tool: repo_build_number@1.88.2. args: ['build_number', '-o', 'c:/projects/kit-app-template/_build/windows-x86_64/debug/VERSION']
[2025-09-04 17:23:13,729][INFO][omni.repo.man.nvenv.get_git_hash:352] Getting Git hash for directory c:\projects\kit-app-template
[2025-09-04 17:23:13,729][INFO][omni.repo.man.nvenv.find_git_path:186] Searching for the location of Git
[2025-09-04 17:23:13,730][INFO][omni.repo.man.nvenv.find_git_path:201] Git 2.28.0-windows-x86_64 fetched by packman
[2025-09-04 17:23:13,730][INFO][omni.repo.man.nvenv.find_git_path:249] Git location: C:/packman-repo/chk/git/2.28.0-windows-x86_64\bin/git.exe
[2025-09-04 17:23:13,730][INFO][omni.repo.man.utils.run_process_return_output:301] running process: C:/packman-repo/chk/git/2.28.0-windows-x86_64\bin/git.exe rev-parse --git-dir
[2025-09-04 17:23:13,776][INFO][omni.repo.man.nvenv.execute_git:284] Calling Git with args: "rev-parse --short=8 HEAD". Try: 1. cwd: 'c:\projects\kit-app-template'
[2025-09-04 17:23:13,808][INFO][omni.repo.man.nvenv.execute_git:295] git call result:
	return code:0
	stdout: 72a92618

	stderr: 
[2025-09-04 17:23:13,808][INFO][omni.repo.man.utils.run_process_return_output:301] running process: C:/packman-repo/chk/git/2.28.0-windows-x86_64\bin/git.exe rev-parse --git-dir
[2025-09-04 17:23:13,835][INFO][omni.repo.man.nvenv.execute_git:284] Calling Git with args: "rev-parse --abbrev-ref HEAD". Try: 1. cwd: 'c:\projects\kit-app-template'
[2025-09-04 17:23:13,873][INFO][omni.repo.man.nvenv.execute_git:295] git call result:
	return code:0
	stdout: main

	stderr: 
[2025-09-04 17:23:13,874][INFO][omni.repo.man.build_number.print_log:182] Build number: '108.0+main.0.72a92618.local'
[2025-09-04 17:23:13,876][INFO][omni.repo.man.build_number.print_log:182] Written to file: 'c:\projects\kit-app-template\_build\windows-x86_64\debug\VERSION'
[2025-09-04 17:23:14,729][INFO][omni.repo.man.entry.run:133] Running repo tool: repo_build_number@1.88.2. args: ['build_number', '-o', 'c:/projects/kit-app-template/_build/windows-x86_64/release/VERSION']
[2025-09-04 17:23:14,729][INFO][omni.repo.man.nvenv.get_git_hash:352] Getting Git hash for directory c:\projects\kit-app-template
[2025-09-04 17:23:14,730][INFO][omni.repo.man.nvenv.find_git_path:186] Searching for the location of Git
[2025-09-04 17:23:14,731][INFO][omni.repo.man.nvenv.find_git_path:201] Git 2.28.0-windows-x86_64 fetched by packman
[2025-09-04 17:23:14,731][INFO][omni.repo.man.nvenv.find_git_path:249] Git location: C:/packman-repo/chk/git/2.28.0-windows-x86_64\bin/git.exe
[2025-09-04 17:23:14,731][INFO][omni.repo.man.utils.run_process_return_output:301] running process: C:/packman-repo/chk/git/2.28.0-windows-x86_64\bin/git.exe rev-parse --git-dir
[2025-09-04 17:23:14,766][INFO][omni.repo.man.nvenv.execute_git:284] Calling Git with args: "rev-parse --short=8 HEAD". Try: 1. cwd: 'c:\projects\kit-app-template'
[2025-09-04 17:23:14,797][INFO][omni.repo.man.nvenv.execute_git:295] git call result:
	return code:0
	stdout: 72a92618

	stderr: 
[2025-09-04 17:23:14,797][INFO][omni.repo.man.utils.run_process_return_output:301] running process: C:/packman-repo/chk/git/2.28.0-windows-x86_64\bin/git.exe rev-parse --git-dir
[2025-09-04 17:23:14,825][INFO][omni.repo.man.nvenv.execute_git:284] Calling Git with args: "rev-parse --abbrev-ref HEAD". Try: 1. cwd: 'c:\projects\kit-app-template'
[2025-09-04 17:23:14,855][INFO][omni.repo.man.nvenv.execute_git:295] git call result:
	return code:0
	stdout: main

	stderr: 
[2025-09-04 17:23:14,855][INFO][omni.repo.man.build_number.print_log:182] Build number: '108.0+main.0.72a92618.local'
[2025-09-04 17:23:14,857][INFO][omni.repo.man.build_number.print_log:182] Written to file: 'c:\projects\kit-app-template\_build\windows-x86_64\release\VERSION'
[2025-09-04 17:23:14,920][INFO][omni.repo.man.fileutils.copy_and_link_using_dict:532] Copy of 0 files took: 0.000 milliseconds.
[2025-09-04 17:23:14,920][INFO][omni.repo.man.fileutils.copy_and_link_using_dict:542] Creating links of 0 folders took: 0.000 milliseconds.
[2025-09-04 17:23:14,922][INFO][omni.repo.man.fileutils.copy_and_link_using_dict:532] Copy of 8 files took: 1.000 milliseconds.
[2025-09-04 17:23:14,925][INFO][omni.repo.man.fileutils.copy_and_link_using_dict:542] Creating links of 8 folders took: 1.999 milliseconds.
[2025-09-04 17:23:24,926][INFO][omni.repo.man.entry.run:133] Running repo tool: repo_launch@None. args: ['launch']
[2025-09-04 18:02:22,197][INFO][omni.repo.man.entry.run:133] Running repo tool: repo_build@1.13.2. args: ['build']
[2025-09-04 18:02:22,197][INFO][omni.repo.man.configuration.set_token:231] Token: 'platform_target' set to 'windows-x86_64'
[2025-09-04 18:02:22,198][INFO][omni.repo.man.configuration.set_token:231] Token: 'platform_target_abi' set to 'windows-x86_64'
[2025-09-04 18:02:22,198][INFO][omni.repo.man.utils.run_process:241] running process: powershell -Command "New-Item -ItemType Directory -Path C:/projects/kit-app-template/source/apps -ErrorAction SilentlyContinue" ; "Write-Host 'Done'"
[2025-09-04 18:02:22,425][INFO][omni.repo.build.dependencies.pull_files:275] Skipping project file (doesn't exist): C:/projects/kit-app-template/deps/host-deps.packman.xml
[2025-09-04 18:02:22,432][INFO][omni.repo.man.utils.run_process:241] running process: C:/projects/kit-app-template/repo.bat precache_exts -c release
[2025-09-04 18:02:23,239][INFO][omni.repo.man.entry.run:133] Running repo tool: repo_precache_exts@None. args: ['precache_exts', '-c', 'release']
[2025-09-04 18:02:23,240][INFO][omni.repo.precache_exts.run:315] precaching app: C:\projects\kit-app-template\source\apps\my_company.my_editor.kit
[2025-09-04 18:02:23,241][INFO][omni.repo.man.utils.run_process:241] running process: C:\projects\kit-app-template\_build\windows-x86_64\release\kit\kit.exe C:\projects\kit-app-template\source\apps\my_company.my_editor.kit --allow-root --portable --ext-precache-mode --/crashreporter/gatherUserStory=0 --/app/settings/persistent=0 --/app/settings/loadUserConfig=0 --/app/extensions/generateVersionLock=1 --/app/extensions/parallelPullEnabled=1 --/app/enableStdoutOutput=1 --/app/extensions/detailedSolverExplanation=1 --/app/extensions/registryEnabled=1 --/app/extensions/mkdirExtFolders=0 --/app/extensions/registryCacheFull='C:\projects\kit-app-template\_build\windows-x86_64\release\extscache' --/log/flushStandardStreamOutput=1 --/exts/omni.kit.registry.nucleus/registries/0/name=\"kit/default\" --/exts/omni.kit.registry.nucleus/registries/0/url=\"https://ovextensionsprod.blob.core.windows.net/exts/kit/prod/${kit_version_major}/shared\" --/exts/omni.kit.registry.nucleus/registries/1/name=\"kit/sdk\" --/exts/omni.kit.registry.nucleus/registries/1/url=\"https://ovextensionsprod.blob.core.windows.net/exts/kit/prod/sdk/${kit_version_short}/${kit_git_hash}\" --/exts/omni.kit.registry.nucleus/registries/2/name=\"kit/community\" --/exts/omni.kit.registry.nucleus/registries/2/url=\"https://dw290v42wisod.cloudfront.net/exts/kit/community\" --/app/extensions/target/config=release --ext-folder C:\projects\kit-app-template\source\extensions --ext-folder C:\projects\kit-app-template\source\apps --portable-root C:/projects/kit-app-template/_build/windows-x86_64/release --/app/extensions/generateVersionLockSkipLocalExts=1
[2025-09-04 18:02:23,545][INFO][omni.repo.build.pippull.pull_pip_dependencies:403] Skip pip pull of because is most recent config (['C:/projects/kit-app-template/tools/deps/pip.toml']) is older than 'C:/projects/kit-app-template/_build\.lastpippull'.
[2025-09-04 18:02:23,545][INFO][omni.repo.build.build.generate_projects:263] generating project from: C:/projects/kit-app-template/premake5.lua
[2025-09-04 18:02:23,546][INFO][omni.repo.man.utils.run_process:241] running process: C:/projects/kit-app-template/_build/host-deps\premake\bin\premake5.exe --file=C:/projects/kit-app-template/premake5.lua no-compile --platform-host=windows-x86_64 --scripts=C:\packman-repo\chk\repo_build\1.13.2\lua --platform-target=windows-x86_64 --linux-x86_64-cxx11-abi=True --solution-name=kit-app-template
[2025-09-04 18:02:24,434][INFO][omni.repo.man.entry.run:133] Running repo tool: repo_kit_pull_extensions@1.10.0. args: ['pull_extensions', 'setup']
[2025-09-04 18:02:24,435][INFO][omni.repo.man.configuration.set_token:231] Token: 'config' set to 'debug'
[2025-09-04 18:02:24,438][INFO][omni.repo.man.configuration.set_token:231] Token: 'config' set to 'release'
[2025-09-04 18:02:25,309][INFO][omni.repo.man.entry.run:133] Running repo tool: repo_build_number@1.88.2. args: ['build_number', '-o', 'c:/projects/kit-app-template/_build/windows-x86_64/debug/VERSION']
[2025-09-04 18:02:25,309][INFO][omni.repo.man.nvenv.get_git_hash:352] Getting Git hash for directory c:\projects\kit-app-template
[2025-09-04 18:02:25,310][INFO][omni.repo.man.nvenv.find_git_path:186] Searching for the location of Git
[2025-09-04 18:02:25,311][INFO][omni.repo.man.nvenv.find_git_path:201] Git 2.28.0-windows-x86_64 fetched by packman
[2025-09-04 18:02:25,311][INFO][omni.repo.man.nvenv.find_git_path:249] Git location: C:/packman-repo/chk/git/2.28.0-windows-x86_64\bin/git.exe
[2025-09-04 18:02:25,311][INFO][omni.repo.man.utils.run_process_return_output:301] running process: C:/packman-repo/chk/git/2.28.0-windows-x86_64\bin/git.exe rev-parse --git-dir
[2025-09-04 18:02:25,432][INFO][omni.repo.man.nvenv.execute_git:284] Calling Git with args: "rev-parse --short=8 HEAD". Try: 1. cwd: 'c:\projects\kit-app-template'
[2025-09-04 18:02:25,462][INFO][omni.repo.man.nvenv.execute_git:295] git call result:
	return code:0
	stdout: 72a92618

	stderr: 
[2025-09-04 18:02:25,462][INFO][omni.repo.man.utils.run_process_return_output:301] running process: C:/packman-repo/chk/git/2.28.0-windows-x86_64\bin/git.exe rev-parse --git-dir
[2025-09-04 18:02:25,492][INFO][omni.repo.man.nvenv.execute_git:284] Calling Git with args: "rev-parse --abbrev-ref HEAD". Try: 1. cwd: 'c:\projects\kit-app-template'
[2025-09-04 18:02:25,522][INFO][omni.repo.man.nvenv.execute_git:295] git call result:
	return code:0
	stdout: main

	stderr: 
[2025-09-04 18:02:25,522][INFO][omni.repo.man.build_number.print_log:182] Build number: '108.0+main.0.72a92618.local'
[2025-09-04 18:02:25,525][INFO][omni.repo.man.build_number.print_log:182] Written to file: 'c:\projects\kit-app-template\_build\windows-x86_64\debug\VERSION'
[2025-09-04 18:02:26,383][INFO][omni.repo.man.entry.run:133] Running repo tool: repo_build_number@1.88.2. args: ['build_number', '-o', 'c:/projects/kit-app-template/_build/windows-x86_64/release/VERSION']
[2025-09-04 18:02:26,384][INFO][omni.repo.man.nvenv.get_git_hash:352] Getting Git hash for directory c:\projects\kit-app-template
[2025-09-04 18:02:26,384][INFO][omni.repo.man.nvenv.find_git_path:186] Searching for the location of Git
[2025-09-04 18:02:26,385][INFO][omni.repo.man.nvenv.find_git_path:201] Git 2.28.0-windows-x86_64 fetched by packman
[2025-09-04 18:02:26,385][INFO][omni.repo.man.nvenv.find_git_path:249] Git location: C:/packman-repo/chk/git/2.28.0-windows-x86_64\bin/git.exe
[2025-09-04 18:02:26,385][INFO][omni.repo.man.utils.run_process_return_output:301] running process: C:/packman-repo/chk/git/2.28.0-windows-x86_64\bin/git.exe rev-parse --git-dir
[2025-09-04 18:02:26,416][INFO][omni.repo.man.nvenv.execute_git:284] Calling Git with args: "rev-parse --short=8 HEAD". Try: 1. cwd: 'c:\projects\kit-app-template'
[2025-09-04 18:02:26,446][INFO][omni.repo.man.nvenv.execute_git:295] git call result:
	return code:0
	stdout: 72a92618

	stderr: 
[2025-09-04 18:02:26,446][INFO][omni.repo.man.utils.run_process_return_output:301] running process: C:/packman-repo/chk/git/2.28.0-windows-x86_64\bin/git.exe rev-parse --git-dir
[2025-09-04 18:02:26,474][INFO][omni.repo.man.nvenv.execute_git:284] Calling Git with args: "rev-parse --abbrev-ref HEAD". Try: 1. cwd: 'c:\projects\kit-app-template'
[2025-09-04 18:02:26,502][INFO][omni.repo.man.nvenv.execute_git:295] git call result:
	return code:0
	stdout: main

	stderr: 
[2025-09-04 18:02:26,503][INFO][omni.repo.man.build_number.print_log:182] Build number: '108.0+main.0.72a92618.local'
[2025-09-04 18:02:26,505][INFO][omni.repo.man.build_number.print_log:182] Written to file: 'c:\projects\kit-app-template\_build\windows-x86_64\release\VERSION'
[2025-09-04 18:02:26,573][INFO][omni.repo.man.fileutils.copy_and_link_using_dict:532] Copy of 0 files took: 0.000 milliseconds.
[2025-09-04 18:02:26,573][INFO][omni.repo.man.fileutils.copy_and_link_using_dict:542] Creating links of 0 folders took: 0.000 milliseconds.
[2025-09-04 18:02:26,575][INFO][omni.repo.man.fileutils.copy_and_link_using_dict:532] Copy of 8 files took: 1.992 milliseconds.
[2025-09-04 18:02:26,579][INFO][omni.repo.man.fileutils.copy_and_link_using_dict:542] Creating links of 8 folders took: 4.000 milliseconds.
[2025-09-04 18:02:31,328][INFO][omni.repo.man.entry.run:133] Running repo tool: repo_launch@None. args: ['launch']
[2025-09-04 18:03:41,808][INFO][omni.repo.man.entry.run:133] Running repo tool: repo_build@1.13.2. args: ['build']
[2025-09-04 18:03:41,810][INFO][omni.repo.man.utils.set_niceness:1013] set IO niceness to 3 (idle)
[2025-09-04 18:03:41,813][INFO][omni.repo.man.utils.set_niceness:1027] set process niceness to 19 (max)
[2025-09-04 18:03:41,813][INFO][omni.repo.man.configuration.set_token:231] Token: 'platform_target' set to 'linux-x86_64'
[2025-09-04 18:03:41,814][INFO][omni.repo.man.configuration.set_token:231] Token: 'platform_target_abi' set to 'manylinux_2_35_x86_64'
[2025-09-04 18:03:41,815][INFO][omni.repo.man.utils.run_process:241] running process: mkdir --parents /mnt/c/projects/kit-app-template/source/apps
[2025-09-04 18:03:41,817][INFO][omni.repo.build.dependencies.pull_files:275] Skipping project file (doesn't exist): /mnt/c/projects/kit-app-template/deps/host-deps.packman.xml
[2025-09-04 18:03:41,881][INFO][omni.repo.man.utils.run_process:241] running process: /mnt/c/projects/kit-app-template/repo.sh precache_exts -c release
[2025-09-04 18:03:42,717][INFO][omni.repo.man.entry.run:133] Running repo tool: repo_precache_exts@None. args: ['precache_exts', '-c', 'release']
[2025-09-04 18:03:42,729][INFO][omni.repo.precache_exts.run:315] precaching app: /mnt/c/projects/kit-app-template/source/apps/my_company.my_editor.kit
[2025-09-04 18:03:42,733][INFO][omni.repo.man.utils.run_process:241] running process: /mnt/c/projects/kit-app-template/_build/linux-x86_64/release/kit/kit /mnt/c/projects/kit-app-template/source/apps/my_company.my_editor.kit --allow-root --portable --ext-precache-mode --/crashreporter/gatherUserStory=0 --/app/settings/persistent=0 --/app/settings/loadUserConfig=0 --/app/extensions/generateVersionLock=1 --/app/extensions/parallelPullEnabled=1 --/app/enableStdoutOutput=1 --/app/extensions/detailedSolverExplanation=1 --/app/extensions/registryEnabled=1 --/app/extensions/mkdirExtFolders=0 '--/app/extensions/registryCacheFull='"'"'/mnt/c/projects/kit-app-template/_build/linux-x86_64/release/extscache'"'"'' --/log/flushStandardStreamOutput=1 '--/exts/omni.kit.registry.nucleus/registries/0/name="kit/default"' '--/exts/omni.kit.registry.nucleus/registries/0/url="https://ovextensionsprod.blob.core.windows.net/exts/kit/prod/${kit_version_major}/shared"' '--/exts/omni.kit.registry.nucleus/registries/1/name="kit/sdk"' '--/exts/omni.kit.registry.nucleus/registries/1/url="https://ovextensionsprod.blob.core.windows.net/exts/kit/prod/sdk/${kit_version_short}/${kit_git_hash}"' '--/exts/omni.kit.registry.nucleus/registries/2/name="kit/community"' '--/exts/omni.kit.registry.nucleus/registries/2/url="https://dw290v42wisod.cloudfront.net/exts/kit/community"' --/app/extensions/target/config=release --ext-folder /mnt/c/projects/kit-app-template/source/extensions --ext-folder /mnt/c/projects/kit-app-template/source/apps --portable-root /mnt/c/projects/kit-app-template/_build/linux-x86_64/release --/app/extensions/generateVersionLockSkipLocalExts=1
[2025-09-04 18:03:48,942][INFO][omni.repo.build.pippull.pull_pip_dependencies:403] Skip pip pull of because is most recent config (['/mnt/c/projects/kit-app-template/tools/deps/pip.toml']) is older than '/mnt/c/projects/kit-app-template/_build/.lastpippull'.
[2025-09-04 18:03:48,949][INFO][omni.repo.build.build.generate_projects:263] generating project from: /mnt/c/projects/kit-app-template/premake5.lua
[2025-09-04 18:03:48,950][INFO][omni.repo.man.utils.run_process:241] running process: /mnt/c/projects/kit-app-template/_build/host-deps/premake/bin/premake5 --file=/mnt/c/projects/kit-app-template/premake5.lua gmake2 --platform-host=linux-x86_64 --scripts=/home/kamran/.cache/packman/chk/repo_build/1.13.2/lua --platform-target=linux-x86_64 --linux-x86_64-cxx11-abi=True --solution-name=kit-app-template --os=linux
[2025-09-04 18:03:49,926][INFO][omni.repo.man.entry.run:133] Running repo tool: repo_kit_pull_extensions@1.10.0. args: ['pull_extensions', 'setup']
[2025-09-04 18:03:49,930][INFO][omni.repo.man.configuration.set_token:231] Token: 'config' set to 'debug'
[2025-09-04 18:03:49,961][INFO][omni.repo.man.configuration.set_token:231] Token: 'config' set to 'release'
[2025-09-04 18:03:50,949][INFO][omni.repo.man.entry.run:133] Running repo tool: repo_build_number@1.88.2. args: ['build_number', '-o', '/mnt/c/projects/kit-app-template/_build/linux-x86_64/debug/VERSION']
[2025-09-04 18:03:50,951][INFO][omni.repo.man.nvenv.get_git_hash:352] Getting Git hash for directory /mnt/c/projects/kit-app-template
[2025-09-04 18:03:50,952][INFO][omni.repo.man.nvenv.find_git_path:186] Searching for the location of Git
[2025-09-04 18:03:50,952][INFO][omni.repo.man.utils.run_process_return_output:301] running process: which git
[2025-09-04 18:03:50,965][INFO][omni.repo.man.nvenv.find_git_path:249] Git location: git
[2025-09-04 18:03:50,966][INFO][omni.repo.man.utils.run_process_return_output:301] running process: git rev-parse --git-dir
[2025-09-04 18:03:50,989][INFO][omni.repo.man.nvenv.execute_git:284] Calling Git with args: "rev-parse --short=8 HEAD". Try: 1. cwd: '/mnt/c/projects/kit-app-template'
[2025-09-04 18:03:51,027][INFO][omni.repo.man.nvenv.execute_git:295] git call result:
	return code:0
	stdout: 72a92618

	stderr: 
[2025-09-04 18:03:51,028][INFO][omni.repo.man.utils.run_process_return_output:301] running process: git rev-parse --git-dir
[2025-09-04 18:03:51,039][INFO][omni.repo.man.nvenv.execute_git:284] Calling Git with args: "rev-parse --abbrev-ref HEAD". Try: 1. cwd: '/mnt/c/projects/kit-app-template'
[2025-09-04 18:03:51,083][INFO][omni.repo.man.nvenv.execute_git:295] git call result:
	return code:0
	stdout: main

	stderr: 
[2025-09-04 18:03:51,084][INFO][omni.repo.man.build_number.print_log:182] Build number: '108.0+main.0.72a92618.local'
[2025-09-04 18:03:51,087][INFO][omni.repo.man.build_number.print_log:182] Written to file: '/mnt/c/projects/kit-app-template/_build/linux-x86_64/debug/VERSION'
[2025-09-04 18:03:51,923][INFO][omni.repo.man.entry.run:133] Running repo tool: repo_build_number@1.88.2. args: ['build_number', '-o', '/mnt/c/projects/kit-app-template/_build/linux-x86_64/release/VERSION']
[2025-09-04 18:03:51,925][INFO][omni.repo.man.nvenv.get_git_hash:352] Getting Git hash for directory /mnt/c/projects/kit-app-template
[2025-09-04 18:03:51,925][INFO][omni.repo.man.nvenv.find_git_path:186] Searching for the location of Git
[2025-09-04 18:03:51,925][INFO][omni.repo.man.utils.run_process_return_output:301] running process: which git
[2025-09-04 18:03:51,927][INFO][omni.repo.man.nvenv.find_git_path:249] Git location: git
[2025-09-04 18:03:51,927][INFO][omni.repo.man.utils.run_process_return_output:301] running process: git rev-parse --git-dir
[2025-09-04 18:03:51,941][INFO][omni.repo.man.nvenv.execute_git:284] Calling Git with args: "rev-parse --short=8 HEAD". Try: 1. cwd: '/mnt/c/projects/kit-app-template'
[2025-09-04 18:03:51,975][INFO][omni.repo.man.nvenv.execute_git:295] git call result:
	return code:0
	stdout: 72a92618

	stderr: 
[2025-09-04 18:03:51,975][INFO][omni.repo.man.utils.run_process_return_output:301] running process: git rev-parse --git-dir
[2025-09-04 18:03:51,989][INFO][omni.repo.man.nvenv.execute_git:284] Calling Git with args: "rev-parse --abbrev-ref HEAD". Try: 1. cwd: '/mnt/c/projects/kit-app-template'
[2025-09-04 18:03:52,047][INFO][omni.repo.man.nvenv.execute_git:295] git call result:
	return code:0
	stdout: main

	stderr: 
[2025-09-04 18:03:52,047][INFO][omni.repo.man.build_number.print_log:182] Build number: '108.0+main.0.72a92618.local'
[2025-09-04 18:03:52,051][INFO][omni.repo.man.build_number.print_log:182] Written to file: '/mnt/c/projects/kit-app-template/_build/linux-x86_64/release/VERSION'
[2025-09-04 18:03:52,164][INFO][omni.repo.man.fileutils.copy_and_link_using_dict:532] Copy of 0 files took: 0.002 milliseconds.
[2025-09-04 18:03:52,164][INFO][omni.repo.man.fileutils.copy_and_link_using_dict:542] Creating links of 0 folders took: 0.046 milliseconds.
[2025-09-04 18:03:52,329][INFO][omni.repo.man.fileutils.copy_and_link_using_dict:532] Copy of 8 files took: 163.402 milliseconds.
[2025-09-04 18:03:52,349][INFO][omni.repo.man.fileutils.copy_and_link_using_dict:542] Creating links of 8 folders took: 19.725 milliseconds.
[2025-09-04 18:03:52,417][INFO][omni.repo.man.container_utils.get_cgroup_cpu_count:147] Using host CPU count: 32
[2025-09-04 18:03:52,418][INFO][omni.repo.man.container_utils.get_cgroup_memory_limit:219] Could not find cgroup memory limit
[2025-09-04 18:03:52,418][INFO][omni.repo.build.main.compute_job_count:1608] Default job count requested. Setting to all host cores: 7 jobs.
[2025-09-04 18:03:52,418][INFO][omni.repo.man.utils.run_process_return_output:301] running process: make --directory=/mnt/c/projects/kit-app-template/_compiler/gmake2 --stop config=release_x86_64 -j7 --output-sync
[2025-09-04 18:03:52,424][INFO][omni.repo.man.utils.run_process_return_output:301] running process: getconf GNU_LIBC_VERSION
[2025-09-04 18:03:52,429][INFO][omni.repo.man.utils.run_process:241] running process: /mnt/c/projects/kit-app-template/repo.sh stubgen -c release
[2025-09-04 18:03:53,338][INFO][omni.repo.man.entry.run:133] Running repo tool: repo_stubgen@None. args: ['stubgen', '-c', 'release']
[2025-09-04 18:03:53,445][INFO][omni.repo.man.fileutils.copy_and_link_using_dict:532] Copy of 0 files took: 0.000 milliseconds.
[2025-09-04 18:03:53,445][INFO][omni.repo.man.fileutils.copy_and_link_using_dict:542] Creating links of 0 folders took: 0.041 milliseconds.
[2025-09-04 18:04:59,430][INFO][omni.repo.man.entry.run:133] Running repo tool: repo_build@1.13.2. args: ['build']
[2025-09-04 18:04:59,431][INFO][omni.repo.man.utils.set_niceness:1013] set IO niceness to 3 (idle)
[2025-09-04 18:04:59,432][INFO][omni.repo.man.utils.set_niceness:1027] set process niceness to 19 (max)
[2025-09-04 18:04:59,433][INFO][omni.repo.man.configuration.set_token:231] Token: 'platform_target' set to 'linux-x86_64'
[2025-09-04 18:04:59,433][INFO][omni.repo.man.configuration.set_token:231] Token: 'platform_target_abi' set to 'manylinux_2_35_x86_64'
[2025-09-04 18:04:59,433][INFO][omni.repo.man.utils.run_process:241] running process: mkdir --parents /mnt/c/projects/kit-app-template/source/apps
[2025-09-04 18:04:59,436][INFO][omni.repo.build.dependencies.pull_files:275] Skipping project file (doesn't exist): /mnt/c/projects/kit-app-template/deps/host-deps.packman.xml
[2025-09-04 18:04:59,474][INFO][omni.repo.man.utils.run_process:241] running process: /mnt/c/projects/kit-app-template/repo.sh precache_exts -c release
[2025-09-04 18:05:00,322][INFO][omni.repo.man.entry.run:133] Running repo tool: repo_precache_exts@None. args: ['precache_exts', '-c', 'release']
[2025-09-04 18:05:00,336][INFO][omni.repo.precache_exts.run:315] precaching app: /mnt/c/projects/kit-app-template/source/apps/my_company.my_editor.kit
[2025-09-04 18:05:00,338][INFO][omni.repo.man.utils.run_process:241] running process: /mnt/c/projects/kit-app-template/_build/linux-x86_64/release/kit/kit /mnt/c/projects/kit-app-template/source/apps/my_company.my_editor.kit --allow-root --portable --ext-precache-mode --/crashreporter/gatherUserStory=0 --/app/settings/persistent=0 --/app/settings/loadUserConfig=0 --/app/extensions/generateVersionLock=1 --/app/extensions/parallelPullEnabled=1 --/app/enableStdoutOutput=1 --/app/extensions/detailedSolverExplanation=1 --/app/extensions/registryEnabled=1 --/app/extensions/mkdirExtFolders=0 '--/app/extensions/registryCacheFull='"'"'/mnt/c/projects/kit-app-template/_build/linux-x86_64/release/extscache'"'"'' --/log/flushStandardStreamOutput=1 '--/exts/omni.kit.registry.nucleus/registries/0/name="kit/default"' '--/exts/omni.kit.registry.nucleus/registries/0/url="https://ovextensionsprod.blob.core.windows.net/exts/kit/prod/${kit_version_major}/shared"' '--/exts/omni.kit.registry.nucleus/registries/1/name="kit/sdk"' '--/exts/omni.kit.registry.nucleus/registries/1/url="https://ovextensionsprod.blob.core.windows.net/exts/kit/prod/sdk/${kit_version_short}/${kit_git_hash}"' '--/exts/omni.kit.registry.nucleus/registries/2/name="kit/community"' '--/exts/omni.kit.registry.nucleus/registries/2/url="https://dw290v42wisod.cloudfront.net/exts/kit/community"' --/app/extensions/target/config=release --ext-folder /mnt/c/projects/kit-app-template/source/extensions --ext-folder /mnt/c/projects/kit-app-template/source/apps --portable-root /mnt/c/projects/kit-app-template/_build/linux-x86_64/release --/app/extensions/generateVersionLockSkipLocalExts=1
[2025-09-04 18:05:01,027][INFO][omni.repo.build.pippull.pull_pip_dependencies:403] Skip pip pull of because is most recent config (['/mnt/c/projects/kit-app-template/tools/deps/pip.toml']) is older than '/mnt/c/projects/kit-app-template/_build/.lastpippull'.
[2025-09-04 18:05:01,037][INFO][omni.repo.build.build.generate_projects:263] generating project from: /mnt/c/projects/kit-app-template/premake5.lua
[2025-09-04 18:05:01,038][INFO][omni.repo.man.utils.run_process:241] running process: /mnt/c/projects/kit-app-template/_build/host-deps/premake/bin/premake5 --file=/mnt/c/projects/kit-app-template/premake5.lua gmake2 --platform-host=linux-x86_64 --scripts=/home/kamran/.cache/packman/chk/repo_build/1.13.2/lua --platform-target=linux-x86_64 --linux-x86_64-cxx11-abi=True --solution-name=kit-app-template --os=linux
[2025-09-04 18:05:02,011][INFO][omni.repo.man.entry.run:133] Running repo tool: repo_kit_pull_extensions@1.10.0. args: ['pull_extensions', 'setup']
[2025-09-04 18:05:02,015][INFO][omni.repo.man.configuration.set_token:231] Token: 'config' set to 'debug'
[2025-09-04 18:05:02,030][INFO][omni.repo.man.configuration.set_token:231] Token: 'config' set to 'release'
[2025-09-04 18:05:02,941][INFO][omni.repo.man.entry.run:133] Running repo tool: repo_build_number@1.88.2. args: ['build_number', '-o', '/mnt/c/projects/kit-app-template/_build/linux-x86_64/debug/VERSION']
[2025-09-04 18:05:02,945][INFO][omni.repo.man.nvenv.get_git_hash:352] Getting Git hash for directory /mnt/c/projects/kit-app-template
[2025-09-04 18:05:02,946][INFO][omni.repo.man.nvenv.find_git_path:186] Searching for the location of Git
[2025-09-04 18:05:02,946][INFO][omni.repo.man.utils.run_process_return_output:301] running process: which git
[2025-09-04 18:05:02,948][INFO][omni.repo.man.nvenv.find_git_path:249] Git location: git
[2025-09-04 18:05:02,948][INFO][omni.repo.man.utils.run_process_return_output:301] running process: git rev-parse --git-dir
[2025-09-04 18:05:02,955][INFO][omni.repo.man.nvenv.execute_git:284] Calling Git with args: "rev-parse --short=8 HEAD". Try: 1. cwd: '/mnt/c/projects/kit-app-template'
[2025-09-04 18:05:02,978][INFO][omni.repo.man.nvenv.execute_git:295] git call result:
	return code:0
	stdout: 72a92618

	stderr: 
[2025-09-04 18:05:02,978][INFO][omni.repo.man.utils.run_process_return_output:301] running process: git rev-parse --git-dir
[2025-09-04 18:05:02,986][INFO][omni.repo.man.nvenv.execute_git:284] Calling Git with args: "rev-parse --abbrev-ref HEAD". Try: 1. cwd: '/mnt/c/projects/kit-app-template'
[2025-09-04 18:05:03,016][INFO][omni.repo.man.nvenv.execute_git:295] git call result:
	return code:0
	stdout: main

	stderr: 
[2025-09-04 18:05:03,016][INFO][omni.repo.man.build_number.print_log:182] Build number: '108.0+main.0.72a92618.local'
[2025-09-04 18:05:03,020][INFO][omni.repo.man.build_number.print_log:182] Written to file: '/mnt/c/projects/kit-app-template/_build/linux-x86_64/debug/VERSION'
[2025-09-04 18:05:03,865][INFO][omni.repo.man.entry.run:133] Running repo tool: repo_build_number@1.88.2. args: ['build_number', '-o', '/mnt/c/projects/kit-app-template/_build/linux-x86_64/release/VERSION']
[2025-09-04 18:05:03,867][INFO][omni.repo.man.nvenv.get_git_hash:352] Getting Git hash for directory /mnt/c/projects/kit-app-template
[2025-09-04 18:05:03,867][INFO][omni.repo.man.nvenv.find_git_path:186] Searching for the location of Git
[2025-09-04 18:05:03,867][INFO][omni.repo.man.utils.run_process_return_output:301] running process: which git
[2025-09-04 18:05:03,868][INFO][omni.repo.man.nvenv.find_git_path:249] Git location: git
[2025-09-04 18:05:03,869][INFO][omni.repo.man.utils.run_process_return_output:301] running process: git rev-parse --git-dir
[2025-09-04 18:05:03,875][INFO][omni.repo.man.nvenv.execute_git:284] Calling Git with args: "rev-parse --short=8 HEAD". Try: 1. cwd: '/mnt/c/projects/kit-app-template'
[2025-09-04 18:05:03,901][INFO][omni.repo.man.nvenv.execute_git:295] git call result:
	return code:0
	stdout: 72a92618

	stderr: 
[2025-09-04 18:05:03,901][INFO][omni.repo.man.utils.run_process_return_output:301] running process: git rev-parse --git-dir
[2025-09-04 18:05:03,908][INFO][omni.repo.man.nvenv.execute_git:284] Calling Git with args: "rev-parse --abbrev-ref HEAD". Try: 1. cwd: '/mnt/c/projects/kit-app-template'
[2025-09-04 18:05:03,960][INFO][omni.repo.man.nvenv.execute_git:295] git call result:
	return code:0
	stdout: main

	stderr: 
[2025-09-04 18:05:03,960][INFO][omni.repo.man.build_number.print_log:182] Build number: '108.0+main.0.72a92618.local'
[2025-09-04 18:05:03,965][INFO][omni.repo.man.build_number.print_log:182] Written to file: '/mnt/c/projects/kit-app-template/_build/linux-x86_64/release/VERSION'
[2025-09-04 18:05:04,100][INFO][omni.repo.man.fileutils.copy_and_link_using_dict:532] Copy of 0 files took: 0.002 milliseconds.
[2025-09-04 18:05:04,100][INFO][omni.repo.man.fileutils.copy_and_link_using_dict:542] Creating links of 0 folders took: 0.073 milliseconds.
[2025-09-04 18:05:04,177][INFO][omni.repo.man.fileutils.copy_and_link_using_dict:532] Copy of 9 files took: 75.831 milliseconds.
[2025-09-04 18:05:04,209][INFO][omni.repo.man.fileutils.copy_and_link_using_dict:542] Creating links of 13 folders took: 31.412 milliseconds.
[2025-09-04 18:05:04,273][INFO][omni.repo.man.container_utils.get_cgroup_cpu_count:147] Using host CPU count: 32
[2025-09-04 18:05:04,273][INFO][omni.repo.man.container_utils.get_cgroup_memory_limit:219] Could not find cgroup memory limit
[2025-09-04 18:05:04,274][INFO][omni.repo.build.main.compute_job_count:1608] Default job count requested. Setting to all host cores: 7 jobs.
[2025-09-04 18:05:04,274][INFO][omni.repo.man.utils.run_process_return_output:301] running process: make --directory=/mnt/c/projects/kit-app-template/_compiler/gmake2 --stop config=release_x86_64 -j7 --output-sync
[2025-09-04 18:05:04,277][INFO][omni.repo.man.utils.run_process_return_output:301] running process: getconf GNU_LIBC_VERSION
[2025-09-04 18:05:04,280][INFO][omni.repo.man.utils.run_process:241] running process: /mnt/c/projects/kit-app-template/repo.sh stubgen -c release
[2025-09-04 18:05:05,117][INFO][omni.repo.man.entry.run:133] Running repo tool: repo_stubgen@None. args: ['stubgen', '-c', 'release']
[2025-09-04 18:05:05,307][INFO][omni.repo.man.fileutils.copy_and_link_using_dict:532] Copy of 0 files took: 0.001 milliseconds.
[2025-09-04 18:05:05,312][INFO][omni.repo.man.fileutils.copy_and_link_using_dict:542] Creating links of 0 folders took: 0.074 milliseconds.
[2025-09-04 18:05:36,012][INFO][omni.repo.man.entry.run:133] Running repo tool: repo_launch@None. args: ['launch']
[2025-09-04 18:52:20,937][INFO][omni.repo.man.entry.run:133] Running repo tool: repo_build@1.13.2. args: ['build']
[2025-09-04 18:52:20,938][INFO][omni.repo.man.configuration.set_token:231] Token: 'platform_target' set to 'windows-x86_64'
[2025-09-04 18:52:20,938][INFO][omni.repo.man.configuration.set_token:231] Token: 'platform_target_abi' set to 'windows-x86_64'
[2025-09-04 18:52:20,938][INFO][omni.repo.man.utils.run_process:241] running process: powershell -Command "New-Item -ItemType Directory -Path C:/projects/kit-app-template/source/apps -ErrorAction SilentlyContinue" ; "Write-Host 'Done'"
[2025-09-04 18:52:21,167][INFO][omni.repo.build.dependencies.pull_files:275] Skipping project file (doesn't exist): C:/projects/kit-app-template/deps/host-deps.packman.xml
[2025-09-04 18:52:21,255][INFO][omni.repo.man.utils.run_process:241] running process: C:/projects/kit-app-template/repo.bat precache_exts -c release
[2025-09-04 18:52:22,058][INFO][omni.repo.man.entry.run:133] Running repo tool: repo_precache_exts@None. args: ['precache_exts', '-c', 'release']
[2025-09-04 18:52:22,060][INFO][omni.repo.precache_exts.run:315] precaching app: C:\projects\kit-app-template\source\apps\my_company.my_editor.kit
[2025-09-04 18:52:22,061][INFO][omni.repo.man.utils.run_process:241] running process: C:\projects\kit-app-template\_build\windows-x86_64\release\kit\kit.exe C:\projects\kit-app-template\source\apps\my_company.my_editor.kit --allow-root --portable --ext-precache-mode --/crashreporter/gatherUserStory=0 --/app/settings/persistent=0 --/app/settings/loadUserConfig=0 --/app/extensions/generateVersionLock=1 --/app/extensions/parallelPullEnabled=1 --/app/enableStdoutOutput=1 --/app/extensions/detailedSolverExplanation=1 --/app/extensions/registryEnabled=1 --/app/extensions/mkdirExtFolders=0 --/app/extensions/registryCacheFull='C:\projects\kit-app-template\_build\windows-x86_64\release\extscache' --/log/flushStandardStreamOutput=1 --/exts/omni.kit.registry.nucleus/registries/0/name=\"kit/default\" --/exts/omni.kit.registry.nucleus/registries/0/url=\"https://ovextensionsprod.blob.core.windows.net/exts/kit/prod/${kit_version_major}/shared\" --/exts/omni.kit.registry.nucleus/registries/1/name=\"kit/sdk\" --/exts/omni.kit.registry.nucleus/registries/1/url=\"https://ovextensionsprod.blob.core.windows.net/exts/kit/prod/sdk/${kit_version_short}/${kit_git_hash}\" --/exts/omni.kit.registry.nucleus/registries/2/name=\"kit/community\" --/exts/omni.kit.registry.nucleus/registries/2/url=\"https://dw290v42wisod.cloudfront.net/exts/kit/community\" --/app/extensions/target/config=release --ext-folder C:\projects\kit-app-template\source\extensions --ext-folder C:\projects\kit-app-template\source\apps --portable-root C:/projects/kit-app-template/_build/windows-x86_64/release --/app/extensions/generateVersionLockSkipLocalExts=1
[2025-09-04 18:52:22,355][INFO][omni.repo.build.pippull.pull_pip_dependencies:403] Skip pip pull of because is most recent config (['C:/projects/kit-app-template/tools/deps/pip.toml']) is older than 'C:/projects/kit-app-template/_build\.lastpippull'.
[2025-09-04 18:52:22,356][INFO][omni.repo.build.build.generate_projects:263] generating project from: C:/projects/kit-app-template/premake5.lua
[2025-09-04 18:52:22,356][INFO][omni.repo.man.utils.run_process:241] running process: C:/projects/kit-app-template/_build/host-deps\premake\bin\premake5.exe --file=C:/projects/kit-app-template/premake5.lua no-compile --platform-host=windows-x86_64 --scripts=C:\packman-repo\chk\repo_build\1.13.2\lua --platform-target=windows-x86_64 --linux-x86_64-cxx11-abi=True --solution-name=kit-app-template
[2025-09-04 18:52:23,243][INFO][omni.repo.man.entry.run:133] Running repo tool: repo_kit_pull_extensions@1.10.0. args: ['pull_extensions', 'setup']
[2025-09-04 18:52:23,244][INFO][omni.repo.man.configuration.set_token:231] Token: 'config' set to 'debug'
[2025-09-04 18:52:23,246][INFO][omni.repo.man.configuration.set_token:231] Token: 'config' set to 'release'
[2025-09-04 18:52:24,080][INFO][omni.repo.man.entry.run:133] Running repo tool: repo_build_number@1.88.2. args: ['build_number', '-o', 'c:/projects/kit-app-template/_build/windows-x86_64/debug/VERSION']
[2025-09-04 18:52:24,081][INFO][omni.repo.man.nvenv.get_git_hash:352] Getting Git hash for directory c:\projects\kit-app-template
[2025-09-04 18:52:24,081][INFO][omni.repo.man.nvenv.find_git_path:186] Searching for the location of Git
[2025-09-04 18:52:24,082][INFO][omni.repo.man.nvenv.find_git_path:201] Git 2.28.0-windows-x86_64 fetched by packman
[2025-09-04 18:52:24,082][INFO][omni.repo.man.nvenv.find_git_path:249] Git location: C:/packman-repo/chk/git/2.28.0-windows-x86_64\bin/git.exe
[2025-09-04 18:52:24,082][INFO][omni.repo.man.utils.run_process_return_output:301] running process: C:/packman-repo/chk/git/2.28.0-windows-x86_64\bin/git.exe rev-parse --git-dir
[2025-09-04 18:52:24,124][INFO][omni.repo.man.nvenv.execute_git:284] Calling Git with args: "rev-parse --short=8 HEAD". Try: 1. cwd: 'c:\projects\kit-app-template'
[2025-09-04 18:52:24,155][INFO][omni.repo.man.nvenv.execute_git:295] git call result:
	return code:0
	stdout: 72a92618

	stderr: 
[2025-09-04 18:52:24,155][INFO][omni.repo.man.utils.run_process_return_output:301] running process: C:/packman-repo/chk/git/2.28.0-windows-x86_64\bin/git.exe rev-parse --git-dir
[2025-09-04 18:52:24,182][INFO][omni.repo.man.nvenv.execute_git:284] Calling Git with args: "rev-parse --abbrev-ref HEAD". Try: 1. cwd: 'c:\projects\kit-app-template'
[2025-09-04 18:52:24,214][INFO][omni.repo.man.nvenv.execute_git:295] git call result:
	return code:0
	stdout: main

	stderr: 
[2025-09-04 18:52:24,215][INFO][omni.repo.man.build_number.print_log:182] Build number: '108.0+main.0.72a92618.local'
[2025-09-04 18:52:24,217][INFO][omni.repo.man.build_number.print_log:182] Written to file: 'c:\projects\kit-app-template\_build\windows-x86_64\debug\VERSION'
[2025-09-04 18:52:25,056][INFO][omni.repo.man.entry.run:133] Running repo tool: repo_build_number@1.88.2. args: ['build_number', '-o', 'c:/projects/kit-app-template/_build/windows-x86_64/release/VERSION']
[2025-09-04 18:52:25,056][INFO][omni.repo.man.nvenv.get_git_hash:352] Getting Git hash for directory c:\projects\kit-app-template
[2025-09-04 18:52:25,057][INFO][omni.repo.man.nvenv.find_git_path:186] Searching for the location of Git
[2025-09-04 18:52:25,058][INFO][omni.repo.man.nvenv.find_git_path:201] Git 2.28.0-windows-x86_64 fetched by packman
[2025-09-04 18:52:25,058][INFO][omni.repo.man.nvenv.find_git_path:249] Git location: C:/packman-repo/chk/git/2.28.0-windows-x86_64\bin/git.exe
[2025-09-04 18:52:25,058][INFO][omni.repo.man.utils.run_process_return_output:301] running process: C:/packman-repo/chk/git/2.28.0-windows-x86_64\bin/git.exe rev-parse --git-dir
[2025-09-04 18:52:25,090][INFO][omni.repo.man.nvenv.execute_git:284] Calling Git with args: "rev-parse --short=8 HEAD". Try: 1. cwd: 'c:\projects\kit-app-template'
[2025-09-04 18:52:25,120][INFO][omni.repo.man.nvenv.execute_git:295] git call result:
	return code:0
	stdout: 72a92618

	stderr: 
[2025-09-04 18:52:25,120][INFO][omni.repo.man.utils.run_process_return_output:301] running process: C:/packman-repo/chk/git/2.28.0-windows-x86_64\bin/git.exe rev-parse --git-dir
[2025-09-04 18:52:25,147][INFO][omni.repo.man.nvenv.execute_git:284] Calling Git with args: "rev-parse --abbrev-ref HEAD". Try: 1. cwd: 'c:\projects\kit-app-template'
[2025-09-04 18:52:25,177][INFO][omni.repo.man.nvenv.execute_git:295] git call result:
	return code:0
	stdout: main

	stderr: 
[2025-09-04 18:52:25,177][INFO][omni.repo.man.build_number.print_log:182] Build number: '108.0+main.0.72a92618.local'
[2025-09-04 18:52:25,179][INFO][omni.repo.man.build_number.print_log:182] Written to file: 'c:\projects\kit-app-template\_build\windows-x86_64\release\VERSION'
[2025-09-04 18:52:25,242][INFO][omni.repo.man.fileutils.copy_and_link_using_dict:532] Copy of 0 files took: 0.000 milliseconds.
[2025-09-04 18:52:25,242][INFO][omni.repo.man.fileutils.copy_and_link_using_dict:542] Creating links of 0 folders took: 0.000 milliseconds.
[2025-09-04 18:52:25,246][INFO][omni.repo.man.fileutils.copy_and_link_using_dict:532] Copy of 9 files took: 2.998 milliseconds.
[2025-09-04 18:52:25,263][INFO][omni.repo.man.fileutils.copy_and_link_using_dict:542] Creating links of 13 folders took: 17.508 milliseconds.
[2025-09-04 18:52:28,291][INFO][omni.repo.man.entry.run:133] Running repo tool: repo_launch@None. args: ['launch']
[2025-09-04 18:54:09,604][INFO][omni.repo.man.entry.run:133] Running repo tool: repo_build@1.13.2. args: ['build']
[2025-09-04 18:54:09,604][INFO][omni.repo.man.configuration.set_token:231] Token: 'platform_target' set to 'windows-x86_64'
[2025-09-04 18:54:09,605][INFO][omni.repo.man.configuration.set_token:231] Token: 'platform_target_abi' set to 'windows-x86_64'
[2025-09-04 18:54:09,605][INFO][omni.repo.man.utils.run_process:241] running process: powershell -Command "New-Item -ItemType Directory -Path C:/projects/kit-app-template/source/apps -ErrorAction SilentlyContinue" ; "Write-Host 'Done'"
[2025-09-04 18:54:09,769][INFO][omni.repo.build.dependencies.pull_files:275] Skipping project file (doesn't exist): C:/projects/kit-app-template/deps/host-deps.packman.xml
[2025-09-04 18:54:09,777][INFO][omni.repo.man.utils.run_process:241] running process: C:/projects/kit-app-template/repo.bat precache_exts -c release
[2025-09-04 18:54:10,574][INFO][omni.repo.man.entry.run:133] Running repo tool: repo_precache_exts@None. args: ['precache_exts', '-c', 'release']
[2025-09-04 18:54:10,576][INFO][omni.repo.precache_exts.run:315] precaching app: C:\projects\kit-app-template\source\apps\my_company.my_editor.kit
[2025-09-04 18:54:10,577][INFO][omni.repo.man.utils.run_process:241] running process: C:\projects\kit-app-template\_build\windows-x86_64\release\kit\kit.exe C:\projects\kit-app-template\source\apps\my_company.my_editor.kit --allow-root --portable --ext-precache-mode --/crashreporter/gatherUserStory=0 --/app/settings/persistent=0 --/app/settings/loadUserConfig=0 --/app/extensions/generateVersionLock=1 --/app/extensions/parallelPullEnabled=1 --/app/enableStdoutOutput=1 --/app/extensions/detailedSolverExplanation=1 --/app/extensions/registryEnabled=1 --/app/extensions/mkdirExtFolders=0 --/app/extensions/registryCacheFull='C:\projects\kit-app-template\_build\windows-x86_64\release\extscache' --/log/flushStandardStreamOutput=1 --/exts/omni.kit.registry.nucleus/registries/0/name=\"kit/default\" --/exts/omni.kit.registry.nucleus/registries/0/url=\"https://ovextensionsprod.blob.core.windows.net/exts/kit/prod/${kit_version_major}/shared\" --/exts/omni.kit.registry.nucleus/registries/1/name=\"kit/sdk\" --/exts/omni.kit.registry.nucleus/registries/1/url=\"https://ovextensionsprod.blob.core.windows.net/exts/kit/prod/sdk/${kit_version_short}/${kit_git_hash}\" --/exts/omni.kit.registry.nucleus/registries/2/name=\"kit/community\" --/exts/omni.kit.registry.nucleus/registries/2/url=\"https://dw290v42wisod.cloudfront.net/exts/kit/community\" --/app/extensions/target/config=release --ext-folder C:\projects\kit-app-template\source\extensions --ext-folder C:\projects\kit-app-template\source\apps --portable-root C:/projects/kit-app-template/_build/windows-x86_64/release --/app/extensions/generateVersionLockSkipLocalExts=1
[2025-09-04 18:54:10,862][INFO][omni.repo.build.pippull.pull_pip_dependencies:403] Skip pip pull of because is most recent config (['C:/projects/kit-app-template/tools/deps/pip.toml']) is older than 'C:/projects/kit-app-template/_build\.lastpippull'.
[2025-09-04 18:54:10,864][INFO][omni.repo.build.build.generate_projects:263] generating project from: C:/projects/kit-app-template/premake5.lua
[2025-09-04 18:54:10,864][INFO][omni.repo.man.utils.run_process:241] running process: C:/projects/kit-app-template/_build/host-deps\premake\bin\premake5.exe --file=C:/projects/kit-app-template/premake5.lua no-compile --platform-host=windows-x86_64 --scripts=C:\packman-repo\chk\repo_build\1.13.2\lua --platform-target=windows-x86_64 --linux-x86_64-cxx11-abi=True --solution-name=kit-app-template
[2025-09-04 18:54:11,734][INFO][omni.repo.man.entry.run:133] Running repo tool: repo_kit_pull_extensions@1.10.0. args: ['pull_extensions', 'setup']
[2025-09-04 18:54:11,735][INFO][omni.repo.man.configuration.set_token:231] Token: 'config' set to 'debug'
[2025-09-04 18:54:11,738][INFO][omni.repo.man.configuration.set_token:231] Token: 'config' set to 'release'
[2025-09-04 18:54:12,581][INFO][omni.repo.man.entry.run:133] Running repo tool: repo_build_number@1.88.2. args: ['build_number', '-o', 'c:/projects/kit-app-template/_build/windows-x86_64/debug/VERSION']
[2025-09-04 18:54:12,582][INFO][omni.repo.man.nvenv.get_git_hash:352] Getting Git hash for directory c:\projects\kit-app-template
[2025-09-04 18:54:12,582][INFO][omni.repo.man.nvenv.find_git_path:186] Searching for the location of Git
[2025-09-04 18:54:12,583][INFO][omni.repo.man.nvenv.find_git_path:201] Git 2.28.0-windows-x86_64 fetched by packman
[2025-09-04 18:54:12,583][INFO][omni.repo.man.nvenv.find_git_path:249] Git location: C:/packman-repo/chk/git/2.28.0-windows-x86_64\bin/git.exe
[2025-09-04 18:54:12,583][INFO][omni.repo.man.utils.run_process_return_output:301] running process: C:/packman-repo/chk/git/2.28.0-windows-x86_64\bin/git.exe rev-parse --git-dir
[2025-09-04 18:54:12,622][INFO][omni.repo.man.nvenv.execute_git:284] Calling Git with args: "rev-parse --short=8 HEAD". Try: 1. cwd: 'c:\projects\kit-app-template'
[2025-09-04 18:54:12,651][INFO][omni.repo.man.nvenv.execute_git:295] git call result:
	return code:0
	stdout: 72a92618

	stderr: 
[2025-09-04 18:54:12,652][INFO][omni.repo.man.utils.run_process_return_output:301] running process: C:/packman-repo/chk/git/2.28.0-windows-x86_64\bin/git.exe rev-parse --git-dir
[2025-09-04 18:54:12,679][INFO][omni.repo.man.nvenv.execute_git:284] Calling Git with args: "rev-parse --abbrev-ref HEAD". Try: 1. cwd: 'c:\projects\kit-app-template'
[2025-09-04 18:54:12,708][INFO][omni.repo.man.nvenv.execute_git:295] git call result:
	return code:0
	stdout: main

	stderr: 
[2025-09-04 18:54:12,709][INFO][omni.repo.man.build_number.print_log:182] Build number: '108.0+main.0.72a92618.local'
[2025-09-04 18:54:12,711][INFO][omni.repo.man.build_number.print_log:182] Written to file: 'c:\projects\kit-app-template\_build\windows-x86_64\debug\VERSION'
[2025-09-04 18:54:13,541][INFO][omni.repo.man.entry.run:133] Running repo tool: repo_build_number@1.88.2. args: ['build_number', '-o', 'c:/projects/kit-app-template/_build/windows-x86_64/release/VERSION']
[2025-09-04 18:54:13,541][INFO][omni.repo.man.nvenv.get_git_hash:352] Getting Git hash for directory c:\projects\kit-app-template
[2025-09-04 18:54:13,542][INFO][omni.repo.man.nvenv.find_git_path:186] Searching for the location of Git
[2025-09-04 18:54:13,543][INFO][omni.repo.man.nvenv.find_git_path:201] Git 2.28.0-windows-x86_64 fetched by packman
[2025-09-04 18:54:13,543][INFO][omni.repo.man.nvenv.find_git_path:249] Git location: C:/packman-repo/chk/git/2.28.0-windows-x86_64\bin/git.exe
[2025-09-04 18:54:13,544][INFO][omni.repo.man.utils.run_process_return_output:301] running process: C:/packman-repo/chk/git/2.28.0-windows-x86_64\bin/git.exe rev-parse --git-dir
[2025-09-04 18:54:13,575][INFO][omni.repo.man.nvenv.execute_git:284] Calling Git with args: "rev-parse --short=8 HEAD". Try: 1. cwd: 'c:\projects\kit-app-template'
[2025-09-04 18:54:13,606][INFO][omni.repo.man.nvenv.execute_git:295] git call result:
	return code:0
	stdout: 72a92618

	stderr: 
[2025-09-04 18:54:13,608][INFO][omni.repo.man.utils.run_process_return_output:301] running process: C:/packman-repo/chk/git/2.28.0-windows-x86_64\bin/git.exe rev-parse --git-dir
[2025-09-04 18:54:13,634][INFO][omni.repo.man.nvenv.execute_git:284] Calling Git with args: "rev-parse --abbrev-ref HEAD". Try: 1. cwd: 'c:\projects\kit-app-template'
[2025-09-04 18:54:13,665][INFO][omni.repo.man.nvenv.execute_git:295] git call result:
	return code:0
	stdout: main

	stderr: 
[2025-09-04 18:54:13,665][INFO][omni.repo.man.build_number.print_log:182] Build number: '108.0+main.0.72a92618.local'
[2025-09-04 18:54:13,667][INFO][omni.repo.man.build_number.print_log:182] Written to file: 'c:\projects\kit-app-template\_build\windows-x86_64\release\VERSION'
[2025-09-04 18:54:13,726][INFO][omni.repo.man.fileutils.copy_and_link_using_dict:532] Copy of 0 files took: 0.000 milliseconds.
[2025-09-04 18:54:13,727][INFO][omni.repo.man.fileutils.copy_and_link_using_dict:542] Creating links of 0 folders took: 0.000 milliseconds.
[2025-09-04 18:54:13,728][INFO][omni.repo.man.fileutils.copy_and_link_using_dict:532] Copy of 9 files took: 0.992 milliseconds.
[2025-09-04 18:54:13,733][INFO][omni.repo.man.fileutils.copy_and_link_using_dict:542] Creating links of 13 folders took: 4.008 milliseconds.
[2025-09-04 18:54:16,908][INFO][omni.repo.man.entry.run:133] Running repo tool: repo_launch@None. args: ['launch']
[2025-09-04 19:18:35,736][INFO][omni.repo.man.entry.run:133] Running repo tool: repo_build@1.13.2. args: ['build']
[2025-09-04 19:18:35,738][INFO][omni.repo.man.utils.set_niceness:1013] set IO niceness to 3 (idle)
[2025-09-04 19:18:35,740][INFO][omni.repo.man.utils.set_niceness:1027] set process niceness to 19 (max)
[2025-09-04 19:18:35,740][INFO][omni.repo.man.configuration.set_token:231] Token: 'platform_target' set to 'linux-x86_64'
[2025-09-04 19:18:35,741][INFO][omni.repo.man.configuration.set_token:231] Token: 'platform_target_abi' set to 'manylinux_2_35_x86_64'
[2025-09-04 19:18:35,742][INFO][omni.repo.man.utils.run_process:241] running process: mkdir --parents /mnt/c/projects/kit-app-template/source/apps
[2025-09-04 19:18:35,745][INFO][omni.repo.build.dependencies.pull_files:275] Skipping project file (doesn't exist): /mnt/c/projects/kit-app-template/deps/host-deps.packman.xml
[2025-09-04 19:18:35,808][INFO][omni.repo.man.utils.run_process:241] running process: /mnt/c/projects/kit-app-template/repo.sh precache_exts -c release
[2025-09-04 19:18:36,629][INFO][omni.repo.man.entry.run:133] Running repo tool: repo_precache_exts@None. args: ['precache_exts', '-c', 'release']
[2025-09-04 19:18:36,645][INFO][omni.repo.precache_exts.run:315] precaching app: /mnt/c/projects/kit-app-template/source/apps/my_company.my_editor.kit
[2025-09-04 19:18:36,649][INFO][omni.repo.man.utils.run_process:241] running process: /mnt/c/projects/kit-app-template/_build/linux-x86_64/release/kit/kit /mnt/c/projects/kit-app-template/source/apps/my_company.my_editor.kit --allow-root --portable --ext-precache-mode --/crashreporter/gatherUserStory=0 --/app/settings/persistent=0 --/app/settings/loadUserConfig=0 --/app/extensions/generateVersionLock=1 --/app/extensions/parallelPullEnabled=1 --/app/enableStdoutOutput=1 --/app/extensions/detailedSolverExplanation=1 --/app/extensions/registryEnabled=1 --/app/extensions/mkdirExtFolders=0 '--/app/extensions/registryCacheFull='"'"'/mnt/c/projects/kit-app-template/_build/linux-x86_64/release/extscache'"'"'' --/log/flushStandardStreamOutput=1 '--/exts/omni.kit.registry.nucleus/registries/0/name="kit/default"' '--/exts/omni.kit.registry.nucleus/registries/0/url="https://ovextensionsprod.blob.core.windows.net/exts/kit/prod/${kit_version_major}/shared"' '--/exts/omni.kit.registry.nucleus/registries/1/name="kit/sdk"' '--/exts/omni.kit.registry.nucleus/registries/1/url="https://ovextensionsprod.blob.core.windows.net/exts/kit/prod/sdk/${kit_version_short}/${kit_git_hash}"' '--/exts/omni.kit.registry.nucleus/registries/2/name="kit/community"' '--/exts/omni.kit.registry.nucleus/registries/2/url="https://dw290v42wisod.cloudfront.net/exts/kit/community"' --/app/extensions/target/config=release --ext-folder /mnt/c/projects/kit-app-template/source/extensions --ext-folder /mnt/c/projects/kit-app-template/source/apps --portable-root /mnt/c/projects/kit-app-template/_build/linux-x86_64/release --/app/extensions/generateVersionLockSkipLocalExts=1
[2025-09-04 19:18:37,314][INFO][omni.repo.build.pippull.pull_pip_dependencies:403] Skip pip pull of because is most recent config (['/mnt/c/projects/kit-app-template/tools/deps/pip.toml']) is older than '/mnt/c/projects/kit-app-template/_build/.lastpippull'.
[2025-09-04 19:18:37,317][INFO][omni.repo.build.build.generate_projects:263] generating project from: /mnt/c/projects/kit-app-template/premake5.lua
[2025-09-04 19:18:37,317][INFO][omni.repo.man.utils.run_process:241] running process: /mnt/c/projects/kit-app-template/_build/host-deps/premake/bin/premake5 --file=/mnt/c/projects/kit-app-template/premake5.lua gmake2 --platform-host=linux-x86_64 --scripts=/home/kamran/.cache/packman/chk/repo_build/1.13.2/lua --platform-target=linux-x86_64 --linux-x86_64-cxx11-abi=True --solution-name=kit-app-template --os=linux
[2025-09-04 19:18:38,211][INFO][omni.repo.man.entry.run:133] Running repo tool: repo_kit_pull_extensions@1.10.0. args: ['pull_extensions', 'setup']
[2025-09-04 19:18:38,216][INFO][omni.repo.man.configuration.set_token:231] Token: 'config' set to 'debug'
[2025-09-04 19:18:38,236][INFO][omni.repo.man.configuration.set_token:231] Token: 'config' set to 'release'
[2025-09-04 19:18:39,044][INFO][omni.repo.man.entry.run:133] Running repo tool: repo_build_number@1.88.2. args: ['build_number', '-o', '/mnt/c/projects/kit-app-template/_build/linux-x86_64/debug/VERSION']
[2025-09-04 19:18:39,045][INFO][omni.repo.man.nvenv.get_git_hash:352] Getting Git hash for directory /mnt/c/projects/kit-app-template
[2025-09-04 19:18:39,045][INFO][omni.repo.man.nvenv.find_git_path:186] Searching for the location of Git
[2025-09-04 19:18:39,045][INFO][omni.repo.man.utils.run_process_return_output:301] running process: which git
[2025-09-04 19:18:39,047][INFO][omni.repo.man.nvenv.find_git_path:249] Git location: git
[2025-09-04 19:18:39,048][INFO][omni.repo.man.utils.run_process_return_output:301] running process: git rev-parse --git-dir
[2025-09-04 19:18:39,060][INFO][omni.repo.man.nvenv.execute_git:284] Calling Git with args: "rev-parse --short=8 HEAD". Try: 1. cwd: '/mnt/c/projects/kit-app-template'
[2025-09-04 19:18:39,087][INFO][omni.repo.man.nvenv.execute_git:295] git call result:
	return code:0
	stdout: 72a92618

	stderr: 
[2025-09-04 19:18:39,088][INFO][omni.repo.man.utils.run_process_return_output:301] running process: git rev-parse --git-dir
[2025-09-04 19:18:39,094][INFO][omni.repo.man.nvenv.execute_git:284] Calling Git with args: "rev-parse --abbrev-ref HEAD". Try: 1. cwd: '/mnt/c/projects/kit-app-template'
[2025-09-04 19:18:39,123][INFO][omni.repo.man.nvenv.execute_git:295] git call result:
	return code:0
	stdout: main

	stderr: 
[2025-09-04 19:18:39,123][INFO][omni.repo.man.build_number.print_log:182] Build number: '108.0+main.0.72a92618.local'
[2025-09-04 19:18:39,126][INFO][omni.repo.man.build_number.print_log:182] Written to file: '/mnt/c/projects/kit-app-template/_build/linux-x86_64/debug/VERSION'
[2025-09-04 19:18:40,014][INFO][omni.repo.man.entry.run:133] Running repo tool: repo_build_number@1.88.2. args: ['build_number', '-o', '/mnt/c/projects/kit-app-template/_build/linux-x86_64/release/VERSION']
[2025-09-04 19:18:40,016][INFO][omni.repo.man.nvenv.get_git_hash:352] Getting Git hash for directory /mnt/c/projects/kit-app-template
[2025-09-04 19:18:40,016][INFO][omni.repo.man.nvenv.find_git_path:186] Searching for the location of Git
[2025-09-04 19:18:40,016][INFO][omni.repo.man.utils.run_process_return_output:301] running process: which git
[2025-09-04 19:18:40,017][INFO][omni.repo.man.nvenv.find_git_path:249] Git location: git
[2025-09-04 19:18:40,018][INFO][omni.repo.man.utils.run_process_return_output:301] running process: git rev-parse --git-dir
[2025-09-04 19:18:40,025][INFO][omni.repo.man.nvenv.execute_git:284] Calling Git with args: "rev-parse --short=8 HEAD". Try: 1. cwd: '/mnt/c/projects/kit-app-template'
[2025-09-04 19:18:40,046][INFO][omni.repo.man.nvenv.execute_git:295] git call result:
	return code:0
	stdout: 72a92618

	stderr: 
[2025-09-04 19:18:40,047][INFO][omni.repo.man.utils.run_process_return_output:301] running process: git rev-parse --git-dir
[2025-09-04 19:18:40,054][INFO][omni.repo.man.nvenv.execute_git:284] Calling Git with args: "rev-parse --abbrev-ref HEAD". Try: 1. cwd: '/mnt/c/projects/kit-app-template'
[2025-09-04 19:18:40,084][INFO][omni.repo.man.nvenv.execute_git:295] git call result:
	return code:0
	stdout: main

	stderr: 
[2025-09-04 19:18:40,085][INFO][omni.repo.man.build_number.print_log:182] Build number: '108.0+main.0.72a92618.local'
[2025-09-04 19:18:40,089][INFO][omni.repo.man.build_number.print_log:182] Written to file: '/mnt/c/projects/kit-app-template/_build/linux-x86_64/release/VERSION'
[2025-09-04 19:18:40,178][INFO][omni.repo.man.fileutils.copy_and_link_using_dict:532] Copy of 0 files took: 0.002 milliseconds.
[2025-09-04 19:18:40,178][INFO][omni.repo.man.fileutils.copy_and_link_using_dict:542] Creating links of 0 folders took: 0.040 milliseconds.
[2025-09-04 19:18:40,245][INFO][omni.repo.man.fileutils.copy_and_link_using_dict:532] Copy of 9 files took: 65.013 milliseconds.
[2025-09-04 19:18:40,261][INFO][omni.repo.man.fileutils.copy_and_link_using_dict:542] Creating links of 13 folders took: 15.707 milliseconds.
[2025-09-04 19:18:40,335][INFO][omni.repo.man.container_utils.get_cgroup_cpu_count:147] Using host CPU count: 32
[2025-09-04 19:18:40,335][INFO][omni.repo.man.container_utils.get_cgroup_memory_limit:219] Could not find cgroup memory limit
[2025-09-04 19:18:40,336][INFO][omni.repo.build.main.compute_job_count:1608] Default job count requested. Setting to all host cores: 7 jobs.
[2025-09-04 19:18:40,336][INFO][omni.repo.man.utils.run_process_return_output:301] running process: make --directory=/mnt/c/projects/kit-app-template/_compiler/gmake2 --stop config=release_x86_64 -j7 --output-sync
[2025-09-04 19:18:40,341][INFO][omni.repo.man.utils.run_process_return_output:301] running process: getconf GNU_LIBC_VERSION
[2025-09-04 19:18:40,345][INFO][omni.repo.man.utils.run_process:241] running process: /mnt/c/projects/kit-app-template/repo.sh stubgen -c release
[2025-09-04 19:18:41,118][INFO][omni.repo.man.entry.run:133] Running repo tool: repo_stubgen@None. args: ['stubgen', '-c', 'release']
[2025-09-04 19:18:41,338][INFO][omni.repo.man.fileutils.copy_and_link_using_dict:532] Copy of 0 files took: 0.000 milliseconds.
[2025-09-04 19:18:41,339][INFO][omni.repo.man.fileutils.copy_and_link_using_dict:542] Creating links of 0 folders took: 0.043 milliseconds.
[2025-09-04 19:19:05,752][INFO][omni.repo.man.entry.run:133] Running repo tool: repo_launch@None. args: ['launch']
[2025-09-04 19:20:29,919][INFO][omni.repo.man.entry.run:133] Running repo tool: repo_build@1.13.2. args: ['build']
[2025-09-04 19:20:29,921][INFO][omni.repo.man.utils.set_niceness:1013] set IO niceness to 3 (idle)
[2025-09-04 19:20:29,923][INFO][omni.repo.man.utils.set_niceness:1027] set process niceness to 19 (max)
[2025-09-04 19:20:29,923][INFO][omni.repo.man.configuration.set_token:231] Token: 'platform_target' set to 'linux-x86_64'
[2025-09-04 19:20:29,923][INFO][omni.repo.man.configuration.set_token:231] Token: 'platform_target_abi' set to 'manylinux_2_35_x86_64'
[2025-09-04 19:20:29,924][INFO][omni.repo.man.utils.run_process:241] running process: mkdir --parents /mnt/c/projects/kit-app-template/source/apps
[2025-09-04 19:20:29,926][INFO][omni.repo.build.dependencies.pull_files:275] Skipping project file (doesn't exist): /mnt/c/projects/kit-app-template/deps/host-deps.packman.xml
[2025-09-04 19:20:29,980][INFO][omni.repo.man.utils.run_process:241] running process: /mnt/c/projects/kit-app-template/repo.sh precache_exts -c release
[2025-09-04 19:20:30,749][INFO][omni.repo.man.entry.run:133] Running repo tool: repo_precache_exts@None. args: ['precache_exts', '-c', 'release']
[2025-09-04 19:20:30,760][INFO][omni.repo.precache_exts.run:315] precaching app: /mnt/c/projects/kit-app-template/source/apps/my_company.my_editor.kit
[2025-09-04 19:20:30,762][INFO][omni.repo.man.utils.run_process:241] running process: /mnt/c/projects/kit-app-template/_build/linux-x86_64/release/kit/kit /mnt/c/projects/kit-app-template/source/apps/my_company.my_editor.kit --allow-root --portable --ext-precache-mode --/crashreporter/gatherUserStory=0 --/app/settings/persistent=0 --/app/settings/loadUserConfig=0 --/app/extensions/generateVersionLock=1 --/app/extensions/parallelPullEnabled=1 --/app/enableStdoutOutput=1 --/app/extensions/detailedSolverExplanation=1 --/app/extensions/registryEnabled=1 --/app/extensions/mkdirExtFolders=0 '--/app/extensions/registryCacheFull='"'"'/mnt/c/projects/kit-app-template/_build/linux-x86_64/release/extscache'"'"'' --/log/flushStandardStreamOutput=1 '--/exts/omni.kit.registry.nucleus/registries/0/name="kit/default"' '--/exts/omni.kit.registry.nucleus/registries/0/url="https://ovextensionsprod.blob.core.windows.net/exts/kit/prod/${kit_version_major}/shared"' '--/exts/omni.kit.registry.nucleus/registries/1/name="kit/sdk"' '--/exts/omni.kit.registry.nucleus/registries/1/url="https://ovextensionsprod.blob.core.windows.net/exts/kit/prod/sdk/${kit_version_short}/${kit_git_hash}"' '--/exts/omni.kit.registry.nucleus/registries/2/name="kit/community"' '--/exts/omni.kit.registry.nucleus/registries/2/url="https://dw290v42wisod.cloudfront.net/exts/kit/community"' --/app/extensions/target/config=release --ext-folder /mnt/c/projects/kit-app-template/source/extensions --ext-folder /mnt/c/projects/kit-app-template/source/apps --portable-root /mnt/c/projects/kit-app-template/_build/linux-x86_64/release --/app/extensions/generateVersionLockSkipLocalExts=1
[2025-09-04 19:20:31,376][INFO][omni.repo.build.pippull.pull_pip_dependencies:403] Skip pip pull of because is most recent config (['/mnt/c/projects/kit-app-template/tools/deps/pip.toml']) is older than '/mnt/c/projects/kit-app-template/_build/.lastpippull'.
[2025-09-04 19:20:31,385][INFO][omni.repo.build.build.generate_projects:263] generating project from: /mnt/c/projects/kit-app-template/premake5.lua
[2025-09-04 19:20:31,386][INFO][omni.repo.man.utils.run_process:241] running process: /mnt/c/projects/kit-app-template/_build/host-deps/premake/bin/premake5 --file=/mnt/c/projects/kit-app-template/premake5.lua gmake2 --platform-host=linux-x86_64 --scripts=/home/kamran/.cache/packman/chk/repo_build/1.13.2/lua --platform-target=linux-x86_64 --linux-x86_64-cxx11-abi=True --solution-name=kit-app-template --os=linux
[2025-09-04 19:20:32,311][INFO][omni.repo.man.entry.run:133] Running repo tool: repo_kit_pull_extensions@1.10.0. args: ['pull_extensions', 'setup']
[2025-09-04 19:20:32,314][INFO][omni.repo.man.configuration.set_token:231] Token: 'config' set to 'debug'
[2025-09-04 19:20:32,329][INFO][omni.repo.man.configuration.set_token:231] Token: 'config' set to 'release'
[2025-09-04 19:20:33,171][INFO][omni.repo.man.entry.run:133] Running repo tool: repo_build_number@1.88.2. args: ['build_number', '-o', '/mnt/c/projects/kit-app-template/_build/linux-x86_64/debug/VERSION']
[2025-09-04 19:20:33,172][INFO][omni.repo.man.nvenv.get_git_hash:352] Getting Git hash for directory /mnt/c/projects/kit-app-template
[2025-09-04 19:20:33,172][INFO][omni.repo.man.nvenv.find_git_path:186] Searching for the location of Git
[2025-09-04 19:20:33,173][INFO][omni.repo.man.utils.run_process_return_output:301] running process: which git
[2025-09-04 19:20:33,174][INFO][omni.repo.man.nvenv.find_git_path:249] Git location: git
[2025-09-04 19:20:33,174][INFO][omni.repo.man.utils.run_process_return_output:301] running process: git rev-parse --git-dir
[2025-09-04 19:20:33,181][INFO][omni.repo.man.nvenv.execute_git:284] Calling Git with args: "rev-parse --short=8 HEAD". Try: 1. cwd: '/mnt/c/projects/kit-app-template'
[2025-09-04 19:20:33,203][INFO][omni.repo.man.nvenv.execute_git:295] git call result:
	return code:0
	stdout: 72a92618

	stderr: 
[2025-09-04 19:20:33,203][INFO][omni.repo.man.utils.run_process_return_output:301] running process: git rev-parse --git-dir
[2025-09-04 19:20:33,210][INFO][omni.repo.man.nvenv.execute_git:284] Calling Git with args: "rev-parse --abbrev-ref HEAD". Try: 1. cwd: '/mnt/c/projects/kit-app-template'
[2025-09-04 19:20:33,238][INFO][omni.repo.man.nvenv.execute_git:295] git call result:
	return code:0
	stdout: main

	stderr: 
[2025-09-04 19:20:33,239][INFO][omni.repo.man.build_number.print_log:182] Build number: '108.0+main.0.72a92618.local'
[2025-09-04 19:20:33,243][INFO][omni.repo.man.build_number.print_log:182] Written to file: '/mnt/c/projects/kit-app-template/_build/linux-x86_64/debug/VERSION'
[2025-09-04 19:20:34,036][INFO][omni.repo.man.entry.run:133] Running repo tool: repo_build_number@1.88.2. args: ['build_number', '-o', '/mnt/c/projects/kit-app-template/_build/linux-x86_64/release/VERSION']
[2025-09-04 19:20:34,037][INFO][omni.repo.man.nvenv.get_git_hash:352] Getting Git hash for directory /mnt/c/projects/kit-app-template
[2025-09-04 19:20:34,038][INFO][omni.repo.man.nvenv.find_git_path:186] Searching for the location of Git
[2025-09-04 19:20:34,038][INFO][omni.repo.man.utils.run_process_return_output:301] running process: which git
[2025-09-04 19:20:34,039][INFO][omni.repo.man.nvenv.find_git_path:249] Git location: git
[2025-09-04 19:20:34,039][INFO][omni.repo.man.utils.run_process_return_output:301] running process: git rev-parse --git-dir
[2025-09-04 19:20:34,046][INFO][omni.repo.man.nvenv.execute_git:284] Calling Git with args: "rev-parse --short=8 HEAD". Try: 1. cwd: '/mnt/c/projects/kit-app-template'
[2025-09-04 19:20:34,065][INFO][omni.repo.man.nvenv.execute_git:295] git call result:
	return code:0
	stdout: 72a92618

	stderr: 
[2025-09-04 19:20:34,067][INFO][omni.repo.man.utils.run_process_return_output:301] running process: git rev-parse --git-dir
[2025-09-04 19:20:34,073][INFO][omni.repo.man.nvenv.execute_git:284] Calling Git with args: "rev-parse --abbrev-ref HEAD". Try: 1. cwd: '/mnt/c/projects/kit-app-template'
[2025-09-04 19:20:34,102][INFO][omni.repo.man.nvenv.execute_git:295] git call result:
	return code:0
	stdout: main

	stderr: 
[2025-09-04 19:20:34,102][INFO][omni.repo.man.build_number.print_log:182] Build number: '108.0+main.0.72a92618.local'
[2025-09-04 19:20:34,105][INFO][omni.repo.man.build_number.print_log:182] Written to file: '/mnt/c/projects/kit-app-template/_build/linux-x86_64/release/VERSION'
[2025-09-04 19:20:34,223][INFO][omni.repo.man.fileutils.copy_and_link_using_dict:532] Copy of 0 files took: 0.002 milliseconds.
[2025-09-04 19:20:34,223][INFO][omni.repo.man.fileutils.copy_and_link_using_dict:542] Creating links of 0 folders took: 0.038 milliseconds.
[2025-09-04 19:20:34,294][INFO][omni.repo.man.fileutils.copy_and_link_using_dict:532] Copy of 9 files took: 69.409 milliseconds.
[2025-09-04 19:20:34,313][INFO][omni.repo.man.fileutils.copy_and_link_using_dict:542] Creating links of 13 folders took: 19.104 milliseconds.
[2025-09-04 19:20:34,393][INFO][omni.repo.man.container_utils.get_cgroup_cpu_count:147] Using host CPU count: 32
[2025-09-04 19:20:34,394][INFO][omni.repo.man.container_utils.get_cgroup_memory_limit:219] Could not find cgroup memory limit
[2025-09-04 19:20:34,394][INFO][omni.repo.build.main.compute_job_count:1608] Default job count requested. Setting to all host cores: 7 jobs.
[2025-09-04 19:20:34,394][INFO][omni.repo.man.utils.run_process_return_output:301] running process: make --directory=/mnt/c/projects/kit-app-template/_compiler/gmake2 --stop config=release_x86_64 -j7 --output-sync
[2025-09-04 19:20:34,398][INFO][omni.repo.man.utils.run_process_return_output:301] running process: getconf GNU_LIBC_VERSION
[2025-09-04 19:20:34,401][INFO][omni.repo.man.utils.run_process:241] running process: /mnt/c/projects/kit-app-template/repo.sh stubgen -c release
[2025-09-04 19:20:35,144][INFO][omni.repo.man.entry.run:133] Running repo tool: repo_stubgen@None. args: ['stubgen', '-c', 'release']
[2025-09-04 19:20:35,323][INFO][omni.repo.man.fileutils.copy_and_link_using_dict:532] Copy of 0 files took: 0.000 milliseconds.
[2025-09-04 19:20:35,323][INFO][omni.repo.man.fileutils.copy_and_link_using_dict:542] Creating links of 0 folders took: 0.044 milliseconds.
[2025-09-04 19:21:10,485][INFO][omni.repo.man.entry.run:133] Running repo tool: repo_launch@None. args: ['launch']
[2025-09-04 19:23:02,242][INFO][omni.repo.man.entry.run:133] Running repo tool: repo_build@1.13.2. args: ['build']
[2025-09-04 19:23:02,243][INFO][omni.repo.man.configuration.set_token:231] Token: 'platform_target' set to 'windows-x86_64'
[2025-09-04 19:23:02,243][INFO][omni.repo.man.configuration.set_token:231] Token: 'platform_target_abi' set to 'windows-x86_64'
[2025-09-04 19:23:02,244][INFO][omni.repo.man.utils.run_process:241] running process: powershell -Command "New-Item -ItemType Directory -Path C:/projects/kit-app-template/source/apps -ErrorAction SilentlyContinue" ; "Write-Host 'Done'"
[2025-09-04 19:23:02,506][INFO][omni.repo.build.dependencies.pull_files:275] Skipping project file (doesn't exist): C:/projects/kit-app-template/deps/host-deps.packman.xml
[2025-09-04 19:23:02,583][INFO][omni.repo.man.utils.run_process:241] running process: C:/projects/kit-app-template/repo.bat precache_exts -c release
[2025-09-04 19:23:03,411][INFO][omni.repo.man.entry.run:133] Running repo tool: repo_precache_exts@None. args: ['precache_exts', '-c', 'release']
[2025-09-04 19:23:03,413][INFO][omni.repo.precache_exts.run:315] precaching app: C:\projects\kit-app-template\source\apps\my_company.my_editor.kit
[2025-09-04 19:23:03,414][INFO][omni.repo.man.utils.run_process:241] running process: C:\projects\kit-app-template\_build\windows-x86_64\release\kit\kit.exe C:\projects\kit-app-template\source\apps\my_company.my_editor.kit --allow-root --portable --ext-precache-mode --/crashreporter/gatherUserStory=0 --/app/settings/persistent=0 --/app/settings/loadUserConfig=0 --/app/extensions/generateVersionLock=1 --/app/extensions/parallelPullEnabled=1 --/app/enableStdoutOutput=1 --/app/extensions/detailedSolverExplanation=1 --/app/extensions/registryEnabled=1 --/app/extensions/mkdirExtFolders=0 --/app/extensions/registryCacheFull='C:\projects\kit-app-template\_build\windows-x86_64\release\extscache' --/log/flushStandardStreamOutput=1 --/exts/omni.kit.registry.nucleus/registries/0/name=\"kit/default\" --/exts/omni.kit.registry.nucleus/registries/0/url=\"https://ovextensionsprod.blob.core.windows.net/exts/kit/prod/${kit_version_major}/shared\" --/exts/omni.kit.registry.nucleus/registries/1/name=\"kit/sdk\" --/exts/omni.kit.registry.nucleus/registries/1/url=\"https://ovextensionsprod.blob.core.windows.net/exts/kit/prod/sdk/${kit_version_short}/${kit_git_hash}\" --/exts/omni.kit.registry.nucleus/registries/2/name=\"kit/community\" --/exts/omni.kit.registry.nucleus/registries/2/url=\"https://dw290v42wisod.cloudfront.net/exts/kit/community\" --/app/extensions/target/config=release --ext-folder C:\projects\kit-app-template\source\extensions --ext-folder C:\projects\kit-app-template\source\apps --portable-root C:/projects/kit-app-template/_build/windows-x86_64/release --/app/extensions/generateVersionLockSkipLocalExts=1
[2025-09-04 19:23:03,720][INFO][omni.repo.build.pippull.pull_pip_dependencies:403] Skip pip pull of because is most recent config (['C:/projects/kit-app-template/tools/deps/pip.toml']) is older than 'C:/projects/kit-app-template/_build\.lastpippull'.
[2025-09-04 19:23:03,721][INFO][omni.repo.build.build.generate_projects:263] generating project from: C:/projects/kit-app-template/premake5.lua
[2025-09-04 19:23:03,721][INFO][omni.repo.man.utils.run_process:241] running process: C:/projects/kit-app-template/_build/host-deps\premake\bin\premake5.exe --file=C:/projects/kit-app-template/premake5.lua no-compile --platform-host=windows-x86_64 --scripts=C:\packman-repo\chk\repo_build\1.13.2\lua --platform-target=windows-x86_64 --linux-x86_64-cxx11-abi=True --solution-name=kit-app-template
[2025-09-04 19:23:04,639][INFO][omni.repo.man.entry.run:133] Running repo tool: repo_kit_pull_extensions@1.10.0. args: ['pull_extensions', 'setup']
[2025-09-04 19:23:04,640][INFO][omni.repo.man.configuration.set_token:231] Token: 'config' set to 'debug'
[2025-09-04 19:23:04,642][INFO][omni.repo.man.configuration.set_token:231] Token: 'config' set to 'release'
[2025-09-04 19:23:05,515][INFO][omni.repo.man.entry.run:133] Running repo tool: repo_build_number@1.88.2. args: ['build_number', '-o', 'c:/projects/kit-app-template/_build/windows-x86_64/debug/VERSION']
[2025-09-04 19:23:05,515][INFO][omni.repo.man.nvenv.get_git_hash:352] Getting Git hash for directory c:\projects\kit-app-template
[2025-09-04 19:23:05,516][INFO][omni.repo.man.nvenv.find_git_path:186] Searching for the location of Git
[2025-09-04 19:23:05,517][INFO][omni.repo.man.nvenv.find_git_path:201] Git 2.28.0-windows-x86_64 fetched by packman
[2025-09-04 19:23:05,517][INFO][omni.repo.man.nvenv.find_git_path:249] Git location: C:/packman-repo/chk/git/2.28.0-windows-x86_64\bin/git.exe
[2025-09-04 19:23:05,517][INFO][omni.repo.man.utils.run_process_return_output:301] running process: C:/packman-repo/chk/git/2.28.0-windows-x86_64\bin/git.exe rev-parse --git-dir
[2025-09-04 19:23:05,563][INFO][omni.repo.man.nvenv.execute_git:284] Calling Git with args: "rev-parse --short=8 HEAD". Try: 1. cwd: 'c:\projects\kit-app-template'
[2025-09-04 19:23:05,594][INFO][omni.repo.man.nvenv.execute_git:295] git call result:
	return code:0
	stdout: 72a92618

	stderr: 
[2025-09-04 19:23:05,594][INFO][omni.repo.man.utils.run_process_return_output:301] running process: C:/packman-repo/chk/git/2.28.0-windows-x86_64\bin/git.exe rev-parse --git-dir
[2025-09-04 19:23:05,620][INFO][omni.repo.man.nvenv.execute_git:284] Calling Git with args: "rev-parse --abbrev-ref HEAD". Try: 1. cwd: 'c:\projects\kit-app-template'
[2025-09-04 19:23:05,649][INFO][omni.repo.man.nvenv.execute_git:295] git call result:
	return code:0
	stdout: main

	stderr: 
[2025-09-04 19:23:05,650][INFO][omni.repo.man.build_number.print_log:182] Build number: '108.0+main.0.72a92618.local'
[2025-09-04 19:23:05,652][INFO][omni.repo.man.build_number.print_log:182] Written to file: 'c:\projects\kit-app-template\_build\windows-x86_64\debug\VERSION'
[2025-09-04 19:23:06,515][INFO][omni.repo.man.entry.run:133] Running repo tool: repo_build_number@1.88.2. args: ['build_number', '-o', 'c:/projects/kit-app-template/_build/windows-x86_64/release/VERSION']
[2025-09-04 19:23:06,515][INFO][omni.repo.man.nvenv.get_git_hash:352] Getting Git hash for directory c:\projects\kit-app-template
[2025-09-04 19:23:06,515][INFO][omni.repo.man.nvenv.find_git_path:186] Searching for the location of Git
[2025-09-04 19:23:06,517][INFO][omni.repo.man.nvenv.find_git_path:201] Git 2.28.0-windows-x86_64 fetched by packman
[2025-09-04 19:23:06,517][INFO][omni.repo.man.nvenv.find_git_path:249] Git location: C:/packman-repo/chk/git/2.28.0-windows-x86_64\bin/git.exe
[2025-09-04 19:23:06,517][INFO][omni.repo.man.utils.run_process_return_output:301] running process: C:/packman-repo/chk/git/2.28.0-windows-x86_64\bin/git.exe rev-parse --git-dir
[2025-09-04 19:23:06,549][INFO][omni.repo.man.nvenv.execute_git:284] Calling Git with args: "rev-parse --short=8 HEAD". Try: 1. cwd: 'c:\projects\kit-app-template'
[2025-09-04 19:23:06,579][INFO][omni.repo.man.nvenv.execute_git:295] git call result:
	return code:0
	stdout: 72a92618

	stderr: 
[2025-09-04 19:23:06,579][INFO][omni.repo.man.utils.run_process_return_output:301] running process: C:/packman-repo/chk/git/2.28.0-windows-x86_64\bin/git.exe rev-parse --git-dir
[2025-09-04 19:23:06,607][INFO][omni.repo.man.nvenv.execute_git:284] Calling Git with args: "rev-parse --abbrev-ref HEAD". Try: 1. cwd: 'c:\projects\kit-app-template'
[2025-09-04 19:23:06,638][INFO][omni.repo.man.nvenv.execute_git:295] git call result:
	return code:0
	stdout: main

	stderr: 
[2025-09-04 19:23:06,638][INFO][omni.repo.man.build_number.print_log:182] Build number: '108.0+main.0.72a92618.local'
[2025-09-04 19:23:06,640][INFO][omni.repo.man.build_number.print_log:182] Written to file: 'c:\projects\kit-app-template\_build\windows-x86_64\release\VERSION'
[2025-09-04 19:23:06,708][INFO][omni.repo.man.fileutils.copy_and_link_using_dict:532] Copy of 0 files took: 0.000 milliseconds.
[2025-09-04 19:23:06,709][INFO][omni.repo.man.fileutils.copy_and_link_using_dict:542] Creating links of 0 folders took: 0.000 milliseconds.
[2025-09-04 19:23:06,713][INFO][omni.repo.man.fileutils.copy_and_link_using_dict:532] Copy of 9 files took: 4.022 milliseconds.
[2025-09-04 19:23:06,723][INFO][omni.repo.man.fileutils.copy_and_link_using_dict:542] Creating links of 13 folders took: 9.993 milliseconds.
[2025-09-04 19:23:16,373][INFO][omni.repo.man.entry.run:133] Running repo tool: repo_launch@None. args: ['launch']
[2025-09-04 19:26:44,646][INFO][omni.repo.man.entry.run:133] Running repo tool: repo_build@1.13.2. args: ['build']
[2025-09-04 19:26:44,646][INFO][omni.repo.man.configuration.set_token:231] Token: 'platform_target' set to 'windows-x86_64'
[2025-09-04 19:26:44,646][INFO][omni.repo.man.configuration.set_token:231] Token: 'platform_target_abi' set to 'windows-x86_64'
[2025-09-04 19:26:44,647][INFO][omni.repo.man.utils.run_process:241] running process: powershell -Command "New-Item -ItemType Directory -Path C:/projects/kit-app-template/source/apps -ErrorAction SilentlyContinue" ; "Write-Host 'Done'"
[2025-09-04 19:26:44,834][INFO][omni.repo.build.dependencies.pull_files:275] Skipping project file (doesn't exist): C:/projects/kit-app-template/deps/host-deps.packman.xml
[2025-09-04 19:26:44,841][INFO][omni.repo.man.utils.run_process:241] running process: C:/projects/kit-app-template/repo.bat precache_exts -c release
[2025-09-04 19:26:45,669][INFO][omni.repo.man.entry.run:133] Running repo tool: repo_precache_exts@None. args: ['precache_exts', '-c', 'release']
[2025-09-04 19:26:45,671][INFO][omni.repo.precache_exts.run:315] precaching app: C:\projects\kit-app-template\source\apps\my_company.my_editor.kit
[2025-09-04 19:26:45,672][INFO][omni.repo.man.utils.run_process:241] running process: C:\projects\kit-app-template\_build\windows-x86_64\release\kit\kit.exe C:\projects\kit-app-template\source\apps\my_company.my_editor.kit --allow-root --portable --ext-precache-mode --/crashreporter/gatherUserStory=0 --/app/settings/persistent=0 --/app/settings/loadUserConfig=0 --/app/extensions/generateVersionLock=1 --/app/extensions/parallelPullEnabled=1 --/app/enableStdoutOutput=1 --/app/extensions/detailedSolverExplanation=1 --/app/extensions/registryEnabled=1 --/app/extensions/mkdirExtFolders=0 --/app/extensions/registryCacheFull='C:\projects\kit-app-template\_build\windows-x86_64\release\extscache' --/log/flushStandardStreamOutput=1 --/exts/omni.kit.registry.nucleus/registries/0/name=\"kit/default\" --/exts/omni.kit.registry.nucleus/registries/0/url=\"https://ovextensionsprod.blob.core.windows.net/exts/kit/prod/${kit_version_major}/shared\" --/exts/omni.kit.registry.nucleus/registries/1/name=\"kit/sdk\" --/exts/omni.kit.registry.nucleus/registries/1/url=\"https://ovextensionsprod.blob.core.windows.net/exts/kit/prod/sdk/${kit_version_short}/${kit_git_hash}\" --/exts/omni.kit.registry.nucleus/registries/2/name=\"kit/community\" --/exts/omni.kit.registry.nucleus/registries/2/url=\"https://dw290v42wisod.cloudfront.net/exts/kit/community\" --/app/extensions/target/config=release --ext-folder C:\projects\kit-app-template\source\extensions --ext-folder C:\projects\kit-app-template\source\apps --portable-root C:/projects/kit-app-template/_build/windows-x86_64/release --/app/extensions/generateVersionLockSkipLocalExts=1
[2025-09-04 19:26:45,976][INFO][omni.repo.build.pippull.pull_pip_dependencies:403] Skip pip pull of because is most recent config (['C:/projects/kit-app-template/tools/deps/pip.toml']) is older than 'C:/projects/kit-app-template/_build\.lastpippull'.
[2025-09-04 19:26:45,976][INFO][omni.repo.build.build.generate_projects:263] generating project from: C:/projects/kit-app-template/premake5.lua
[2025-09-04 19:26:45,976][INFO][omni.repo.man.utils.run_process:241] running process: C:/projects/kit-app-template/_build/host-deps\premake\bin\premake5.exe --file=C:/projects/kit-app-template/premake5.lua no-compile --platform-host=windows-x86_64 --scripts=C:\packman-repo\chk\repo_build\1.13.2\lua --platform-target=windows-x86_64 --linux-x86_64-cxx11-abi=True --solution-name=kit-app-template
[2025-09-04 19:26:46,901][INFO][omni.repo.man.entry.run:133] Running repo tool: repo_kit_pull_extensions@1.10.0. args: ['pull_extensions', 'setup']
[2025-09-04 19:26:46,902][INFO][omni.repo.man.configuration.set_token:231] Token: 'config' set to 'debug'
[2025-09-04 19:26:46,904][INFO][omni.repo.man.configuration.set_token:231] Token: 'config' set to 'release'
[2025-09-04 19:26:47,761][INFO][omni.repo.man.entry.run:133] Running repo tool: repo_build_number@1.88.2. args: ['build_number', '-o', 'c:/projects/kit-app-template/_build/windows-x86_64/debug/VERSION']
[2025-09-04 19:26:47,761][INFO][omni.repo.man.nvenv.get_git_hash:352] Getting Git hash for directory c:\projects\kit-app-template
[2025-09-04 19:26:47,761][INFO][omni.repo.man.nvenv.find_git_path:186] Searching for the location of Git
[2025-09-04 19:26:47,763][INFO][omni.repo.man.nvenv.find_git_path:201] Git 2.28.0-windows-x86_64 fetched by packman
[2025-09-04 19:26:47,763][INFO][omni.repo.man.nvenv.find_git_path:249] Git location: C:/packman-repo/chk/git/2.28.0-windows-x86_64\bin/git.exe
[2025-09-04 19:26:47,763][INFO][omni.repo.man.utils.run_process_return_output:301] running process: C:/packman-repo/chk/git/2.28.0-windows-x86_64\bin/git.exe rev-parse --git-dir
[2025-09-04 19:26:47,855][INFO][omni.repo.man.nvenv.execute_git:284] Calling Git with args: "rev-parse --short=8 HEAD". Try: 1. cwd: 'c:\projects\kit-app-template'
[2025-09-04 19:26:47,885][INFO][omni.repo.man.nvenv.execute_git:295] git call result:
	return code:0
	stdout: 72a92618

	stderr: 
[2025-09-04 19:26:47,885][INFO][omni.repo.man.utils.run_process_return_output:301] running process: C:/packman-repo/chk/git/2.28.0-windows-x86_64\bin/git.exe rev-parse --git-dir
[2025-09-04 19:26:47,913][INFO][omni.repo.man.nvenv.execute_git:284] Calling Git with args: "rev-parse --abbrev-ref HEAD". Try: 1. cwd: 'c:\projects\kit-app-template'
[2025-09-04 19:26:47,944][INFO][omni.repo.man.nvenv.execute_git:295] git call result:
	return code:0
	stdout: main

	stderr: 
[2025-09-04 19:26:47,945][INFO][omni.repo.man.build_number.print_log:182] Build number: '108.0+main.0.72a92618.local'
[2025-09-04 19:26:47,947][INFO][omni.repo.man.build_number.print_log:182] Written to file: 'c:\projects\kit-app-template\_build\windows-x86_64\debug\VERSION'
[2025-09-04 19:26:48,801][INFO][omni.repo.man.entry.run:133] Running repo tool: repo_build_number@1.88.2. args: ['build_number', '-o', 'c:/projects/kit-app-template/_build/windows-x86_64/release/VERSION']
[2025-09-04 19:26:48,801][INFO][omni.repo.man.nvenv.get_git_hash:352] Getting Git hash for directory c:\projects\kit-app-template
[2025-09-04 19:26:48,801][INFO][omni.repo.man.nvenv.find_git_path:186] Searching for the location of Git
[2025-09-04 19:26:48,803][INFO][omni.repo.man.nvenv.find_git_path:201] Git 2.28.0-windows-x86_64 fetched by packman
[2025-09-04 19:26:48,803][INFO][omni.repo.man.nvenv.find_git_path:249] Git location: C:/packman-repo/chk/git/2.28.0-windows-x86_64\bin/git.exe
[2025-09-04 19:26:48,803][INFO][omni.repo.man.utils.run_process_return_output:301] running process: C:/packman-repo/chk/git/2.28.0-windows-x86_64\bin/git.exe rev-parse --git-dir
[2025-09-04 19:26:48,835][INFO][omni.repo.man.nvenv.execute_git:284] Calling Git with args: "rev-parse --short=8 HEAD". Try: 1. cwd: 'c:\projects\kit-app-template'
[2025-09-04 19:26:48,865][INFO][omni.repo.man.nvenv.execute_git:295] git call result:
	return code:0
	stdout: 72a92618

	stderr: 
[2025-09-04 19:26:48,866][INFO][omni.repo.man.utils.run_process_return_output:301] running process: C:/packman-repo/chk/git/2.28.0-windows-x86_64\bin/git.exe rev-parse --git-dir
[2025-09-04 19:26:48,895][INFO][omni.repo.man.nvenv.execute_git:284] Calling Git with args: "rev-parse --abbrev-ref HEAD". Try: 1. cwd: 'c:\projects\kit-app-template'
[2025-09-04 19:26:48,924][INFO][omni.repo.man.nvenv.execute_git:295] git call result:
	return code:0
	stdout: main

	stderr: 
[2025-09-04 19:26:48,925][INFO][omni.repo.man.build_number.print_log:182] Build number: '108.0+main.0.72a92618.local'
[2025-09-04 19:26:48,927][INFO][omni.repo.man.build_number.print_log:182] Written to file: 'c:\projects\kit-app-template\_build\windows-x86_64\release\VERSION'
[2025-09-04 19:26:49,007][INFO][omni.repo.man.fileutils.copy_and_link_using_dict:532] Copy of 0 files took: 0.000 milliseconds.
[2025-09-04 19:26:49,008][INFO][omni.repo.man.fileutils.copy_and_link_using_dict:542] Creating links of 0 folders took: 0.000 milliseconds.
[2025-09-04 19:26:49,021][INFO][omni.repo.man.fileutils.copy_and_link_using_dict:532] Copy of 9 files took: 11.007 milliseconds.
[2025-09-04 19:26:49,034][INFO][omni.repo.man.fileutils.copy_and_link_using_dict:542] Creating links of 13 folders took: 12.010 milliseconds.
[2025-09-04 19:27:01,759][INFO][omni.repo.man.entry.run:133] Running repo tool: repo_launch@None. args: ['launch']
[2025-09-04 19:28:33,892][INFO][omni.repo.man.entry.run:133] Running repo tool: repo_build@1.13.2. args: ['build']
[2025-09-04 19:28:33,893][INFO][omni.repo.man.configuration.set_token:231] Token: 'platform_target' set to 'windows-x86_64'
[2025-09-04 19:28:33,893][INFO][omni.repo.man.configuration.set_token:231] Token: 'platform_target_abi' set to 'windows-x86_64'
[2025-09-04 19:28:33,893][INFO][omni.repo.man.utils.run_process:241] running process: powershell -Command "New-Item -ItemType Directory -Path C:/projects/kit-app-template/source/apps -ErrorAction SilentlyContinue" ; "Write-Host 'Done'"
[2025-09-04 19:28:34,076][INFO][omni.repo.build.dependencies.pull_files:275] Skipping project file (doesn't exist): C:/projects/kit-app-template/deps/host-deps.packman.xml
[2025-09-04 19:28:34,084][INFO][omni.repo.man.utils.run_process:241] running process: C:/projects/kit-app-template/repo.bat precache_exts -c release
[2025-09-04 19:28:34,900][INFO][omni.repo.man.entry.run:133] Running repo tool: repo_precache_exts@None. args: ['precache_exts', '-c', 'release']
[2025-09-04 19:28:34,901][INFO][omni.repo.precache_exts.run:315] precaching app: C:\projects\kit-app-template\source\apps\my_company.my_editor.kit
[2025-09-04 19:28:34,902][INFO][omni.repo.man.utils.run_process:241] running process: C:\projects\kit-app-template\_build\windows-x86_64\release\kit\kit.exe C:\projects\kit-app-template\source\apps\my_company.my_editor.kit --allow-root --portable --ext-precache-mode --/crashreporter/gatherUserStory=0 --/app/settings/persistent=0 --/app/settings/loadUserConfig=0 --/app/extensions/generateVersionLock=1 --/app/extensions/parallelPullEnabled=1 --/app/enableStdoutOutput=1 --/app/extensions/detailedSolverExplanation=1 --/app/extensions/registryEnabled=1 --/app/extensions/mkdirExtFolders=0 --/app/extensions/registryCacheFull='C:\projects\kit-app-template\_build\windows-x86_64\release\extscache' --/log/flushStandardStreamOutput=1 --/exts/omni.kit.registry.nucleus/registries/0/name=\"kit/default\" --/exts/omni.kit.registry.nucleus/registries/0/url=\"https://ovextensionsprod.blob.core.windows.net/exts/kit/prod/${kit_version_major}/shared\" --/exts/omni.kit.registry.nucleus/registries/1/name=\"kit/sdk\" --/exts/omni.kit.registry.nucleus/registries/1/url=\"https://ovextensionsprod.blob.core.windows.net/exts/kit/prod/sdk/${kit_version_short}/${kit_git_hash}\" --/exts/omni.kit.registry.nucleus/registries/2/name=\"kit/community\" --/exts/omni.kit.registry.nucleus/registries/2/url=\"https://dw290v42wisod.cloudfront.net/exts/kit/community\" --/app/extensions/target/config=release --ext-folder C:\projects\kit-app-template\source\extensions --ext-folder C:\projects\kit-app-template\source\apps --portable-root C:/projects/kit-app-template/_build/windows-x86_64/release --/app/extensions/generateVersionLockSkipLocalExts=1
[2025-09-04 19:28:35,200][INFO][omni.repo.build.pippull.pull_pip_dependencies:403] Skip pip pull of because is most recent config (['C:/projects/kit-app-template/tools/deps/pip.toml']) is older than 'C:/projects/kit-app-template/_build\.lastpippull'.
[2025-09-04 19:28:35,200][INFO][omni.repo.build.build.generate_projects:263] generating project from: C:/projects/kit-app-template/premake5.lua
[2025-09-04 19:28:35,200][INFO][omni.repo.man.utils.run_process:241] running process: C:/projects/kit-app-template/_build/host-deps\premake\bin\premake5.exe --file=C:/projects/kit-app-template/premake5.lua no-compile --platform-host=windows-x86_64 --scripts=C:\packman-repo\chk\repo_build\1.13.2\lua --platform-target=windows-x86_64 --linux-x86_64-cxx11-abi=True --solution-name=kit-app-template
[2025-09-04 19:28:36,110][INFO][omni.repo.man.entry.run:133] Running repo tool: repo_kit_pull_extensions@1.10.0. args: ['pull_extensions', 'setup']
[2025-09-04 19:28:36,110][INFO][omni.repo.man.configuration.set_token:231] Token: 'config' set to 'debug'
[2025-09-04 19:28:36,113][INFO][omni.repo.man.configuration.set_token:231] Token: 'config' set to 'release'
[2025-09-04 19:28:36,980][INFO][omni.repo.man.entry.run:133] Running repo tool: repo_build_number@1.88.2. args: ['build_number', '-o', 'c:/projects/kit-app-template/_build/windows-x86_64/debug/VERSION']
[2025-09-04 19:28:36,980][INFO][omni.repo.man.nvenv.get_git_hash:352] Getting Git hash for directory c:\projects\kit-app-template
[2025-09-04 19:28:36,980][INFO][omni.repo.man.nvenv.find_git_path:186] Searching for the location of Git
[2025-09-04 19:28:36,982][INFO][omni.repo.man.nvenv.find_git_path:201] Git 2.28.0-windows-x86_64 fetched by packman
[2025-09-04 19:28:36,982][INFO][omni.repo.man.nvenv.find_git_path:249] Git location: C:/packman-repo/chk/git/2.28.0-windows-x86_64\bin/git.exe
[2025-09-04 19:28:36,982][INFO][omni.repo.man.utils.run_process_return_output:301] running process: C:/packman-repo/chk/git/2.28.0-windows-x86_64\bin/git.exe rev-parse --git-dir
[2025-09-04 19:28:37,020][INFO][omni.repo.man.nvenv.execute_git:284] Calling Git with args: "rev-parse --short=8 HEAD". Try: 1. cwd: 'c:\projects\kit-app-template'
[2025-09-04 19:28:37,051][INFO][omni.repo.man.nvenv.execute_git:295] git call result:
	return code:0
	stdout: 72a92618

	stderr: 
[2025-09-04 19:28:37,051][INFO][omni.repo.man.utils.run_process_return_output:301] running process: C:/packman-repo/chk/git/2.28.0-windows-x86_64\bin/git.exe rev-parse --git-dir
[2025-09-04 19:28:37,079][INFO][omni.repo.man.nvenv.execute_git:284] Calling Git with args: "rev-parse --abbrev-ref HEAD". Try: 1. cwd: 'c:\projects\kit-app-template'
[2025-09-04 19:28:37,109][INFO][omni.repo.man.nvenv.execute_git:295] git call result:
	return code:0
	stdout: main

	stderr: 
[2025-09-04 19:28:37,109][INFO][omni.repo.man.build_number.print_log:182] Build number: '108.0+main.0.72a92618.local'
[2025-09-04 19:28:37,112][INFO][omni.repo.man.build_number.print_log:182] Written to file: 'c:\projects\kit-app-template\_build\windows-x86_64\debug\VERSION'
[2025-09-04 19:28:37,976][INFO][omni.repo.man.entry.run:133] Running repo tool: repo_build_number@1.88.2. args: ['build_number', '-o', 'c:/projects/kit-app-template/_build/windows-x86_64/release/VERSION']
[2025-09-04 19:28:37,976][INFO][omni.repo.man.nvenv.get_git_hash:352] Getting Git hash for directory c:\projects\kit-app-template
[2025-09-04 19:28:37,976][INFO][omni.repo.man.nvenv.find_git_path:186] Searching for the location of Git
[2025-09-04 19:28:37,977][INFO][omni.repo.man.nvenv.find_git_path:201] Git 2.28.0-windows-x86_64 fetched by packman
[2025-09-04 19:28:37,978][INFO][omni.repo.man.nvenv.find_git_path:249] Git location: C:/packman-repo/chk/git/2.28.0-windows-x86_64\bin/git.exe
[2025-09-04 19:28:37,978][INFO][omni.repo.man.utils.run_process_return_output:301] running process: C:/packman-repo/chk/git/2.28.0-windows-x86_64\bin/git.exe rev-parse --git-dir
[2025-09-04 19:28:38,008][INFO][omni.repo.man.nvenv.execute_git:284] Calling Git with args: "rev-parse --short=8 HEAD". Try: 1. cwd: 'c:\projects\kit-app-template'
[2025-09-04 19:28:38,040][INFO][omni.repo.man.nvenv.execute_git:295] git call result:
	return code:0
	stdout: 72a92618

	stderr: 
[2025-09-04 19:28:38,040][INFO][omni.repo.man.utils.run_process_return_output:301] running process: C:/packman-repo/chk/git/2.28.0-windows-x86_64\bin/git.exe rev-parse --git-dir
[2025-09-04 19:28:38,068][INFO][omni.repo.man.nvenv.execute_git:284] Calling Git with args: "rev-parse --abbrev-ref HEAD". Try: 1. cwd: 'c:\projects\kit-app-template'
[2025-09-04 19:28:38,098][INFO][omni.repo.man.nvenv.execute_git:295] git call result:
	return code:0
	stdout: main

	stderr: 
[2025-09-04 19:28:38,099][INFO][omni.repo.man.build_number.print_log:182] Build number: '108.0+main.0.72a92618.local'
[2025-09-04 19:28:38,101][INFO][omni.repo.man.build_number.print_log:182] Written to file: 'c:\projects\kit-app-template\_build\windows-x86_64\release\VERSION'
[2025-09-04 19:28:38,170][INFO][omni.repo.man.fileutils.copy_and_link_using_dict:532] Copy of 0 files took: 0.000 milliseconds.
[2025-09-04 19:28:38,170][INFO][omni.repo.man.fileutils.copy_and_link_using_dict:542] Creating links of 0 folders took: 0.000 milliseconds.
[2025-09-04 19:28:38,174][INFO][omni.repo.man.fileutils.copy_and_link_using_dict:532] Copy of 9 files took: 3.002 milliseconds.
[2025-09-04 19:28:38,182][INFO][omni.repo.man.fileutils.copy_and_link_using_dict:542] Creating links of 13 folders took: 8.009 milliseconds.
[2025-09-04 19:28:42,591][INFO][omni.repo.man.entry.run:133] Running repo tool: repo_launch@None. args: ['launch']
[2025-09-04 19:30:34,490][INFO][omni.repo.man.entry.run:133] Running repo tool: repo_launch@None. args: ['launch']
[2025-09-05 11:41:54,374][INFO][omni.repo.man.entry.run:133] Running repo tool: repo_build@1.13.2. args: ['build']
[2025-09-05 11:41:54,374][INFO][omni.repo.man.configuration.set_token:231] Token: 'platform_target' set to 'windows-x86_64'
[2025-09-05 11:41:54,374][INFO][omni.repo.man.configuration.set_token:231] Token: 'platform_target_abi' set to 'windows-x86_64'
[2025-09-05 11:41:54,375][INFO][omni.repo.man.utils.run_process:241] running process: powershell -Command "New-Item -ItemType Directory -Path C:/projects/kit-app-template/source/apps -ErrorAction SilentlyContinue" ; "Write-Host 'Done'"
[2025-09-05 11:41:54,585][INFO][omni.repo.build.dependencies.pull_files:275] Skipping project file (doesn't exist): C:/projects/kit-app-template/deps/host-deps.packman.xml
[2025-09-05 11:41:54,593][INFO][omni.repo.man.utils.run_process:241] running process: C:/projects/kit-app-template/repo.bat precache_exts -c release
[2025-09-05 11:41:55,408][INFO][omni.repo.man.entry.run:133] Running repo tool: repo_precache_exts@None. args: ['precache_exts', '-c', 'release']
[2025-09-05 11:41:55,410][INFO][omni.repo.precache_exts.run:315] precaching app: C:\projects\kit-app-template\source\apps\my_company.my_editor.kit
[2025-09-05 11:41:55,410][INFO][omni.repo.man.utils.run_process:241] running process: C:\projects\kit-app-template\_build\windows-x86_64\release\kit\kit.exe C:\projects\kit-app-template\source\apps\my_company.my_editor.kit --allow-root --portable --ext-precache-mode --/crashreporter/gatherUserStory=0 --/app/settings/persistent=0 --/app/settings/loadUserConfig=0 --/app/extensions/generateVersionLock=1 --/app/extensions/parallelPullEnabled=1 --/app/enableStdoutOutput=1 --/app/extensions/detailedSolverExplanation=1 --/app/extensions/registryEnabled=1 --/app/extensions/mkdirExtFolders=0 --/app/extensions/registryCacheFull='C:\projects\kit-app-template\_build\windows-x86_64\release\extscache' --/log/flushStandardStreamOutput=1 --/exts/omni.kit.registry.nucleus/registries/0/name=\"kit/default\" --/exts/omni.kit.registry.nucleus/registries/0/url=\"https://ovextensionsprod.blob.core.windows.net/exts/kit/prod/${kit_version_major}/shared\" --/exts/omni.kit.registry.nucleus/registries/1/name=\"kit/sdk\" --/exts/omni.kit.registry.nucleus/registries/1/url=\"https://ovextensionsprod.blob.core.windows.net/exts/kit/prod/sdk/${kit_version_short}/${kit_git_hash}\" --/exts/omni.kit.registry.nucleus/registries/2/name=\"kit/community\" --/exts/omni.kit.registry.nucleus/registries/2/url=\"https://dw290v42wisod.cloudfront.net/exts/kit/community\" --/app/extensions/target/config=release --ext-folder C:\projects\kit-app-template\source\extensions --ext-folder C:\projects\kit-app-template\source\apps --portable-root C:/projects/kit-app-template/_build/windows-x86_64/release --/app/extensions/generateVersionLockSkipLocalExts=1
[2025-09-05 11:41:55,741][INFO][omni.repo.build.pippull.pull_pip_dependencies:403] Skip pip pull of because is most recent config (['C:/projects/kit-app-template/tools/deps/pip.toml']) is older than 'C:/projects/kit-app-template/_build\.lastpippull'.
[2025-09-05 11:41:55,742][INFO][omni.repo.build.build.generate_projects:263] generating project from: C:/projects/kit-app-template/premake5.lua
[2025-09-05 11:41:55,742][INFO][omni.repo.man.utils.run_process:241] running process: C:/projects/kit-app-template/_build/host-deps\premake\bin\premake5.exe --file=C:/projects/kit-app-template/premake5.lua no-compile --platform-host=windows-x86_64 --scripts=C:\packman-repo\chk\repo_build\1.13.2\lua --platform-target=windows-x86_64 --linux-x86_64-cxx11-abi=True --solution-name=kit-app-template
[2025-09-05 11:41:56,634][INFO][omni.repo.man.entry.run:133] Running repo tool: repo_kit_pull_extensions@1.10.0. args: ['pull_extensions', 'setup']
[2025-09-05 11:41:56,634][INFO][omni.repo.man.configuration.set_token:231] Token: 'config' set to 'debug'
[2025-09-05 11:41:56,637][INFO][omni.repo.man.configuration.set_token:231] Token: 'config' set to 'release'
[2025-09-05 11:41:57,508][INFO][omni.repo.man.entry.run:133] Running repo tool: repo_build_number@1.88.2. args: ['build_number', '-o', 'c:/projects/kit-app-template/_build/windows-x86_64/debug/VERSION']
[2025-09-05 11:41:57,508][INFO][omni.repo.man.nvenv.get_git_hash:352] Getting Git hash for directory c:\projects\kit-app-template
[2025-09-05 11:41:57,508][INFO][omni.repo.man.nvenv.find_git_path:186] Searching for the location of Git
[2025-09-05 11:41:57,510][INFO][omni.repo.man.nvenv.find_git_path:201] Git 2.28.0-windows-x86_64 fetched by packman
[2025-09-05 11:41:57,510][INFO][omni.repo.man.nvenv.find_git_path:249] Git location: C:/packman-repo/chk/git/2.28.0-windows-x86_64\bin/git.exe
[2025-09-05 11:41:57,510][INFO][omni.repo.man.utils.run_process_return_output:301] running process: C:/packman-repo/chk/git/2.28.0-windows-x86_64\bin/git.exe rev-parse --git-dir
[2025-09-05 11:41:57,646][INFO][omni.repo.man.nvenv.execute_git:284] Calling Git with args: "rev-parse --short=8 HEAD". Try: 1. cwd: 'c:\projects\kit-app-template'
[2025-09-05 11:41:57,677][INFO][omni.repo.man.nvenv.execute_git:295] git call result:
	return code:0
	stdout: 72a92618

	stderr: 
[2025-09-05 11:41:57,677][INFO][omni.repo.man.utils.run_process_return_output:301] running process: C:/packman-repo/chk/git/2.28.0-windows-x86_64\bin/git.exe rev-parse --git-dir
[2025-09-05 11:41:57,706][INFO][omni.repo.man.nvenv.execute_git:284] Calling Git with args: "rev-parse --abbrev-ref HEAD". Try: 1. cwd: 'c:\projects\kit-app-template'
[2025-09-05 11:41:57,738][INFO][omni.repo.man.nvenv.execute_git:295] git call result:
	return code:0
	stdout: main

	stderr: 
[2025-09-05 11:41:57,738][INFO][omni.repo.man.build_number.print_log:182] Build number: '108.0+main.0.72a92618.local'
[2025-09-05 11:41:57,740][INFO][omni.repo.man.build_number.print_log:182] Written to file: 'c:\projects\kit-app-template\_build\windows-x86_64\debug\VERSION'
[2025-09-05 11:41:58,578][INFO][omni.repo.man.entry.run:133] Running repo tool: repo_build_number@1.88.2. args: ['build_number', '-o', 'c:/projects/kit-app-template/_build/windows-x86_64/release/VERSION']
[2025-09-05 11:41:58,578][INFO][omni.repo.man.nvenv.get_git_hash:352] Getting Git hash for directory c:\projects\kit-app-template
[2025-09-05 11:41:58,578][INFO][omni.repo.man.nvenv.find_git_path:186] Searching for the location of Git
[2025-09-05 11:41:58,580][INFO][omni.repo.man.nvenv.find_git_path:201] Git 2.28.0-windows-x86_64 fetched by packman
[2025-09-05 11:41:58,580][INFO][omni.repo.man.nvenv.find_git_path:249] Git location: C:/packman-repo/chk/git/2.28.0-windows-x86_64\bin/git.exe
[2025-09-05 11:41:58,580][INFO][omni.repo.man.utils.run_process_return_output:301] running process: C:/packman-repo/chk/git/2.28.0-windows-x86_64\bin/git.exe rev-parse --git-dir
[2025-09-05 11:41:58,611][INFO][omni.repo.man.nvenv.execute_git:284] Calling Git with args: "rev-parse --short=8 HEAD". Try: 1. cwd: 'c:\projects\kit-app-template'
[2025-09-05 11:41:58,642][INFO][omni.repo.man.nvenv.execute_git:295] git call result:
	return code:0
	stdout: 72a92618

	stderr: 
[2025-09-05 11:41:58,643][INFO][omni.repo.man.utils.run_process_return_output:301] running process: C:/packman-repo/chk/git/2.28.0-windows-x86_64\bin/git.exe rev-parse --git-dir
[2025-09-05 11:41:58,672][INFO][omni.repo.man.nvenv.execute_git:284] Calling Git with args: "rev-parse --abbrev-ref HEAD". Try: 1. cwd: 'c:\projects\kit-app-template'
[2025-09-05 11:41:58,702][INFO][omni.repo.man.nvenv.execute_git:295] git call result:
	return code:0
	stdout: main

	stderr: 
[2025-09-05 11:41:58,702][INFO][omni.repo.man.build_number.print_log:182] Build number: '108.0+main.0.72a92618.local'
[2025-09-05 11:41:58,705][INFO][omni.repo.man.build_number.print_log:182] Written to file: 'c:\projects\kit-app-template\_build\windows-x86_64\release\VERSION'
[2025-09-05 11:41:58,777][INFO][omni.repo.man.fileutils.copy_and_link_using_dict:532] Copy of 0 files took: 0.000 milliseconds.
[2025-09-05 11:41:58,778][INFO][omni.repo.man.fileutils.copy_and_link_using_dict:542] Creating links of 0 folders took: 1.224 milliseconds.
[2025-09-05 11:41:58,782][INFO][omni.repo.man.fileutils.copy_and_link_using_dict:532] Copy of 9 files took: 3.768 milliseconds.
[2025-09-05 11:41:58,790][INFO][omni.repo.man.fileutils.copy_and_link_using_dict:542] Creating links of 13 folders took: 8.006 milliseconds.
[2025-09-05 11:42:03,626][INFO][omni.repo.man.entry.run:133] Running repo tool: repo_launch@None. args: ['launch']
[2025-09-05 11:45:56,090][INFO][omni.repo.man.entry.run:133] Running repo tool: repo_build@1.13.2. args: ['build']
[2025-09-05 11:45:56,090][INFO][omni.repo.man.configuration.set_token:231] Token: 'platform_target' set to 'windows-x86_64'
[2025-09-05 11:45:56,090][INFO][omni.repo.man.configuration.set_token:231] Token: 'platform_target_abi' set to 'windows-x86_64'
[2025-09-05 11:45:56,091][INFO][omni.repo.man.utils.run_process:241] running process: powershell -Command "New-Item -ItemType Directory -Path C:/projects/kit-app-template/source/apps -ErrorAction SilentlyContinue" ; "Write-Host 'Done'"
[2025-09-05 11:45:56,260][INFO][omni.repo.build.dependencies.pull_files:275] Skipping project file (doesn't exist): C:/projects/kit-app-template/deps/host-deps.packman.xml
[2025-09-05 11:45:56,268][INFO][omni.repo.man.utils.run_process:241] running process: C:/projects/kit-app-template/repo.bat precache_exts -c release
[2025-09-05 11:45:57,076][INFO][omni.repo.man.entry.run:133] Running repo tool: repo_precache_exts@None. args: ['precache_exts', '-c', 'release']
[2025-09-05 11:45:57,078][INFO][omni.repo.precache_exts.run:315] precaching app: C:\projects\kit-app-template\source\apps\my_company.my_editor.kit
[2025-09-05 11:45:57,079][INFO][omni.repo.man.utils.run_process:241] running process: C:\projects\kit-app-template\_build\windows-x86_64\release\kit\kit.exe C:\projects\kit-app-template\source\apps\my_company.my_editor.kit --allow-root --portable --ext-precache-mode --/crashreporter/gatherUserStory=0 --/app/settings/persistent=0 --/app/settings/loadUserConfig=0 --/app/extensions/generateVersionLock=1 --/app/extensions/parallelPullEnabled=1 --/app/enableStdoutOutput=1 --/app/extensions/detailedSolverExplanation=1 --/app/extensions/registryEnabled=1 --/app/extensions/mkdirExtFolders=0 --/app/extensions/registryCacheFull='C:\projects\kit-app-template\_build\windows-x86_64\release\extscache' --/log/flushStandardStreamOutput=1 --/exts/omni.kit.registry.nucleus/registries/0/name=\"kit/default\" --/exts/omni.kit.registry.nucleus/registries/0/url=\"https://ovextensionsprod.blob.core.windows.net/exts/kit/prod/${kit_version_major}/shared\" --/exts/omni.kit.registry.nucleus/registries/1/name=\"kit/sdk\" --/exts/omni.kit.registry.nucleus/registries/1/url=\"https://ovextensionsprod.blob.core.windows.net/exts/kit/prod/sdk/${kit_version_short}/${kit_git_hash}\" --/exts/omni.kit.registry.nucleus/registries/2/name=\"kit/community\" --/exts/omni.kit.registry.nucleus/registries/2/url=\"https://dw290v42wisod.cloudfront.net/exts/kit/community\" --/app/extensions/target/config=release --ext-folder C:\projects\kit-app-template\source\extensions --ext-folder C:\projects\kit-app-template\source\apps --portable-root C:/projects/kit-app-template/_build/windows-x86_64/release --/app/extensions/generateVersionLockSkipLocalExts=1
[2025-09-05 11:45:57,402][INFO][omni.repo.build.pippull.pull_pip_dependencies:403] Skip pip pull of because is most recent config (['C:/projects/kit-app-template/tools/deps/pip.toml']) is older than 'C:/projects/kit-app-template/_build\.lastpippull'.
[2025-09-05 11:45:57,402][INFO][omni.repo.build.build.generate_projects:263] generating project from: C:/projects/kit-app-template/premake5.lua
[2025-09-05 11:45:57,403][INFO][omni.repo.man.utils.run_process:241] running process: C:/projects/kit-app-template/_build/host-deps\premake\bin\premake5.exe --file=C:/projects/kit-app-template/premake5.lua no-compile --platform-host=windows-x86_64 --scripts=C:\packman-repo\chk\repo_build\1.13.2\lua --platform-target=windows-x86_64 --linux-x86_64-cxx11-abi=True --solution-name=kit-app-template
[2025-09-05 11:45:58,311][INFO][omni.repo.man.entry.run:133] Running repo tool: repo_kit_pull_extensions@1.10.0. args: ['pull_extensions', 'setup']
[2025-09-05 11:45:58,312][INFO][omni.repo.man.configuration.set_token:231] Token: 'config' set to 'debug'
[2025-09-05 11:45:58,315][INFO][omni.repo.man.configuration.set_token:231] Token: 'config' set to 'release'
[2025-09-05 11:45:59,192][INFO][omni.repo.man.entry.run:133] Running repo tool: repo_build_number@1.88.2. args: ['build_number', '-o', 'c:/projects/kit-app-template/_build/windows-x86_64/debug/VERSION']
[2025-09-05 11:45:59,192][INFO][omni.repo.man.nvenv.get_git_hash:352] Getting Git hash for directory c:\projects\kit-app-template
[2025-09-05 11:45:59,192][INFO][omni.repo.man.nvenv.find_git_path:186] Searching for the location of Git
[2025-09-05 11:45:59,194][INFO][omni.repo.man.nvenv.find_git_path:201] Git 2.28.0-windows-x86_64 fetched by packman
[2025-09-05 11:45:59,194][INFO][omni.repo.man.nvenv.find_git_path:249] Git location: C:/packman-repo/chk/git/2.28.0-windows-x86_64\bin/git.exe
[2025-09-05 11:45:59,194][INFO][omni.repo.man.utils.run_process_return_output:301] running process: C:/packman-repo/chk/git/2.28.0-windows-x86_64\bin/git.exe rev-parse --git-dir
[2025-09-05 11:45:59,233][INFO][omni.repo.man.nvenv.execute_git:284] Calling Git with args: "rev-parse --short=8 HEAD". Try: 1. cwd: 'c:\projects\kit-app-template'
[2025-09-05 11:45:59,264][INFO][omni.repo.man.nvenv.execute_git:295] git call result:
	return code:0
	stdout: 72a92618

	stderr: 
[2025-09-05 11:45:59,264][INFO][omni.repo.man.utils.run_process_return_output:301] running process: C:/packman-repo/chk/git/2.28.0-windows-x86_64\bin/git.exe rev-parse --git-dir
[2025-09-05 11:45:59,290][INFO][omni.repo.man.nvenv.execute_git:284] Calling Git with args: "rev-parse --abbrev-ref HEAD". Try: 1. cwd: 'c:\projects\kit-app-template'
[2025-09-05 11:45:59,320][INFO][omni.repo.man.nvenv.execute_git:295] git call result:
	return code:0
	stdout: main

	stderr: 
[2025-09-05 11:45:59,320][INFO][omni.repo.man.build_number.print_log:182] Build number: '108.0+main.0.72a92618.local'
[2025-09-05 11:45:59,322][INFO][omni.repo.man.build_number.print_log:182] Written to file: 'c:\projects\kit-app-template\_build\windows-x86_64\debug\VERSION'
[2025-09-05 11:46:00,191][INFO][omni.repo.man.entry.run:133] Running repo tool: repo_build_number@1.88.2. args: ['build_number', '-o', 'c:/projects/kit-app-template/_build/windows-x86_64/release/VERSION']
[2025-09-05 11:46:00,191][INFO][omni.repo.man.nvenv.get_git_hash:352] Getting Git hash for directory c:\projects\kit-app-template
[2025-09-05 11:46:00,191][INFO][omni.repo.man.nvenv.find_git_path:186] Searching for the location of Git
[2025-09-05 11:46:00,192][INFO][omni.repo.man.nvenv.find_git_path:201] Git 2.28.0-windows-x86_64 fetched by packman
[2025-09-05 11:46:00,192][INFO][omni.repo.man.nvenv.find_git_path:249] Git location: C:/packman-repo/chk/git/2.28.0-windows-x86_64\bin/git.exe
[2025-09-05 11:46:00,193][INFO][omni.repo.man.utils.run_process_return_output:301] running process: C:/packman-repo/chk/git/2.28.0-windows-x86_64\bin/git.exe rev-parse --git-dir
[2025-09-05 11:46:00,227][INFO][omni.repo.man.nvenv.execute_git:284] Calling Git with args: "rev-parse --short=8 HEAD". Try: 1. cwd: 'c:\projects\kit-app-template'
[2025-09-05 11:46:00,261][INFO][omni.repo.man.nvenv.execute_git:295] git call result:
	return code:0
	stdout: 72a92618

	stderr: 
[2025-09-05 11:46:00,262][INFO][omni.repo.man.utils.run_process_return_output:301] running process: C:/packman-repo/chk/git/2.28.0-windows-x86_64\bin/git.exe rev-parse --git-dir
[2025-09-05 11:46:00,292][INFO][omni.repo.man.nvenv.execute_git:284] Calling Git with args: "rev-parse --abbrev-ref HEAD". Try: 1. cwd: 'c:\projects\kit-app-template'
[2025-09-05 11:46:00,322][INFO][omni.repo.man.nvenv.execute_git:295] git call result:
	return code:0
	stdout: main

	stderr: 
[2025-09-05 11:46:00,323][INFO][omni.repo.man.build_number.print_log:182] Build number: '108.0+main.0.72a92618.local'
[2025-09-05 11:46:00,325][INFO][omni.repo.man.build_number.print_log:182] Written to file: 'c:\projects\kit-app-template\_build\windows-x86_64\release\VERSION'
[2025-09-05 11:46:00,393][INFO][omni.repo.man.fileutils.copy_and_link_using_dict:532] Copy of 0 files took: 0.000 milliseconds.
[2025-09-05 11:46:00,394][INFO][omni.repo.man.fileutils.copy_and_link_using_dict:542] Creating links of 0 folders took: 0.999 milliseconds.
[2025-09-05 11:46:00,397][INFO][omni.repo.man.fileutils.copy_and_link_using_dict:532] Copy of 9 files took: 3.000 milliseconds.
[2025-09-05 11:46:00,403][INFO][omni.repo.man.fileutils.copy_and_link_using_dict:542] Creating links of 13 folders took: 5.000 milliseconds.
[2025-09-05 11:46:19,222][INFO][omni.repo.man.entry.run:133] Running repo tool: repo_launch@None. args: ['launch']
[2025-09-05 12:04:09,662][INFO][omni.repo.man.entry.run:133] Running repo tool: repo_build@1.13.2. args: ['build']
[2025-09-05 12:04:09,663][INFO][omni.repo.man.configuration.set_token:231] Token: 'platform_target' set to 'windows-x86_64'
[2025-09-05 12:04:09,663][INFO][omni.repo.man.configuration.set_token:231] Token: 'platform_target_abi' set to 'windows-x86_64'
[2025-09-05 12:04:09,663][INFO][omni.repo.man.utils.run_process:241] running process: powershell -Command "New-Item -ItemType Directory -Path C:/projects/kit-app-template/source/apps -ErrorAction SilentlyContinue" ; "Write-Host 'Done'"
[2025-09-05 12:04:09,857][INFO][omni.repo.build.dependencies.pull_files:275] Skipping project file (doesn't exist): C:/projects/kit-app-template/deps/host-deps.packman.xml
[2025-09-05 12:04:09,864][INFO][omni.repo.man.utils.run_process:241] running process: C:/projects/kit-app-template/repo.bat precache_exts -c release
[2025-09-05 12:04:10,667][INFO][omni.repo.man.entry.run:133] Running repo tool: repo_precache_exts@None. args: ['precache_exts', '-c', 'release']
[2025-09-05 12:04:10,669][INFO][omni.repo.precache_exts.run:315] precaching app: C:\projects\kit-app-template\source\apps\my_company.my_editor.kit
[2025-09-05 12:04:10,670][INFO][omni.repo.man.utils.run_process:241] running process: C:\projects\kit-app-template\_build\windows-x86_64\release\kit\kit.exe C:\projects\kit-app-template\source\apps\my_company.my_editor.kit --allow-root --portable --ext-precache-mode --/crashreporter/gatherUserStory=0 --/app/settings/persistent=0 --/app/settings/loadUserConfig=0 --/app/extensions/generateVersionLock=1 --/app/extensions/parallelPullEnabled=1 --/app/enableStdoutOutput=1 --/app/extensions/detailedSolverExplanation=1 --/app/extensions/registryEnabled=1 --/app/extensions/mkdirExtFolders=0 --/app/extensions/registryCacheFull='C:\projects\kit-app-template\_build\windows-x86_64\release\extscache' --/log/flushStandardStreamOutput=1 --/exts/omni.kit.registry.nucleus/registries/0/name=\"kit/default\" --/exts/omni.kit.registry.nucleus/registries/0/url=\"https://ovextensionsprod.blob.core.windows.net/exts/kit/prod/${kit_version_major}/shared\" --/exts/omni.kit.registry.nucleus/registries/1/name=\"kit/sdk\" --/exts/omni.kit.registry.nucleus/registries/1/url=\"https://ovextensionsprod.blob.core.windows.net/exts/kit/prod/sdk/${kit_version_short}/${kit_git_hash}\" --/exts/omni.kit.registry.nucleus/registries/2/name=\"kit/community\" --/exts/omni.kit.registry.nucleus/registries/2/url=\"https://dw290v42wisod.cloudfront.net/exts/kit/community\" --/app/extensions/target/config=release --ext-folder C:\projects\kit-app-template\source\extensions --ext-folder C:\projects\kit-app-template\source\apps --portable-root C:/projects/kit-app-template/_build/windows-x86_64/release --/app/extensions/generateVersionLockSkipLocalExts=1
[2025-09-05 12:04:10,983][INFO][omni.repo.build.pippull.pull_pip_dependencies:403] Skip pip pull of because is most recent config (['C:/projects/kit-app-template/tools/deps/pip.toml']) is older than 'C:/projects/kit-app-template/_build\.lastpippull'.
[2025-09-05 12:04:10,983][INFO][omni.repo.build.build.generate_projects:263] generating project from: C:/projects/kit-app-template/premake5.lua
[2025-09-05 12:04:10,984][INFO][omni.repo.man.utils.run_process:241] running process: C:/projects/kit-app-template/_build/host-deps\premake\bin\premake5.exe --file=C:/projects/kit-app-template/premake5.lua no-compile --platform-host=windows-x86_64 --scripts=C:\packman-repo\chk\repo_build\1.13.2\lua --platform-target=windows-x86_64 --linux-x86_64-cxx11-abi=True --solution-name=kit-app-template
[2025-09-05 12:04:11,856][INFO][omni.repo.man.entry.run:133] Running repo tool: repo_kit_pull_extensions@1.10.0. args: ['pull_extensions', 'setup']
[2025-09-05 12:04:11,857][INFO][omni.repo.man.configuration.set_token:231] Token: 'config' set to 'debug'
[2025-09-05 12:04:11,860][INFO][omni.repo.man.configuration.set_token:231] Token: 'config' set to 'release'
[2025-09-05 12:04:12,702][INFO][omni.repo.man.entry.run:133] Running repo tool: repo_build_number@1.88.2. args: ['build_number', '-o', 'c:/projects/kit-app-template/_build/windows-x86_64/debug/VERSION']
[2025-09-05 12:04:12,702][INFO][omni.repo.man.nvenv.get_git_hash:352] Getting Git hash for directory c:\projects\kit-app-template
[2025-09-05 12:04:12,702][INFO][omni.repo.man.nvenv.find_git_path:186] Searching for the location of Git
[2025-09-05 12:04:12,704][INFO][omni.repo.man.nvenv.find_git_path:201] Git 2.28.0-windows-x86_64 fetched by packman
[2025-09-05 12:04:12,704][INFO][omni.repo.man.nvenv.find_git_path:249] Git location: C:/packman-repo/chk/git/2.28.0-windows-x86_64\bin/git.exe
[2025-09-05 12:04:12,704][INFO][omni.repo.man.utils.run_process_return_output:301] running process: C:/packman-repo/chk/git/2.28.0-windows-x86_64\bin/git.exe rev-parse --git-dir
[2025-09-05 12:04:12,791][INFO][omni.repo.man.nvenv.execute_git:284] Calling Git with args: "rev-parse --short=8 HEAD". Try: 1. cwd: 'c:\projects\kit-app-template'
[2025-09-05 12:04:12,821][INFO][omni.repo.man.nvenv.execute_git:295] git call result:
	return code:0
	stdout: 72a92618

	stderr: 
[2025-09-05 12:04:12,821][INFO][omni.repo.man.utils.run_process_return_output:301] running process: C:/packman-repo/chk/git/2.28.0-windows-x86_64\bin/git.exe rev-parse --git-dir
[2025-09-05 12:04:12,848][INFO][omni.repo.man.nvenv.execute_git:284] Calling Git with args: "rev-parse --abbrev-ref HEAD". Try: 1. cwd: 'c:\projects\kit-app-template'
[2025-09-05 12:04:12,877][INFO][omni.repo.man.nvenv.execute_git:295] git call result:
	return code:0
	stdout: main

	stderr: 
[2025-09-05 12:04:12,877][INFO][omni.repo.man.build_number.print_log:182] Build number: '108.0+main.0.72a92618.local'
[2025-09-05 12:04:12,880][INFO][omni.repo.man.build_number.print_log:182] Written to file: 'c:\projects\kit-app-template\_build\windows-x86_64\debug\VERSION'
[2025-09-05 12:04:13,737][INFO][omni.repo.man.entry.run:133] Running repo tool: repo_build_number@1.88.2. args: ['build_number', '-o', 'c:/projects/kit-app-template/_build/windows-x86_64/release/VERSION']
[2025-09-05 12:04:13,737][INFO][omni.repo.man.nvenv.get_git_hash:352] Getting Git hash for directory c:\projects\kit-app-template
[2025-09-05 12:04:13,737][INFO][omni.repo.man.nvenv.find_git_path:186] Searching for the location of Git
[2025-09-05 12:04:13,739][INFO][omni.repo.man.nvenv.find_git_path:201] Git 2.28.0-windows-x86_64 fetched by packman
[2025-09-05 12:04:13,739][INFO][omni.repo.man.nvenv.find_git_path:249] Git location: C:/packman-repo/chk/git/2.28.0-windows-x86_64\bin/git.exe
[2025-09-05 12:04:13,739][INFO][omni.repo.man.utils.run_process_return_output:301] running process: C:/packman-repo/chk/git/2.28.0-windows-x86_64\bin/git.exe rev-parse --git-dir
[2025-09-05 12:04:13,769][INFO][omni.repo.man.nvenv.execute_git:284] Calling Git with args: "rev-parse --short=8 HEAD". Try: 1. cwd: 'c:\projects\kit-app-template'
[2025-09-05 12:04:13,798][INFO][omni.repo.man.nvenv.execute_git:295] git call result:
	return code:0
	stdout: 72a92618

	stderr: 
[2025-09-05 12:04:13,798][INFO][omni.repo.man.utils.run_process_return_output:301] running process: C:/packman-repo/chk/git/2.28.0-windows-x86_64\bin/git.exe rev-parse --git-dir
[2025-09-05 12:04:13,825][INFO][omni.repo.man.nvenv.execute_git:284] Calling Git with args: "rev-parse --abbrev-ref HEAD". Try: 1. cwd: 'c:\projects\kit-app-template'
[2025-09-05 12:04:13,856][INFO][omni.repo.man.nvenv.execute_git:295] git call result:
	return code:0
	stdout: main

	stderr: 
[2025-09-05 12:04:13,856][INFO][omni.repo.man.build_number.print_log:182] Build number: '108.0+main.0.72a92618.local'
[2025-09-05 12:04:13,858][INFO][omni.repo.man.build_number.print_log:182] Written to file: 'c:\projects\kit-app-template\_build\windows-x86_64\release\VERSION'
[2025-09-05 12:04:13,925][INFO][omni.repo.man.fileutils.copy_and_link_using_dict:532] Copy of 0 files took: 0.000 milliseconds.
[2025-09-05 12:04:13,925][INFO][omni.repo.man.fileutils.copy_and_link_using_dict:542] Creating links of 0 folders took: 0.000 milliseconds.
[2025-09-05 12:04:13,928][INFO][omni.repo.man.fileutils.copy_and_link_using_dict:532] Copy of 9 files took: 1.998 milliseconds.
[2025-09-05 12:04:13,933][INFO][omni.repo.man.fileutils.copy_and_link_using_dict:542] Creating links of 13 folders took: 5.152 milliseconds.
[2025-09-05 12:04:20,042][INFO][omni.repo.man.entry.run:133] Running repo tool: repo_launch@None. args: ['launch']
[2025-09-05 12:07:39,335][INFO][omni.repo.man.entry.run:133] Running repo tool: repo_build@1.13.2. args: ['build']
[2025-09-05 12:07:39,338][INFO][omni.repo.man.configuration.set_token:231] Token: 'platform_target' set to 'windows-x86_64'
[2025-09-05 12:07:39,338][INFO][omni.repo.man.configuration.set_token:231] Token: 'platform_target_abi' set to 'windows-x86_64'
[2025-09-05 12:07:39,338][INFO][omni.repo.man.utils.run_process:241] running process: powershell -Command "New-Item -ItemType Directory -Path C:/projects/kit-app-template/source/apps -ErrorAction SilentlyContinue" ; "Write-Host 'Done'"
[2025-09-05 12:07:39,592][INFO][omni.repo.build.dependencies.pull_files:275] Skipping project file (doesn't exist): C:/projects/kit-app-template/deps/host-deps.packman.xml
[2025-09-05 12:07:39,599][INFO][omni.repo.man.utils.run_process:241] running process: C:/projects/kit-app-template/repo.bat precache_exts -c release
[2025-09-05 12:07:40,411][INFO][omni.repo.man.entry.run:133] Running repo tool: repo_precache_exts@None. args: ['precache_exts', '-c', 'release']
[2025-09-05 12:07:40,413][INFO][omni.repo.precache_exts.run:315] precaching app: C:\projects\kit-app-template\source\apps\my_company.my_editor.kit
[2025-09-05 12:07:40,414][INFO][omni.repo.man.utils.run_process:241] running process: C:\projects\kit-app-template\_build\windows-x86_64\release\kit\kit.exe C:\projects\kit-app-template\source\apps\my_company.my_editor.kit --allow-root --portable --ext-precache-mode --/crashreporter/gatherUserStory=0 --/app/settings/persistent=0 --/app/settings/loadUserConfig=0 --/app/extensions/generateVersionLock=1 --/app/extensions/parallelPullEnabled=1 --/app/enableStdoutOutput=1 --/app/extensions/detailedSolverExplanation=1 --/app/extensions/registryEnabled=1 --/app/extensions/mkdirExtFolders=0 --/app/extensions/registryCacheFull='C:\projects\kit-app-template\_build\windows-x86_64\release\extscache' --/log/flushStandardStreamOutput=1 --/exts/omni.kit.registry.nucleus/registries/0/name=\"kit/default\" --/exts/omni.kit.registry.nucleus/registries/0/url=\"https://ovextensionsprod.blob.core.windows.net/exts/kit/prod/${kit_version_major}/shared\" --/exts/omni.kit.registry.nucleus/registries/1/name=\"kit/sdk\" --/exts/omni.kit.registry.nucleus/registries/1/url=\"https://ovextensionsprod.blob.core.windows.net/exts/kit/prod/sdk/${kit_version_short}/${kit_git_hash}\" --/exts/omni.kit.registry.nucleus/registries/2/name=\"kit/community\" --/exts/omni.kit.registry.nucleus/registries/2/url=\"https://dw290v42wisod.cloudfront.net/exts/kit/community\" --/app/extensions/target/config=release --ext-folder C:\projects\kit-app-template\source\extensions --ext-folder C:\projects\kit-app-template\source\apps --portable-root C:/projects/kit-app-template/_build/windows-x86_64/release --/app/extensions/generateVersionLockSkipLocalExts=1
[2025-09-05 12:07:40,729][INFO][omni.repo.build.pippull.pull_pip_dependencies:403] Skip pip pull of because is most recent config (['C:/projects/kit-app-template/tools/deps/pip.toml']) is older than 'C:/projects/kit-app-template/_build\.lastpippull'.
[2025-09-05 12:07:40,729][INFO][omni.repo.build.build.generate_projects:263] generating project from: C:/projects/kit-app-template/premake5.lua
[2025-09-05 12:07:40,729][INFO][omni.repo.man.utils.run_process:241] running process: C:/projects/kit-app-template/_build/host-deps\premake\bin\premake5.exe --file=C:/projects/kit-app-template/premake5.lua no-compile --platform-host=windows-x86_64 --scripts=C:\packman-repo\chk\repo_build\1.13.2\lua --platform-target=windows-x86_64 --linux-x86_64-cxx11-abi=True --solution-name=kit-app-template
[2025-09-05 12:07:41,619][INFO][omni.repo.man.entry.run:133] Running repo tool: repo_kit_pull_extensions@1.10.0. args: ['pull_extensions', 'setup']
[2025-09-05 12:07:41,620][INFO][omni.repo.man.configuration.set_token:231] Token: 'config' set to 'debug'
[2025-09-05 12:07:41,622][INFO][omni.repo.man.configuration.set_token:231] Token: 'config' set to 'release'
[2025-09-05 12:07:42,498][INFO][omni.repo.man.entry.run:133] Running repo tool: repo_build_number@1.88.2. args: ['build_number', '-o', 'c:/projects/kit-app-template/_build/windows-x86_64/debug/VERSION']
[2025-09-05 12:07:42,498][INFO][omni.repo.man.nvenv.get_git_hash:352] Getting Git hash for directory c:\projects\kit-app-template
[2025-09-05 12:07:42,499][INFO][omni.repo.man.nvenv.find_git_path:186] Searching for the location of Git
[2025-09-05 12:07:42,500][INFO][omni.repo.man.nvenv.find_git_path:201] Git 2.28.0-windows-x86_64 fetched by packman
[2025-09-05 12:07:42,500][INFO][omni.repo.man.nvenv.find_git_path:249] Git location: C:/packman-repo/chk/git/2.28.0-windows-x86_64\bin/git.exe
[2025-09-05 12:07:42,500][INFO][omni.repo.man.utils.run_process_return_output:301] running process: C:/packman-repo/chk/git/2.28.0-windows-x86_64\bin/git.exe rev-parse --git-dir
[2025-09-05 12:07:42,546][INFO][omni.repo.man.nvenv.execute_git:284] Calling Git with args: "rev-parse --short=8 HEAD". Try: 1. cwd: 'c:\projects\kit-app-template'
[2025-09-05 12:07:42,580][INFO][omni.repo.man.nvenv.execute_git:295] git call result:
	return code:0
	stdout: 72a92618

	stderr: 
[2025-09-05 12:07:42,580][INFO][omni.repo.man.utils.run_process_return_output:301] running process: C:/packman-repo/chk/git/2.28.0-windows-x86_64\bin/git.exe rev-parse --git-dir
[2025-09-05 12:07:42,607][INFO][omni.repo.man.nvenv.execute_git:284] Calling Git with args: "rev-parse --abbrev-ref HEAD". Try: 1. cwd: 'c:\projects\kit-app-template'
[2025-09-05 12:07:42,639][INFO][omni.repo.man.nvenv.execute_git:295] git call result:
	return code:0
	stdout: main

	stderr: 
[2025-09-05 12:07:42,640][INFO][omni.repo.man.build_number.print_log:182] Build number: '108.0+main.0.72a92618.local'
[2025-09-05 12:07:42,642][INFO][omni.repo.man.build_number.print_log:182] Written to file: 'c:\projects\kit-app-template\_build\windows-x86_64\debug\VERSION'
[2025-09-05 12:07:43,504][INFO][omni.repo.man.entry.run:133] Running repo tool: repo_build_number@1.88.2. args: ['build_number', '-o', 'c:/projects/kit-app-template/_build/windows-x86_64/release/VERSION']
[2025-09-05 12:07:43,505][INFO][omni.repo.man.nvenv.get_git_hash:352] Getting Git hash for directory c:\projects\kit-app-template
[2025-09-05 12:07:43,505][INFO][omni.repo.man.nvenv.find_git_path:186] Searching for the location of Git
[2025-09-05 12:07:43,506][INFO][omni.repo.man.nvenv.find_git_path:201] Git 2.28.0-windows-x86_64 fetched by packman
[2025-09-05 12:07:43,506][INFO][omni.repo.man.nvenv.find_git_path:249] Git location: C:/packman-repo/chk/git/2.28.0-windows-x86_64\bin/git.exe
[2025-09-05 12:07:43,506][INFO][omni.repo.man.utils.run_process_return_output:301] running process: C:/packman-repo/chk/git/2.28.0-windows-x86_64\bin/git.exe rev-parse --git-dir
[2025-09-05 12:07:43,542][INFO][omni.repo.man.nvenv.execute_git:284] Calling Git with args: "rev-parse --short=8 HEAD". Try: 1. cwd: 'c:\projects\kit-app-template'
[2025-09-05 12:07:43,574][INFO][omni.repo.man.nvenv.execute_git:295] git call result:
	return code:0
	stdout: 72a92618

	stderr: 
[2025-09-05 12:07:43,574][INFO][omni.repo.man.utils.run_process_return_output:301] running process: C:/packman-repo/chk/git/2.28.0-windows-x86_64\bin/git.exe rev-parse --git-dir
[2025-09-05 12:07:43,604][INFO][omni.repo.man.nvenv.execute_git:284] Calling Git with args: "rev-parse --abbrev-ref HEAD". Try: 1. cwd: 'c:\projects\kit-app-template'
[2025-09-05 12:07:43,633][INFO][omni.repo.man.nvenv.execute_git:295] git call result:
	return code:0
	stdout: main

	stderr: 
[2025-09-05 12:07:43,634][INFO][omni.repo.man.build_number.print_log:182] Build number: '108.0+main.0.72a92618.local'
[2025-09-05 12:07:43,636][INFO][omni.repo.man.build_number.print_log:182] Written to file: 'c:\projects\kit-app-template\_build\windows-x86_64\release\VERSION'
[2025-09-05 12:07:43,706][INFO][omni.repo.man.fileutils.copy_and_link_using_dict:532] Copy of 0 files took: 0.000 milliseconds.
[2025-09-05 12:07:43,706][INFO][omni.repo.man.fileutils.copy_and_link_using_dict:542] Creating links of 0 folders took: 0.000 milliseconds.
[2025-09-05 12:07:43,710][INFO][omni.repo.man.fileutils.copy_and_link_using_dict:532] Copy of 9 files took: 3.008 milliseconds.
[2025-09-05 12:07:43,718][INFO][omni.repo.man.fileutils.copy_and_link_using_dict:542] Creating links of 13 folders took: 6.999 milliseconds.
[2025-09-05 12:07:46,887][INFO][omni.repo.man.entry.run:133] Running repo tool: repo_launch@None. args: ['launch']
[2025-09-05 12:10:46,934][INFO][omni.repo.man.entry.run:133] Running repo tool: repo_build@1.13.2. args: ['build']
[2025-09-05 12:10:46,934][INFO][omni.repo.man.configuration.set_token:231] Token: 'platform_target' set to 'windows-x86_64'
[2025-09-05 12:10:46,934][INFO][omni.repo.man.configuration.set_token:231] Token: 'platform_target_abi' set to 'windows-x86_64'
[2025-09-05 12:10:46,935][INFO][omni.repo.man.utils.run_process:241] running process: powershell -Command "New-Item -ItemType Directory -Path C:/projects/kit-app-template/source/apps -ErrorAction SilentlyContinue" ; "Write-Host 'Done'"
[2025-09-05 12:10:47,141][INFO][omni.repo.build.dependencies.pull_files:275] Skipping project file (doesn't exist): C:/projects/kit-app-template/deps/host-deps.packman.xml
[2025-09-05 12:10:47,149][INFO][omni.repo.man.utils.run_process:241] running process: C:/projects/kit-app-template/repo.bat precache_exts -c release
[2025-09-05 12:10:47,967][INFO][omni.repo.man.entry.run:133] Running repo tool: repo_precache_exts@None. args: ['precache_exts', '-c', 'release']
[2025-09-05 12:10:47,969][INFO][omni.repo.precache_exts.run:315] precaching app: C:\projects\kit-app-template\source\apps\my_company.my_editor.kit
[2025-09-05 12:10:47,970][INFO][omni.repo.man.utils.run_process:241] running process: C:\projects\kit-app-template\_build\windows-x86_64\release\kit\kit.exe C:\projects\kit-app-template\source\apps\my_company.my_editor.kit --allow-root --portable --ext-precache-mode --/crashreporter/gatherUserStory=0 --/app/settings/persistent=0 --/app/settings/loadUserConfig=0 --/app/extensions/generateVersionLock=1 --/app/extensions/parallelPullEnabled=1 --/app/enableStdoutOutput=1 --/app/extensions/detailedSolverExplanation=1 --/app/extensions/registryEnabled=1 --/app/extensions/mkdirExtFolders=0 --/app/extensions/registryCacheFull='C:\projects\kit-app-template\_build\windows-x86_64\release\extscache' --/log/flushStandardStreamOutput=1 --/exts/omni.kit.registry.nucleus/registries/0/name=\"kit/default\" --/exts/omni.kit.registry.nucleus/registries/0/url=\"https://ovextensionsprod.blob.core.windows.net/exts/kit/prod/${kit_version_major}/shared\" --/exts/omni.kit.registry.nucleus/registries/1/name=\"kit/sdk\" --/exts/omni.kit.registry.nucleus/registries/1/url=\"https://ovextensionsprod.blob.core.windows.net/exts/kit/prod/sdk/${kit_version_short}/${kit_git_hash}\" --/exts/omni.kit.registry.nucleus/registries/2/name=\"kit/community\" --/exts/omni.kit.registry.nucleus/registries/2/url=\"https://dw290v42wisod.cloudfront.net/exts/kit/community\" --/app/extensions/target/config=release --ext-folder C:\projects\kit-app-template\source\extensions --ext-folder C:\projects\kit-app-template\source\apps --portable-root C:/projects/kit-app-template/_build/windows-x86_64/release --/app/extensions/generateVersionLockSkipLocalExts=1
[2025-09-05 12:10:48,388][INFO][omni.repo.build.pippull.pull_pip_dependencies:403] Skip pip pull of because is most recent config (['C:/projects/kit-app-template/tools/deps/pip.toml']) is older than 'C:/projects/kit-app-template/_build\.lastpippull'.
[2025-09-05 12:10:48,388][INFO][omni.repo.build.build.generate_projects:263] generating project from: C:/projects/kit-app-template/premake5.lua
[2025-09-05 12:10:48,388][INFO][omni.repo.man.utils.run_process:241] running process: C:/projects/kit-app-template/_build/host-deps\premake\bin\premake5.exe --file=C:/projects/kit-app-template/premake5.lua no-compile --platform-host=windows-x86_64 --scripts=C:\packman-repo\chk\repo_build\1.13.2\lua --platform-target=windows-x86_64 --linux-x86_64-cxx11-abi=True --solution-name=kit-app-template
[2025-09-05 12:10:49,323][INFO][omni.repo.man.entry.run:133] Running repo tool: repo_kit_pull_extensions@1.10.0. args: ['pull_extensions', 'setup']
[2025-09-05 12:10:49,324][INFO][omni.repo.man.configuration.set_token:231] Token: 'config' set to 'debug'
[2025-09-05 12:10:49,326][INFO][omni.repo.man.configuration.set_token:231] Token: 'config' set to 'release'
[2025-09-05 12:10:50,211][INFO][omni.repo.man.entry.run:133] Running repo tool: repo_build_number@1.88.2. args: ['build_number', '-o', 'c:/projects/kit-app-template/_build/windows-x86_64/debug/VERSION']
[2025-09-05 12:10:50,211][INFO][omni.repo.man.nvenv.get_git_hash:352] Getting Git hash for directory c:\projects\kit-app-template
[2025-09-05 12:10:50,211][INFO][omni.repo.man.nvenv.find_git_path:186] Searching for the location of Git
[2025-09-05 12:10:50,213][INFO][omni.repo.man.nvenv.find_git_path:201] Git 2.28.0-windows-x86_64 fetched by packman
[2025-09-05 12:10:50,213][INFO][omni.repo.man.nvenv.find_git_path:249] Git location: C:/packman-repo/chk/git/2.28.0-windows-x86_64\bin/git.exe
[2025-09-05 12:10:50,213][INFO][omni.repo.man.utils.run_process_return_output:301] running process: C:/packman-repo/chk/git/2.28.0-windows-x86_64\bin/git.exe rev-parse --git-dir
[2025-09-05 12:10:50,298][INFO][omni.repo.man.nvenv.execute_git:284] Calling Git with args: "rev-parse --short=8 HEAD". Try: 1. cwd: 'c:\projects\kit-app-template'
[2025-09-05 12:10:50,328][INFO][omni.repo.man.nvenv.execute_git:295] git call result:
	return code:0
	stdout: 72a92618

	stderr: 
[2025-09-05 12:10:50,329][INFO][omni.repo.man.utils.run_process_return_output:301] running process: C:/packman-repo/chk/git/2.28.0-windows-x86_64\bin/git.exe rev-parse --git-dir
[2025-09-05 12:10:50,358][INFO][omni.repo.man.nvenv.execute_git:284] Calling Git with args: "rev-parse --abbrev-ref HEAD". Try: 1. cwd: 'c:\projects\kit-app-template'
[2025-09-05 12:10:50,388][INFO][omni.repo.man.nvenv.execute_git:295] git call result:
	return code:0
	stdout: main

	stderr: 
[2025-09-05 12:10:50,388][INFO][omni.repo.man.build_number.print_log:182] Build number: '108.0+main.0.72a92618.local'
[2025-09-05 12:10:50,391][INFO][omni.repo.man.build_number.print_log:182] Written to file: 'c:\projects\kit-app-template\_build\windows-x86_64\debug\VERSION'
[2025-09-05 12:10:51,269][INFO][omni.repo.man.entry.run:133] Running repo tool: repo_build_number@1.88.2. args: ['build_number', '-o', 'c:/projects/kit-app-template/_build/windows-x86_64/release/VERSION']
[2025-09-05 12:10:51,269][INFO][omni.repo.man.nvenv.get_git_hash:352] Getting Git hash for directory c:\projects\kit-app-template
[2025-09-05 12:10:51,269][INFO][omni.repo.man.nvenv.find_git_path:186] Searching for the location of Git
[2025-09-05 12:10:51,271][INFO][omni.repo.man.nvenv.find_git_path:201] Git 2.28.0-windows-x86_64 fetched by packman
[2025-09-05 12:10:51,271][INFO][omni.repo.man.nvenv.find_git_path:249] Git location: C:/packman-repo/chk/git/2.28.0-windows-x86_64\bin/git.exe
[2025-09-05 12:10:51,271][INFO][omni.repo.man.utils.run_process_return_output:301] running process: C:/packman-repo/chk/git/2.28.0-windows-x86_64\bin/git.exe rev-parse --git-dir
[2025-09-05 12:10:51,313][INFO][omni.repo.man.nvenv.execute_git:284] Calling Git with args: "rev-parse --short=8 HEAD". Try: 1. cwd: 'c:\projects\kit-app-template'
[2025-09-05 12:10:51,345][INFO][omni.repo.man.nvenv.execute_git:295] git call result:
	return code:0
	stdout: 72a92618

	stderr: 
[2025-09-05 12:10:51,345][INFO][omni.repo.man.utils.run_process_return_output:301] running process: C:/packman-repo/chk/git/2.28.0-windows-x86_64\bin/git.exe rev-parse --git-dir
[2025-09-05 12:10:51,372][INFO][omni.repo.man.nvenv.execute_git:284] Calling Git with args: "rev-parse --abbrev-ref HEAD". Try: 1. cwd: 'c:\projects\kit-app-template'
[2025-09-05 12:10:51,402][INFO][omni.repo.man.nvenv.execute_git:295] git call result:
	return code:0
	stdout: main

	stderr: 
[2025-09-05 12:10:51,402][INFO][omni.repo.man.build_number.print_log:182] Build number: '108.0+main.0.72a92618.local'
[2025-09-05 12:10:51,404][INFO][omni.repo.man.build_number.print_log:182] Written to file: 'c:\projects\kit-app-template\_build\windows-x86_64\release\VERSION'
[2025-09-05 12:10:51,479][INFO][omni.repo.man.fileutils.copy_and_link_using_dict:532] Copy of 0 files took: 0.000 milliseconds.
[2025-09-05 12:10:51,479][INFO][omni.repo.man.fileutils.copy_and_link_using_dict:542] Creating links of 0 folders took: 0.000 milliseconds.
[2025-09-05 12:10:51,481][INFO][omni.repo.man.fileutils.copy_and_link_using_dict:532] Copy of 9 files took: 1.991 milliseconds.
[2025-09-05 12:10:51,485][INFO][omni.repo.man.fileutils.copy_and_link_using_dict:542] Creating links of 13 folders took: 4.000 milliseconds.
[2025-09-05 12:10:55,116][INFO][omni.repo.man.entry.run:133] Running repo tool: repo_launch@None. args: ['launch']
[2025-09-05 12:15:51,288][INFO][omni.repo.man.entry.run:133] Running repo tool: repo_build@1.13.2. args: ['build']
[2025-09-05 12:15:51,289][INFO][omni.repo.man.configuration.set_token:231] Token: 'platform_target' set to 'windows-x86_64'
[2025-09-05 12:15:51,289][INFO][omni.repo.man.configuration.set_token:231] Token: 'platform_target_abi' set to 'windows-x86_64'
[2025-09-05 12:15:51,290][INFO][omni.repo.man.utils.run_process:241] running process: powershell -Command "New-Item -ItemType Directory -Path C:/projects/kit-app-template/source/apps -ErrorAction SilentlyContinue" ; "Write-Host 'Done'"
[2025-09-05 12:15:51,468][INFO][omni.repo.build.dependencies.pull_files:275] Skipping project file (doesn't exist): C:/projects/kit-app-template/deps/host-deps.packman.xml
[2025-09-05 12:15:51,476][INFO][omni.repo.man.utils.run_process:241] running process: C:/projects/kit-app-template/repo.bat precache_exts -c release
[2025-09-05 12:15:52,334][INFO][omni.repo.man.entry.run:133] Running repo tool: repo_precache_exts@None. args: ['precache_exts', '-c', 'release']
[2025-09-05 12:15:52,335][INFO][omni.repo.precache_exts.run:315] precaching app: C:\projects\kit-app-template\source\apps\my_company.my_editor.kit
[2025-09-05 12:15:52,336][INFO][omni.repo.man.utils.run_process:241] running process: C:\projects\kit-app-template\_build\windows-x86_64\release\kit\kit.exe C:\projects\kit-app-template\source\apps\my_company.my_editor.kit --allow-root --portable --ext-precache-mode --/crashreporter/gatherUserStory=0 --/app/settings/persistent=0 --/app/settings/loadUserConfig=0 --/app/extensions/generateVersionLock=1 --/app/extensions/parallelPullEnabled=1 --/app/enableStdoutOutput=1 --/app/extensions/detailedSolverExplanation=1 --/app/extensions/registryEnabled=1 --/app/extensions/mkdirExtFolders=0 --/app/extensions/registryCacheFull='C:\projects\kit-app-template\_build\windows-x86_64\release\extscache' --/log/flushStandardStreamOutput=1 --/exts/omni.kit.registry.nucleus/registries/0/name=\"kit/default\" --/exts/omni.kit.registry.nucleus/registries/0/url=\"https://ovextensionsprod.blob.core.windows.net/exts/kit/prod/${kit_version_major}/shared\" --/exts/omni.kit.registry.nucleus/registries/1/name=\"kit/sdk\" --/exts/omni.kit.registry.nucleus/registries/1/url=\"https://ovextensionsprod.blob.core.windows.net/exts/kit/prod/sdk/${kit_version_short}/${kit_git_hash}\" --/exts/omni.kit.registry.nucleus/registries/2/name=\"kit/community\" --/exts/omni.kit.registry.nucleus/registries/2/url=\"https://dw290v42wisod.cloudfront.net/exts/kit/community\" --/app/extensions/target/config=release --ext-folder C:\projects\kit-app-template\source\extensions --ext-folder C:\projects\kit-app-template\source\apps --portable-root C:/projects/kit-app-template/_build/windows-x86_64/release --/app/extensions/generateVersionLockSkipLocalExts=1
[2025-09-05 12:15:52,658][INFO][omni.repo.build.pippull.pull_pip_dependencies:403] Skip pip pull of because is most recent config (['C:/projects/kit-app-template/tools/deps/pip.toml']) is older than 'C:/projects/kit-app-template/_build\.lastpippull'.
[2025-09-05 12:15:52,658][INFO][omni.repo.build.build.generate_projects:263] generating project from: C:/projects/kit-app-template/premake5.lua
[2025-09-05 12:15:52,658][INFO][omni.repo.man.utils.run_process:241] running process: C:/projects/kit-app-template/_build/host-deps\premake\bin\premake5.exe --file=C:/projects/kit-app-template/premake5.lua no-compile --platform-host=windows-x86_64 --scripts=C:\packman-repo\chk\repo_build\1.13.2\lua --platform-target=windows-x86_64 --linux-x86_64-cxx11-abi=True --solution-name=kit-app-template
[2025-09-05 12:15:53,588][INFO][omni.repo.man.entry.run:133] Running repo tool: repo_kit_pull_extensions@1.10.0. args: ['pull_extensions', 'setup']
[2025-09-05 12:15:53,588][INFO][omni.repo.man.configuration.set_token:231] Token: 'config' set to 'debug'
[2025-09-05 12:15:53,591][INFO][omni.repo.man.configuration.set_token:231] Token: 'config' set to 'release'
[2025-09-05 12:15:54,448][INFO][omni.repo.man.entry.run:133] Running repo tool: repo_build_number@1.88.2. args: ['build_number', '-o', 'c:/projects/kit-app-template/_build/windows-x86_64/debug/VERSION']
[2025-09-05 12:15:54,448][INFO][omni.repo.man.nvenv.get_git_hash:352] Getting Git hash for directory c:\projects\kit-app-template
[2025-09-05 12:15:54,449][INFO][omni.repo.man.nvenv.find_git_path:186] Searching for the location of Git
[2025-09-05 12:15:54,450][INFO][omni.repo.man.nvenv.find_git_path:201] Git 2.28.0-windows-x86_64 fetched by packman
[2025-09-05 12:15:54,450][INFO][omni.repo.man.nvenv.find_git_path:249] Git location: C:/packman-repo/chk/git/2.28.0-windows-x86_64\bin/git.exe
[2025-09-05 12:15:54,450][INFO][omni.repo.man.utils.run_process_return_output:301] running process: C:/packman-repo/chk/git/2.28.0-windows-x86_64\bin/git.exe rev-parse --git-dir
[2025-09-05 12:15:54,543][INFO][omni.repo.man.nvenv.execute_git:284] Calling Git with args: "rev-parse --short=8 HEAD". Try: 1. cwd: 'c:\projects\kit-app-template'
[2025-09-05 12:15:54,573][INFO][omni.repo.man.nvenv.execute_git:295] git call result:
	return code:0
	stdout: 72a92618

	stderr: 
[2025-09-05 12:15:54,574][INFO][omni.repo.man.utils.run_process_return_output:301] running process: C:/packman-repo/chk/git/2.28.0-windows-x86_64\bin/git.exe rev-parse --git-dir
[2025-09-05 12:15:54,601][INFO][omni.repo.man.nvenv.execute_git:284] Calling Git with args: "rev-parse --abbrev-ref HEAD". Try: 1. cwd: 'c:\projects\kit-app-template'
[2025-09-05 12:15:54,630][INFO][omni.repo.man.nvenv.execute_git:295] git call result:
	return code:0
	stdout: main

	stderr: 
[2025-09-05 12:15:54,631][INFO][omni.repo.man.build_number.print_log:182] Build number: '108.0+main.0.72a92618.local'
[2025-09-05 12:15:54,633][INFO][omni.repo.man.build_number.print_log:182] Written to file: 'c:\projects\kit-app-template\_build\windows-x86_64\debug\VERSION'
[2025-09-05 12:15:55,482][INFO][omni.repo.man.entry.run:133] Running repo tool: repo_build_number@1.88.2. args: ['build_number', '-o', 'c:/projects/kit-app-template/_build/windows-x86_64/release/VERSION']
[2025-09-05 12:15:55,482][INFO][omni.repo.man.nvenv.get_git_hash:352] Getting Git hash for directory c:\projects\kit-app-template
[2025-09-05 12:15:55,483][INFO][omni.repo.man.nvenv.find_git_path:186] Searching for the location of Git
[2025-09-05 12:15:55,484][INFO][omni.repo.man.nvenv.find_git_path:201] Git 2.28.0-windows-x86_64 fetched by packman
[2025-09-05 12:15:55,484][INFO][omni.repo.man.nvenv.find_git_path:249] Git location: C:/packman-repo/chk/git/2.28.0-windows-x86_64\bin/git.exe
[2025-09-05 12:15:55,484][INFO][omni.repo.man.utils.run_process_return_output:301] running process: C:/packman-repo/chk/git/2.28.0-windows-x86_64\bin/git.exe rev-parse --git-dir
[2025-09-05 12:15:55,515][INFO][omni.repo.man.nvenv.execute_git:284] Calling Git with args: "rev-parse --short=8 HEAD". Try: 1. cwd: 'c:\projects\kit-app-template'
[2025-09-05 12:15:55,545][INFO][omni.repo.man.nvenv.execute_git:295] git call result:
	return code:0
	stdout: 72a92618

	stderr: 
[2025-09-05 12:15:55,546][INFO][omni.repo.man.utils.run_process_return_output:301] running process: C:/packman-repo/chk/git/2.28.0-windows-x86_64\bin/git.exe rev-parse --git-dir
[2025-09-05 12:15:55,574][INFO][omni.repo.man.nvenv.execute_git:284] Calling Git with args: "rev-parse --abbrev-ref HEAD". Try: 1. cwd: 'c:\projects\kit-app-template'
[2025-09-05 12:15:55,607][INFO][omni.repo.man.nvenv.execute_git:295] git call result:
	return code:0
	stdout: main

	stderr: 
[2025-09-05 12:15:55,607][INFO][omni.repo.man.build_number.print_log:182] Build number: '108.0+main.0.72a92618.local'
[2025-09-05 12:15:55,609][INFO][omni.repo.man.build_number.print_log:182] Written to file: 'c:\projects\kit-app-template\_build\windows-x86_64\release\VERSION'
[2025-09-05 12:15:55,681][INFO][omni.repo.man.fileutils.copy_and_link_using_dict:532] Copy of 0 files took: 0.000 milliseconds.
[2025-09-05 12:15:55,681][INFO][omni.repo.man.fileutils.copy_and_link_using_dict:542] Creating links of 0 folders took: 0.000 milliseconds.
[2025-09-05 12:15:55,685][INFO][omni.repo.man.fileutils.copy_and_link_using_dict:532] Copy of 9 files took: 3.008 milliseconds.
[2025-09-05 12:15:55,693][INFO][omni.repo.man.fileutils.copy_and_link_using_dict:542] Creating links of 13 folders took: 7.001 milliseconds.
[2025-09-05 12:15:58,324][INFO][omni.repo.man.entry.run:133] Running repo tool: repo_launch@None. args: ['launch']
[2025-09-05 12:18:57,477][INFO][omni.repo.man.entry.run:133] Running repo tool: repo_build@1.13.2. args: ['build']
[2025-09-05 12:18:57,478][INFO][omni.repo.man.configuration.set_token:231] Token: 'platform_target' set to 'windows-x86_64'
[2025-09-05 12:18:57,478][INFO][omni.repo.man.configuration.set_token:231] Token: 'platform_target_abi' set to 'windows-x86_64'
[2025-09-05 12:18:57,478][INFO][omni.repo.man.utils.run_process:241] running process: powershell -Command "New-Item -ItemType Directory -Path C:/projects/kit-app-template/source/apps -ErrorAction SilentlyContinue" ; "Write-Host 'Done'"
[2025-09-05 12:18:57,651][INFO][omni.repo.build.dependencies.pull_files:275] Skipping project file (doesn't exist): C:/projects/kit-app-template/deps/host-deps.packman.xml
[2025-09-05 12:18:57,658][INFO][omni.repo.man.utils.run_process:241] running process: C:/projects/kit-app-template/repo.bat precache_exts -c release
[2025-09-05 12:18:58,472][INFO][omni.repo.man.entry.run:133] Running repo tool: repo_precache_exts@None. args: ['precache_exts', '-c', 'release']
[2025-09-05 12:18:58,474][INFO][omni.repo.precache_exts.run:315] precaching app: C:\projects\kit-app-template\source\apps\my_company.my_editor.kit
[2025-09-05 12:18:58,474][INFO][omni.repo.man.utils.run_process:241] running process: C:\projects\kit-app-template\_build\windows-x86_64\release\kit\kit.exe C:\projects\kit-app-template\source\apps\my_company.my_editor.kit --allow-root --portable --ext-precache-mode --/crashreporter/gatherUserStory=0 --/app/settings/persistent=0 --/app/settings/loadUserConfig=0 --/app/extensions/generateVersionLock=1 --/app/extensions/parallelPullEnabled=1 --/app/enableStdoutOutput=1 --/app/extensions/detailedSolverExplanation=1 --/app/extensions/registryEnabled=1 --/app/extensions/mkdirExtFolders=0 --/app/extensions/registryCacheFull='C:\projects\kit-app-template\_build\windows-x86_64\release\extscache' --/log/flushStandardStreamOutput=1 --/exts/omni.kit.registry.nucleus/registries/0/name=\"kit/default\" --/exts/omni.kit.registry.nucleus/registries/0/url=\"https://ovextensionsprod.blob.core.windows.net/exts/kit/prod/${kit_version_major}/shared\" --/exts/omni.kit.registry.nucleus/registries/1/name=\"kit/sdk\" --/exts/omni.kit.registry.nucleus/registries/1/url=\"https://ovextensionsprod.blob.core.windows.net/exts/kit/prod/sdk/${kit_version_short}/${kit_git_hash}\" --/exts/omni.kit.registry.nucleus/registries/2/name=\"kit/community\" --/exts/omni.kit.registry.nucleus/registries/2/url=\"https://dw290v42wisod.cloudfront.net/exts/kit/community\" --/app/extensions/target/config=release --ext-folder C:\projects\kit-app-template\source\extensions --ext-folder C:\projects\kit-app-template\source\apps --portable-root C:/projects/kit-app-template/_build/windows-x86_64/release --/app/extensions/generateVersionLockSkipLocalExts=1
[2025-09-05 12:18:58,787][INFO][omni.repo.build.pippull.pull_pip_dependencies:403] Skip pip pull of because is most recent config (['C:/projects/kit-app-template/tools/deps/pip.toml']) is older than 'C:/projects/kit-app-template/_build\.lastpippull'.
[2025-09-05 12:18:58,787][INFO][omni.repo.build.build.generate_projects:263] generating project from: C:/projects/kit-app-template/premake5.lua
[2025-09-05 12:18:58,787][INFO][omni.repo.man.utils.run_process:241] running process: C:/projects/kit-app-template/_build/host-deps\premake\bin\premake5.exe --file=C:/projects/kit-app-template/premake5.lua no-compile --platform-host=windows-x86_64 --scripts=C:\packman-repo\chk\repo_build\1.13.2\lua --platform-target=windows-x86_64 --linux-x86_64-cxx11-abi=True --solution-name=kit-app-template
[2025-09-05 12:18:59,685][INFO][omni.repo.man.entry.run:133] Running repo tool: repo_kit_pull_extensions@1.10.0. args: ['pull_extensions', 'setup']
[2025-09-05 12:18:59,686][INFO][omni.repo.man.configuration.set_token:231] Token: 'config' set to 'debug'
[2025-09-05 12:18:59,688][INFO][omni.repo.man.configuration.set_token:231] Token: 'config' set to 'release'
[2025-09-05 12:19:00,556][INFO][omni.repo.man.entry.run:133] Running repo tool: repo_build_number@1.88.2. args: ['build_number', '-o', 'c:/projects/kit-app-template/_build/windows-x86_64/debug/VERSION']
[2025-09-05 12:19:00,556][INFO][omni.repo.man.nvenv.get_git_hash:352] Getting Git hash for directory c:\projects\kit-app-template
[2025-09-05 12:19:00,557][INFO][omni.repo.man.nvenv.find_git_path:186] Searching for the location of Git
[2025-09-05 12:19:00,558][INFO][omni.repo.man.nvenv.find_git_path:201] Git 2.28.0-windows-x86_64 fetched by packman
[2025-09-05 12:19:00,558][INFO][omni.repo.man.nvenv.find_git_path:249] Git location: C:/packman-repo/chk/git/2.28.0-windows-x86_64\bin/git.exe
[2025-09-05 12:19:00,558][INFO][omni.repo.man.utils.run_process_return_output:301] running process: C:/packman-repo/chk/git/2.28.0-windows-x86_64\bin/git.exe rev-parse --git-dir
[2025-09-05 12:19:00,599][INFO][omni.repo.man.nvenv.execute_git:284] Calling Git with args: "rev-parse --short=8 HEAD". Try: 1. cwd: 'c:\projects\kit-app-template'
[2025-09-05 12:19:00,628][INFO][omni.repo.man.nvenv.execute_git:295] git call result:
	return code:0
	stdout: 72a92618

	stderr: 
[2025-09-05 12:19:00,628][INFO][omni.repo.man.utils.run_process_return_output:301] running process: C:/packman-repo/chk/git/2.28.0-windows-x86_64\bin/git.exe rev-parse --git-dir
[2025-09-05 12:19:00,655][INFO][omni.repo.man.nvenv.execute_git:284] Calling Git with args: "rev-parse --abbrev-ref HEAD". Try: 1. cwd: 'c:\projects\kit-app-template'
[2025-09-05 12:19:00,685][INFO][omni.repo.man.nvenv.execute_git:295] git call result:
	return code:0
	stdout: main

	stderr: 
[2025-09-05 12:19:00,685][INFO][omni.repo.man.build_number.print_log:182] Build number: '108.0+main.0.72a92618.local'
[2025-09-05 12:19:00,687][INFO][omni.repo.man.build_number.print_log:182] Written to file: 'c:\projects\kit-app-template\_build\windows-x86_64\debug\VERSION'
[2025-09-05 12:19:01,549][INFO][omni.repo.man.entry.run:133] Running repo tool: repo_build_number@1.88.2. args: ['build_number', '-o', 'c:/projects/kit-app-template/_build/windows-x86_64/release/VERSION']
[2025-09-05 12:19:01,549][INFO][omni.repo.man.nvenv.get_git_hash:352] Getting Git hash for directory c:\projects\kit-app-template
[2025-09-05 12:19:01,549][INFO][omni.repo.man.nvenv.find_git_path:186] Searching for the location of Git
[2025-09-05 12:19:01,551][INFO][omni.repo.man.nvenv.find_git_path:201] Git 2.28.0-windows-x86_64 fetched by packman
[2025-09-05 12:19:01,551][INFO][omni.repo.man.nvenv.find_git_path:249] Git location: C:/packman-repo/chk/git/2.28.0-windows-x86_64\bin/git.exe
[2025-09-05 12:19:01,551][INFO][omni.repo.man.utils.run_process_return_output:301] running process: C:/packman-repo/chk/git/2.28.0-windows-x86_64\bin/git.exe rev-parse --git-dir
[2025-09-05 12:19:01,588][INFO][omni.repo.man.nvenv.execute_git:284] Calling Git with args: "rev-parse --short=8 HEAD". Try: 1. cwd: 'c:\projects\kit-app-template'
[2025-09-05 12:19:01,618][INFO][omni.repo.man.nvenv.execute_git:295] git call result:
	return code:0
	stdout: 72a92618

	stderr: 
[2025-09-05 12:19:01,619][INFO][omni.repo.man.utils.run_process_return_output:301] running process: C:/packman-repo/chk/git/2.28.0-windows-x86_64\bin/git.exe rev-parse --git-dir
[2025-09-05 12:19:01,646][INFO][omni.repo.man.nvenv.execute_git:284] Calling Git with args: "rev-parse --abbrev-ref HEAD". Try: 1. cwd: 'c:\projects\kit-app-template'
[2025-09-05 12:19:01,676][INFO][omni.repo.man.nvenv.execute_git:295] git call result:
	return code:0
	stdout: main

	stderr: 
[2025-09-05 12:19:01,676][INFO][omni.repo.man.build_number.print_log:182] Build number: '108.0+main.0.72a92618.local'
[2025-09-05 12:19:01,678][INFO][omni.repo.man.build_number.print_log:182] Written to file: 'c:\projects\kit-app-template\_build\windows-x86_64\release\VERSION'
[2025-09-05 12:19:01,745][INFO][omni.repo.man.fileutils.copy_and_link_using_dict:532] Copy of 0 files took: 0.000 milliseconds.
[2025-09-05 12:19:01,745][INFO][omni.repo.man.fileutils.copy_and_link_using_dict:542] Creating links of 0 folders took: 0.000 milliseconds.
[2025-09-05 12:19:01,749][INFO][omni.repo.man.fileutils.copy_and_link_using_dict:532] Copy of 9 files took: 3.001 milliseconds.
[2025-09-05 12:19:01,760][INFO][omni.repo.man.fileutils.copy_and_link_using_dict:542] Creating links of 13 folders took: 11.000 milliseconds.
[2025-09-05 12:19:05,649][INFO][omni.repo.man.entry.run:133] Running repo tool: repo_launch@None. args: ['launch']
[2025-09-05 12:22:57,252][INFO][omni.repo.man.entry.run:133] Running repo tool: repo_build@1.13.2. args: ['build']
[2025-09-05 12:22:57,252][INFO][omni.repo.man.configuration.set_token:231] Token: 'platform_target' set to 'windows-x86_64'
[2025-09-05 12:22:57,252][INFO][omni.repo.man.configuration.set_token:231] Token: 'platform_target_abi' set to 'windows-x86_64'
[2025-09-05 12:22:57,253][INFO][omni.repo.man.utils.run_process:241] running process: powershell -Command "New-Item -ItemType Directory -Path C:/projects/kit-app-template/source/apps -ErrorAction SilentlyContinue" ; "Write-Host 'Done'"
[2025-09-05 12:22:57,538][INFO][omni.repo.build.dependencies.pull_files:275] Skipping project file (doesn't exist): C:/projects/kit-app-template/deps/host-deps.packman.xml
[2025-09-05 12:22:57,545][INFO][omni.repo.man.utils.run_process:241] running process: C:/projects/kit-app-template/repo.bat precache_exts -c release
[2025-09-05 12:22:58,369][INFO][omni.repo.man.entry.run:133] Running repo tool: repo_precache_exts@None. args: ['precache_exts', '-c', 'release']
[2025-09-05 12:22:58,370][INFO][omni.repo.precache_exts.run:315] precaching app: C:\projects\kit-app-template\source\apps\my_company.my_editor.kit
[2025-09-05 12:22:58,372][INFO][omni.repo.man.utils.run_process:241] running process: C:\projects\kit-app-template\_build\windows-x86_64\release\kit\kit.exe C:\projects\kit-app-template\source\apps\my_company.my_editor.kit --allow-root --portable --ext-precache-mode --/crashreporter/gatherUserStory=0 --/app/settings/persistent=0 --/app/settings/loadUserConfig=0 --/app/extensions/generateVersionLock=1 --/app/extensions/parallelPullEnabled=1 --/app/enableStdoutOutput=1 --/app/extensions/detailedSolverExplanation=1 --/app/extensions/registryEnabled=1 --/app/extensions/mkdirExtFolders=0 --/app/extensions/registryCacheFull='C:\projects\kit-app-template\_build\windows-x86_64\release\extscache' --/log/flushStandardStreamOutput=1 --/exts/omni.kit.registry.nucleus/registries/0/name=\"kit/default\" --/exts/omni.kit.registry.nucleus/registries/0/url=\"https://ovextensionsprod.blob.core.windows.net/exts/kit/prod/${kit_version_major}/shared\" --/exts/omni.kit.registry.nucleus/registries/1/name=\"kit/sdk\" --/exts/omni.kit.registry.nucleus/registries/1/url=\"https://ovextensionsprod.blob.core.windows.net/exts/kit/prod/sdk/${kit_version_short}/${kit_git_hash}\" --/exts/omni.kit.registry.nucleus/registries/2/name=\"kit/community\" --/exts/omni.kit.registry.nucleus/registries/2/url=\"https://dw290v42wisod.cloudfront.net/exts/kit/community\" --/app/extensions/target/config=release --ext-folder C:\projects\kit-app-template\source\extensions --ext-folder C:\projects\kit-app-template\source\apps --portable-root C:/projects/kit-app-template/_build/windows-x86_64/release --/app/extensions/generateVersionLockSkipLocalExts=1
[2025-09-05 12:22:58,677][INFO][omni.repo.build.pippull.pull_pip_dependencies:403] Skip pip pull of because is most recent config (['C:/projects/kit-app-template/tools/deps/pip.toml']) is older than 'C:/projects/kit-app-template/_build\.lastpippull'.
[2025-09-05 12:22:58,678][INFO][omni.repo.build.build.generate_projects:263] generating project from: C:/projects/kit-app-template/premake5.lua
[2025-09-05 12:22:58,678][INFO][omni.repo.man.utils.run_process:241] running process: C:/projects/kit-app-template/_build/host-deps\premake\bin\premake5.exe --file=C:/projects/kit-app-template/premake5.lua no-compile --platform-host=windows-x86_64 --scripts=C:\packman-repo\chk\repo_build\1.13.2\lua --platform-target=windows-x86_64 --linux-x86_64-cxx11-abi=True --solution-name=kit-app-template
[2025-09-05 12:22:59,576][INFO][omni.repo.man.entry.run:133] Running repo tool: repo_kit_pull_extensions@1.10.0. args: ['pull_extensions', 'setup']
[2025-09-05 12:22:59,577][INFO][omni.repo.man.configuration.set_token:231] Token: 'config' set to 'debug'
[2025-09-05 12:22:59,579][INFO][omni.repo.man.configuration.set_token:231] Token: 'config' set to 'release'
[2025-09-05 12:23:00,439][INFO][omni.repo.man.entry.run:133] Running repo tool: repo_build_number@1.88.2. args: ['build_number', '-o', 'c:/projects/kit-app-template/_build/windows-x86_64/debug/VERSION']
[2025-09-05 12:23:00,440][INFO][omni.repo.man.nvenv.get_git_hash:352] Getting Git hash for directory c:\projects\kit-app-template
[2025-09-05 12:23:00,440][INFO][omni.repo.man.nvenv.find_git_path:186] Searching for the location of Git
[2025-09-05 12:23:00,441][INFO][omni.repo.man.nvenv.find_git_path:201] Git 2.28.0-windows-x86_64 fetched by packman
[2025-09-05 12:23:00,442][INFO][omni.repo.man.nvenv.find_git_path:249] Git location: C:/packman-repo/chk/git/2.28.0-windows-x86_64\bin/git.exe
[2025-09-05 12:23:00,442][INFO][omni.repo.man.utils.run_process_return_output:301] running process: C:/packman-repo/chk/git/2.28.0-windows-x86_64\bin/git.exe rev-parse --git-dir
[2025-09-05 12:23:00,639][INFO][omni.repo.man.nvenv.execute_git:284] Calling Git with args: "rev-parse --short=8 HEAD". Try: 1. cwd: 'c:\projects\kit-app-template'
[2025-09-05 12:23:00,669][INFO][omni.repo.man.nvenv.execute_git:295] git call result:
	return code:0
	stdout: 72a92618

	stderr: 
[2025-09-05 12:23:00,670][INFO][omni.repo.man.utils.run_process_return_output:301] running process: C:/packman-repo/chk/git/2.28.0-windows-x86_64\bin/git.exe rev-parse --git-dir
[2025-09-05 12:23:00,697][INFO][omni.repo.man.nvenv.execute_git:284] Calling Git with args: "rev-parse --abbrev-ref HEAD". Try: 1. cwd: 'c:\projects\kit-app-template'
[2025-09-05 12:23:00,728][INFO][omni.repo.man.nvenv.execute_git:295] git call result:
	return code:0
	stdout: main

	stderr: 
[2025-09-05 12:23:00,728][INFO][omni.repo.man.build_number.print_log:182] Build number: '108.0+main.0.72a92618.local'
[2025-09-05 12:23:00,731][INFO][omni.repo.man.build_number.print_log:182] Written to file: 'c:\projects\kit-app-template\_build\windows-x86_64\debug\VERSION'
[2025-09-05 12:23:01,586][INFO][omni.repo.man.entry.run:133] Running repo tool: repo_build_number@1.88.2. args: ['build_number', '-o', 'c:/projects/kit-app-template/_build/windows-x86_64/release/VERSION']
[2025-09-05 12:23:01,587][INFO][omni.repo.man.nvenv.get_git_hash:352] Getting Git hash for directory c:\projects\kit-app-template
[2025-09-05 12:23:01,587][INFO][omni.repo.man.nvenv.find_git_path:186] Searching for the location of Git
[2025-09-05 12:23:01,588][INFO][omni.repo.man.nvenv.find_git_path:201] Git 2.28.0-windows-x86_64 fetched by packman
[2025-09-05 12:23:01,588][INFO][omni.repo.man.nvenv.find_git_path:249] Git location: C:/packman-repo/chk/git/2.28.0-windows-x86_64\bin/git.exe
[2025-09-05 12:23:01,588][INFO][omni.repo.man.utils.run_process_return_output:301] running process: C:/packman-repo/chk/git/2.28.0-windows-x86_64\bin/git.exe rev-parse --git-dir
[2025-09-05 12:23:01,621][INFO][omni.repo.man.nvenv.execute_git:284] Calling Git with args: "rev-parse --short=8 HEAD". Try: 1. cwd: 'c:\projects\kit-app-template'
[2025-09-05 12:23:01,653][INFO][omni.repo.man.nvenv.execute_git:295] git call result:
	return code:0
	stdout: 72a92618

	stderr: 
[2025-09-05 12:23:01,653][INFO][omni.repo.man.utils.run_process_return_output:301] running process: C:/packman-repo/chk/git/2.28.0-windows-x86_64\bin/git.exe rev-parse --git-dir
[2025-09-05 12:23:01,679][INFO][omni.repo.man.nvenv.execute_git:284] Calling Git with args: "rev-parse --abbrev-ref HEAD". Try: 1. cwd: 'c:\projects\kit-app-template'
[2025-09-05 12:23:01,711][INFO][omni.repo.man.nvenv.execute_git:295] git call result:
	return code:0
	stdout: main

	stderr: 
[2025-09-05 12:23:01,712][INFO][omni.repo.man.build_number.print_log:182] Build number: '108.0+main.0.72a92618.local'
[2025-09-05 12:23:01,714][INFO][omni.repo.man.build_number.print_log:182] Written to file: 'c:\projects\kit-app-template\_build\windows-x86_64\release\VERSION'
[2025-09-05 12:23:01,795][INFO][omni.repo.man.fileutils.copy_and_link_using_dict:532] Copy of 0 files took: 0.000 milliseconds.
[2025-09-05 12:23:01,795][INFO][omni.repo.man.fileutils.copy_and_link_using_dict:542] Creating links of 0 folders took: 0.000 milliseconds.
[2025-09-05 12:23:01,798][INFO][omni.repo.man.fileutils.copy_and_link_using_dict:532] Copy of 9 files took: 1.999 milliseconds.
[2025-09-05 12:23:01,803][INFO][omni.repo.man.fileutils.copy_and_link_using_dict:542] Creating links of 13 folders took: 5.000 milliseconds.
[2025-09-05 12:23:05,967][INFO][omni.repo.man.entry.run:133] Running repo tool: repo_launch@None. args: ['launch']
[2025-09-05 12:27:18,172][INFO][omni.repo.man.entry.run:133] Running repo tool: repo_build@1.13.2. args: ['build']
[2025-09-05 12:27:18,173][INFO][omni.repo.man.configuration.set_token:231] Token: 'platform_target' set to 'windows-x86_64'
[2025-09-05 12:27:18,173][INFO][omni.repo.man.configuration.set_token:231] Token: 'platform_target_abi' set to 'windows-x86_64'
[2025-09-05 12:27:18,173][INFO][omni.repo.man.utils.run_process:241] running process: powershell -Command "New-Item -ItemType Directory -Path C:/projects/kit-app-template/source/apps -ErrorAction SilentlyContinue" ; "Write-Host 'Done'"
[2025-09-05 12:27:18,362][INFO][omni.repo.build.dependencies.pull_files:275] Skipping project file (doesn't exist): C:/projects/kit-app-template/deps/host-deps.packman.xml
[2025-09-05 12:27:18,370][INFO][omni.repo.man.utils.run_process:241] running process: C:/projects/kit-app-template/repo.bat precache_exts -c release
[2025-09-05 12:27:19,181][INFO][omni.repo.man.entry.run:133] Running repo tool: repo_precache_exts@None. args: ['precache_exts', '-c', 'release']
[2025-09-05 12:27:19,183][INFO][omni.repo.precache_exts.run:315] precaching app: C:\projects\kit-app-template\source\apps\my_company.my_editor.kit
[2025-09-05 12:27:19,184][INFO][omni.repo.man.utils.run_process:241] running process: C:\projects\kit-app-template\_build\windows-x86_64\release\kit\kit.exe C:\projects\kit-app-template\source\apps\my_company.my_editor.kit --allow-root --portable --ext-precache-mode --/crashreporter/gatherUserStory=0 --/app/settings/persistent=0 --/app/settings/loadUserConfig=0 --/app/extensions/generateVersionLock=1 --/app/extensions/parallelPullEnabled=1 --/app/enableStdoutOutput=1 --/app/extensions/detailedSolverExplanation=1 --/app/extensions/registryEnabled=1 --/app/extensions/mkdirExtFolders=0 --/app/extensions/registryCacheFull='C:\projects\kit-app-template\_build\windows-x86_64\release\extscache' --/log/flushStandardStreamOutput=1 --/exts/omni.kit.registry.nucleus/registries/0/name=\"kit/default\" --/exts/omni.kit.registry.nucleus/registries/0/url=\"https://ovextensionsprod.blob.core.windows.net/exts/kit/prod/${kit_version_major}/shared\" --/exts/omni.kit.registry.nucleus/registries/1/name=\"kit/sdk\" --/exts/omni.kit.registry.nucleus/registries/1/url=\"https://ovextensionsprod.blob.core.windows.net/exts/kit/prod/sdk/${kit_version_short}/${kit_git_hash}\" --/exts/omni.kit.registry.nucleus/registries/2/name=\"kit/community\" --/exts/omni.kit.registry.nucleus/registries/2/url=\"https://dw290v42wisod.cloudfront.net/exts/kit/community\" --/app/extensions/target/config=release --ext-folder C:\projects\kit-app-template\source\extensions --ext-folder C:\projects\kit-app-template\source\apps --portable-root C:/projects/kit-app-template/_build/windows-x86_64/release --/app/extensions/generateVersionLockSkipLocalExts=1
[2025-09-05 12:27:19,491][INFO][omni.repo.build.pippull.pull_pip_dependencies:403] Skip pip pull of because is most recent config (['C:/projects/kit-app-template/tools/deps/pip.toml']) is older than 'C:/projects/kit-app-template/_build\.lastpippull'.
[2025-09-05 12:27:19,491][INFO][omni.repo.build.build.generate_projects:263] generating project from: C:/projects/kit-app-template/premake5.lua
[2025-09-05 12:27:19,491][INFO][omni.repo.man.utils.run_process:241] running process: C:/projects/kit-app-template/_build/host-deps\premake\bin\premake5.exe --file=C:/projects/kit-app-template/premake5.lua no-compile --platform-host=windows-x86_64 --scripts=C:\packman-repo\chk\repo_build\1.13.2\lua --platform-target=windows-x86_64 --linux-x86_64-cxx11-abi=True --solution-name=kit-app-template
[2025-09-05 12:27:20,375][INFO][omni.repo.man.entry.run:133] Running repo tool: repo_kit_pull_extensions@1.10.0. args: ['pull_extensions', 'setup']
[2025-09-05 12:27:20,376][INFO][omni.repo.man.configuration.set_token:231] Token: 'config' set to 'debug'
[2025-09-05 12:27:20,378][INFO][omni.repo.man.configuration.set_token:231] Token: 'config' set to 'release'
[2025-09-05 12:27:21,240][INFO][omni.repo.man.entry.run:133] Running repo tool: repo_build_number@1.88.2. args: ['build_number', '-o', 'c:/projects/kit-app-template/_build/windows-x86_64/debug/VERSION']
[2025-09-05 12:27:21,240][INFO][omni.repo.man.nvenv.get_git_hash:352] Getting Git hash for directory c:\projects\kit-app-template
[2025-09-05 12:27:21,240][INFO][omni.repo.man.nvenv.find_git_path:186] Searching for the location of Git
[2025-09-05 12:27:21,241][INFO][omni.repo.man.nvenv.find_git_path:201] Git 2.28.0-windows-x86_64 fetched by packman
[2025-09-05 12:27:21,242][INFO][omni.repo.man.nvenv.find_git_path:249] Git location: C:/packman-repo/chk/git/2.28.0-windows-x86_64\bin/git.exe
[2025-09-05 12:27:21,242][INFO][omni.repo.man.utils.run_process_return_output:301] running process: C:/packman-repo/chk/git/2.28.0-windows-x86_64\bin/git.exe rev-parse --git-dir
[2025-09-05 12:27:21,285][INFO][omni.repo.man.nvenv.execute_git:284] Calling Git with args: "rev-parse --short=8 HEAD". Try: 1. cwd: 'c:\projects\kit-app-template'
[2025-09-05 12:27:21,314][INFO][omni.repo.man.nvenv.execute_git:295] git call result:
	return code:0
	stdout: 72a92618

	stderr: 
[2025-09-05 12:27:21,314][INFO][omni.repo.man.utils.run_process_return_output:301] running process: C:/packman-repo/chk/git/2.28.0-windows-x86_64\bin/git.exe rev-parse --git-dir
[2025-09-05 12:27:21,341][INFO][omni.repo.man.nvenv.execute_git:284] Calling Git with args: "rev-parse --abbrev-ref HEAD". Try: 1. cwd: 'c:\projects\kit-app-template'
[2025-09-05 12:27:21,374][INFO][omni.repo.man.nvenv.execute_git:295] git call result:
	return code:0
	stdout: main

	stderr: 
[2025-09-05 12:27:21,374][INFO][omni.repo.man.build_number.print_log:182] Build number: '108.0+main.0.72a92618.local'
[2025-09-05 12:27:21,376][INFO][omni.repo.man.build_number.print_log:182] Written to file: 'c:\projects\kit-app-template\_build\windows-x86_64\debug\VERSION'
[2025-09-05 12:27:22,225][INFO][omni.repo.man.entry.run:133] Running repo tool: repo_build_number@1.88.2. args: ['build_number', '-o', 'c:/projects/kit-app-template/_build/windows-x86_64/release/VERSION']
[2025-09-05 12:27:22,225][INFO][omni.repo.man.nvenv.get_git_hash:352] Getting Git hash for directory c:\projects\kit-app-template
[2025-09-05 12:27:22,225][INFO][omni.repo.man.nvenv.find_git_path:186] Searching for the location of Git
[2025-09-05 12:27:22,226][INFO][omni.repo.man.nvenv.find_git_path:201] Git 2.28.0-windows-x86_64 fetched by packman
[2025-09-05 12:27:22,226][INFO][omni.repo.man.nvenv.find_git_path:249] Git location: C:/packman-repo/chk/git/2.28.0-windows-x86_64\bin/git.exe
[2025-09-05 12:27:22,227][INFO][omni.repo.man.utils.run_process_return_output:301] running process: C:/packman-repo/chk/git/2.28.0-windows-x86_64\bin/git.exe rev-parse --git-dir
[2025-09-05 12:27:22,263][INFO][omni.repo.man.nvenv.execute_git:284] Calling Git with args: "rev-parse --short=8 HEAD". Try: 1. cwd: 'c:\projects\kit-app-template'
[2025-09-05 12:27:22,294][INFO][omni.repo.man.nvenv.execute_git:295] git call result:
	return code:0
	stdout: 72a92618

	stderr: 
[2025-09-05 12:27:22,294][INFO][omni.repo.man.utils.run_process_return_output:301] running process: C:/packman-repo/chk/git/2.28.0-windows-x86_64\bin/git.exe rev-parse --git-dir
[2025-09-05 12:27:22,326][INFO][omni.repo.man.nvenv.execute_git:284] Calling Git with args: "rev-parse --abbrev-ref HEAD". Try: 1. cwd: 'c:\projects\kit-app-template'
[2025-09-05 12:27:22,359][INFO][omni.repo.man.nvenv.execute_git:295] git call result:
	return code:0
	stdout: main

	stderr: 
[2025-09-05 12:27:22,359][INFO][omni.repo.man.build_number.print_log:182] Build number: '108.0+main.0.72a92618.local'
[2025-09-05 12:27:22,361][INFO][omni.repo.man.build_number.print_log:182] Written to file: 'c:\projects\kit-app-template\_build\windows-x86_64\release\VERSION'
[2025-09-05 12:27:22,425][INFO][omni.repo.man.fileutils.copy_and_link_using_dict:532] Copy of 0 files took: 0.000 milliseconds.
[2025-09-05 12:27:22,425][INFO][omni.repo.man.fileutils.copy_and_link_using_dict:542] Creating links of 0 folders took: 0.000 milliseconds.
[2025-09-05 12:27:22,427][INFO][omni.repo.man.fileutils.copy_and_link_using_dict:532] Copy of 9 files took: 1.515 milliseconds.
[2025-09-05 12:27:22,435][INFO][omni.repo.man.fileutils.copy_and_link_using_dict:542] Creating links of 13 folders took: 7.991 milliseconds.
[2025-09-05 12:27:26,231][INFO][omni.repo.man.entry.run:133] Running repo tool: repo_launch@None. args: ['launch']
[2025-09-05 12:32:31,781][INFO][omni.repo.man.entry.run:133] Running repo tool: repo_build@1.13.2. args: ['build']
[2025-09-05 12:32:31,782][INFO][omni.repo.man.configuration.set_token:231] Token: 'platform_target' set to 'windows-x86_64'
[2025-09-05 12:32:31,782][INFO][omni.repo.man.configuration.set_token:231] Token: 'platform_target_abi' set to 'windows-x86_64'
[2025-09-05 12:32:31,782][INFO][omni.repo.man.utils.run_process:241] running process: powershell -Command "New-Item -ItemType Directory -Path C:/projects/kit-app-template/source/apps -ErrorAction SilentlyContinue" ; "Write-Host 'Done'"
[2025-09-05 12:32:31,962][INFO][omni.repo.build.dependencies.pull_files:275] Skipping project file (doesn't exist): C:/projects/kit-app-template/deps/host-deps.packman.xml
[2025-09-05 12:32:31,969][INFO][omni.repo.man.utils.run_process:241] running process: C:/projects/kit-app-template/repo.bat precache_exts -c release
[2025-09-05 12:32:32,781][INFO][omni.repo.man.entry.run:133] Running repo tool: repo_precache_exts@None. args: ['precache_exts', '-c', 'release']
[2025-09-05 12:32:32,783][INFO][omni.repo.precache_exts.run:315] precaching app: C:\projects\kit-app-template\source\apps\my_company.my_editor.kit
[2025-09-05 12:32:32,784][INFO][omni.repo.man.utils.run_process:241] running process: C:\projects\kit-app-template\_build\windows-x86_64\release\kit\kit.exe C:\projects\kit-app-template\source\apps\my_company.my_editor.kit --allow-root --portable --ext-precache-mode --/crashreporter/gatherUserStory=0 --/app/settings/persistent=0 --/app/settings/loadUserConfig=0 --/app/extensions/generateVersionLock=1 --/app/extensions/parallelPullEnabled=1 --/app/enableStdoutOutput=1 --/app/extensions/detailedSolverExplanation=1 --/app/extensions/registryEnabled=1 --/app/extensions/mkdirExtFolders=0 --/app/extensions/registryCacheFull='C:\projects\kit-app-template\_build\windows-x86_64\release\extscache' --/log/flushStandardStreamOutput=1 --/exts/omni.kit.registry.nucleus/registries/0/name=\"kit/default\" --/exts/omni.kit.registry.nucleus/registries/0/url=\"https://ovextensionsprod.blob.core.windows.net/exts/kit/prod/${kit_version_major}/shared\" --/exts/omni.kit.registry.nucleus/registries/1/name=\"kit/sdk\" --/exts/omni.kit.registry.nucleus/registries/1/url=\"https://ovextensionsprod.blob.core.windows.net/exts/kit/prod/sdk/${kit_version_short}/${kit_git_hash}\" --/exts/omni.kit.registry.nucleus/registries/2/name=\"kit/community\" --/exts/omni.kit.registry.nucleus/registries/2/url=\"https://dw290v42wisod.cloudfront.net/exts/kit/community\" --/app/extensions/target/config=release --ext-folder C:\projects\kit-app-template\source\extensions --ext-folder C:\projects\kit-app-template\source\apps --portable-root C:/projects/kit-app-template/_build/windows-x86_64/release --/app/extensions/generateVersionLockSkipLocalExts=1
[2025-09-05 12:32:33,094][INFO][omni.repo.build.pippull.pull_pip_dependencies:403] Skip pip pull of because is most recent config (['C:/projects/kit-app-template/tools/deps/pip.toml']) is older than 'C:/projects/kit-app-template/_build\.lastpippull'.
[2025-09-05 12:32:33,095][INFO][omni.repo.build.build.generate_projects:263] generating project from: C:/projects/kit-app-template/premake5.lua
[2025-09-05 12:32:33,095][INFO][omni.repo.man.utils.run_process:241] running process: C:/projects/kit-app-template/_build/host-deps\premake\bin\premake5.exe --file=C:/projects/kit-app-template/premake5.lua no-compile --platform-host=windows-x86_64 --scripts=C:\packman-repo\chk\repo_build\1.13.2\lua --platform-target=windows-x86_64 --linux-x86_64-cxx11-abi=True --solution-name=kit-app-template
[2025-09-05 12:32:33,999][INFO][omni.repo.man.entry.run:133] Running repo tool: repo_kit_pull_extensions@1.10.0. args: ['pull_extensions', 'setup']
[2025-09-05 12:32:34,000][INFO][omni.repo.man.configuration.set_token:231] Token: 'config' set to 'debug'
[2025-09-05 12:32:34,003][INFO][omni.repo.man.configuration.set_token:231] Token: 'config' set to 'release'
[2025-09-05 12:32:34,863][INFO][omni.repo.man.entry.run:133] Running repo tool: repo_build_number@1.88.2. args: ['build_number', '-o', 'c:/projects/kit-app-template/_build/windows-x86_64/debug/VERSION']
[2025-09-05 12:32:34,863][INFO][omni.repo.man.nvenv.get_git_hash:352] Getting Git hash for directory c:\projects\kit-app-template
[2025-09-05 12:32:34,863][INFO][omni.repo.man.nvenv.find_git_path:186] Searching for the location of Git
[2025-09-05 12:32:34,864][INFO][omni.repo.man.nvenv.find_git_path:201] Git 2.28.0-windows-x86_64 fetched by packman
[2025-09-05 12:32:34,864][INFO][omni.repo.man.nvenv.find_git_path:249] Git location: C:/packman-repo/chk/git/2.28.0-windows-x86_64\bin/git.exe
[2025-09-05 12:32:34,864][INFO][omni.repo.man.utils.run_process_return_output:301] running process: C:/packman-repo/chk/git/2.28.0-windows-x86_64\bin/git.exe rev-parse --git-dir
[2025-09-05 12:32:34,944][INFO][omni.repo.man.nvenv.execute_git:284] Calling Git with args: "rev-parse --short=8 HEAD". Try: 1. cwd: 'c:\projects\kit-app-template'
[2025-09-05 12:32:34,976][INFO][omni.repo.man.nvenv.execute_git:295] git call result:
	return code:0
	stdout: 72a92618

	stderr: 
[2025-09-05 12:32:34,976][INFO][omni.repo.man.utils.run_process_return_output:301] running process: C:/packman-repo/chk/git/2.28.0-windows-x86_64\bin/git.exe rev-parse --git-dir
[2025-09-05 12:32:35,003][INFO][omni.repo.man.nvenv.execute_git:284] Calling Git with args: "rev-parse --abbrev-ref HEAD". Try: 1. cwd: 'c:\projects\kit-app-template'
[2025-09-05 12:32:35,034][INFO][omni.repo.man.nvenv.execute_git:295] git call result:
	return code:0
	stdout: main

	stderr: 
[2025-09-05 12:32:35,035][INFO][omni.repo.man.build_number.print_log:182] Build number: '108.0+main.0.72a92618.local'
[2025-09-05 12:32:35,037][INFO][omni.repo.man.build_number.print_log:182] Written to file: 'c:\projects\kit-app-template\_build\windows-x86_64\debug\VERSION'
[2025-09-05 12:32:35,896][INFO][omni.repo.man.entry.run:133] Running repo tool: repo_build_number@1.88.2. args: ['build_number', '-o', 'c:/projects/kit-app-template/_build/windows-x86_64/release/VERSION']
[2025-09-05 12:32:35,897][INFO][omni.repo.man.nvenv.get_git_hash:352] Getting Git hash for directory c:\projects\kit-app-template
[2025-09-05 12:32:35,897][INFO][omni.repo.man.nvenv.find_git_path:186] Searching for the location of Git
[2025-09-05 12:32:35,898][INFO][omni.repo.man.nvenv.find_git_path:201] Git 2.28.0-windows-x86_64 fetched by packman
[2025-09-05 12:32:35,898][INFO][omni.repo.man.nvenv.find_git_path:249] Git location: C:/packman-repo/chk/git/2.28.0-windows-x86_64\bin/git.exe
[2025-09-05 12:32:35,898][INFO][omni.repo.man.utils.run_process_return_output:301] running process: C:/packman-repo/chk/git/2.28.0-windows-x86_64\bin/git.exe rev-parse --git-dir
[2025-09-05 12:32:35,931][INFO][omni.repo.man.nvenv.execute_git:284] Calling Git with args: "rev-parse --short=8 HEAD". Try: 1. cwd: 'c:\projects\kit-app-template'
[2025-09-05 12:32:35,962][INFO][omni.repo.man.nvenv.execute_git:295] git call result:
	return code:0
	stdout: 72a92618

	stderr: 
[2025-09-05 12:32:35,962][INFO][omni.repo.man.utils.run_process_return_output:301] running process: C:/packman-repo/chk/git/2.28.0-windows-x86_64\bin/git.exe rev-parse --git-dir
[2025-09-05 12:32:35,993][INFO][omni.repo.man.nvenv.execute_git:284] Calling Git with args: "rev-parse --abbrev-ref HEAD". Try: 1. cwd: 'c:\projects\kit-app-template'
[2025-09-05 12:32:36,023][INFO][omni.repo.man.nvenv.execute_git:295] git call result:
	return code:0
	stdout: main

	stderr: 
[2025-09-05 12:32:36,023][INFO][omni.repo.man.build_number.print_log:182] Build number: '108.0+main.0.72a92618.local'
[2025-09-05 12:32:36,025][INFO][omni.repo.man.build_number.print_log:182] Written to file: 'c:\projects\kit-app-template\_build\windows-x86_64\release\VERSION'
[2025-09-05 12:32:36,097][INFO][omni.repo.man.fileutils.copy_and_link_using_dict:532] Copy of 0 files took: 0.000 milliseconds.
[2025-09-05 12:32:36,097][INFO][omni.repo.man.fileutils.copy_and_link_using_dict:542] Creating links of 0 folders took: 0.000 milliseconds.
[2025-09-05 12:32:36,101][INFO][omni.repo.man.fileutils.copy_and_link_using_dict:532] Copy of 9 files took: 3.000 milliseconds.
[2025-09-05 12:32:36,112][INFO][omni.repo.man.fileutils.copy_and_link_using_dict:542] Creating links of 13 folders took: 11.000 milliseconds.
[2025-09-05 12:32:39,964][INFO][omni.repo.man.entry.run:133] Running repo tool: repo_launch@None. args: ['launch']
[2025-09-05 12:34:25,944][INFO][omni.repo.man.entry.run:133] Running repo tool: repo_build@1.13.2. args: ['build']
[2025-09-05 12:34:25,945][INFO][omni.repo.man.configuration.set_token:231] Token: 'platform_target' set to 'windows-x86_64'
[2025-09-05 12:34:25,945][INFO][omni.repo.man.configuration.set_token:231] Token: 'platform_target_abi' set to 'windows-x86_64'
[2025-09-05 12:34:25,945][INFO][omni.repo.man.utils.run_process:241] running process: powershell -Command "New-Item -ItemType Directory -Path C:/projects/kit-app-template/source/apps -ErrorAction SilentlyContinue" ; "Write-Host 'Done'"
[2025-09-05 12:34:26,118][INFO][omni.repo.build.dependencies.pull_files:275] Skipping project file (doesn't exist): C:/projects/kit-app-template/deps/host-deps.packman.xml
[2025-09-05 12:34:26,125][INFO][omni.repo.man.utils.run_process:241] running process: C:/projects/kit-app-template/repo.bat precache_exts -c release
[2025-09-05 12:34:26,965][INFO][omni.repo.man.entry.run:133] Running repo tool: repo_precache_exts@None. args: ['precache_exts', '-c', 'release']
[2025-09-05 12:34:26,966][INFO][omni.repo.precache_exts.run:315] precaching app: C:\projects\kit-app-template\source\apps\my_company.my_editor.kit
[2025-09-05 12:34:26,967][INFO][omni.repo.man.utils.run_process:241] running process: C:\projects\kit-app-template\_build\windows-x86_64\release\kit\kit.exe C:\projects\kit-app-template\source\apps\my_company.my_editor.kit --allow-root --portable --ext-precache-mode --/crashreporter/gatherUserStory=0 --/app/settings/persistent=0 --/app/settings/loadUserConfig=0 --/app/extensions/generateVersionLock=1 --/app/extensions/parallelPullEnabled=1 --/app/enableStdoutOutput=1 --/app/extensions/detailedSolverExplanation=1 --/app/extensions/registryEnabled=1 --/app/extensions/mkdirExtFolders=0 --/app/extensions/registryCacheFull='C:\projects\kit-app-template\_build\windows-x86_64\release\extscache' --/log/flushStandardStreamOutput=1 --/exts/omni.kit.registry.nucleus/registries/0/name=\"kit/default\" --/exts/omni.kit.registry.nucleus/registries/0/url=\"https://ovextensionsprod.blob.core.windows.net/exts/kit/prod/${kit_version_major}/shared\" --/exts/omni.kit.registry.nucleus/registries/1/name=\"kit/sdk\" --/exts/omni.kit.registry.nucleus/registries/1/url=\"https://ovextensionsprod.blob.core.windows.net/exts/kit/prod/sdk/${kit_version_short}/${kit_git_hash}\" --/exts/omni.kit.registry.nucleus/registries/2/name=\"kit/community\" --/exts/omni.kit.registry.nucleus/registries/2/url=\"https://dw290v42wisod.cloudfront.net/exts/kit/community\" --/app/extensions/target/config=release --ext-folder C:\projects\kit-app-template\source\extensions --ext-folder C:\projects\kit-app-template\source\apps --portable-root C:/projects/kit-app-template/_build/windows-x86_64/release --/app/extensions/generateVersionLockSkipLocalExts=1
[2025-09-05 12:34:27,291][INFO][omni.repo.build.pippull.pull_pip_dependencies:403] Skip pip pull of because is most recent config (['C:/projects/kit-app-template/tools/deps/pip.toml']) is older than 'C:/projects/kit-app-template/_build\.lastpippull'.
[2025-09-05 12:34:27,291][INFO][omni.repo.build.build.generate_projects:263] generating project from: C:/projects/kit-app-template/premake5.lua
[2025-09-05 12:34:27,291][INFO][omni.repo.man.utils.run_process:241] running process: C:/projects/kit-app-template/_build/host-deps\premake\bin\premake5.exe --file=C:/projects/kit-app-template/premake5.lua no-compile --platform-host=windows-x86_64 --scripts=C:\packman-repo\chk\repo_build\1.13.2\lua --platform-target=windows-x86_64 --linux-x86_64-cxx11-abi=True --solution-name=kit-app-template
[2025-09-05 12:34:28,186][INFO][omni.repo.man.entry.run:133] Running repo tool: repo_kit_pull_extensions@1.10.0. args: ['pull_extensions', 'setup']
[2025-09-05 12:34:28,187][INFO][omni.repo.man.configuration.set_token:231] Token: 'config' set to 'debug'
[2025-09-05 12:34:28,190][INFO][omni.repo.man.configuration.set_token:231] Token: 'config' set to 'release'
[2025-09-05 12:34:29,050][INFO][omni.repo.man.entry.run:133] Running repo tool: repo_build_number@1.88.2. args: ['build_number', '-o', 'c:/projects/kit-app-template/_build/windows-x86_64/debug/VERSION']
[2025-09-05 12:34:29,050][INFO][omni.repo.man.nvenv.get_git_hash:352] Getting Git hash for directory c:\projects\kit-app-template
[2025-09-05 12:34:29,050][INFO][omni.repo.man.nvenv.find_git_path:186] Searching for the location of Git
[2025-09-05 12:34:29,052][INFO][omni.repo.man.nvenv.find_git_path:201] Git 2.28.0-windows-x86_64 fetched by packman
[2025-09-05 12:34:29,052][INFO][omni.repo.man.nvenv.find_git_path:249] Git location: C:/packman-repo/chk/git/2.28.0-windows-x86_64\bin/git.exe
[2025-09-05 12:34:29,053][INFO][omni.repo.man.utils.run_process_return_output:301] running process: C:/packman-repo/chk/git/2.28.0-windows-x86_64\bin/git.exe rev-parse --git-dir
[2025-09-05 12:34:29,090][INFO][omni.repo.man.nvenv.execute_git:284] Calling Git with args: "rev-parse --short=8 HEAD". Try: 1. cwd: 'c:\projects\kit-app-template'
[2025-09-05 12:34:29,121][INFO][omni.repo.man.nvenv.execute_git:295] git call result:
	return code:0
	stdout: 72a92618

	stderr: 
[2025-09-05 12:34:29,121][INFO][omni.repo.man.utils.run_process_return_output:301] running process: C:/packman-repo/chk/git/2.28.0-windows-x86_64\bin/git.exe rev-parse --git-dir
[2025-09-05 12:34:29,148][INFO][omni.repo.man.nvenv.execute_git:284] Calling Git with args: "rev-parse --abbrev-ref HEAD". Try: 1. cwd: 'c:\projects\kit-app-template'
[2025-09-05 12:34:29,178][INFO][omni.repo.man.nvenv.execute_git:295] git call result:
	return code:0
	stdout: main

	stderr: 
[2025-09-05 12:34:29,178][INFO][omni.repo.man.build_number.print_log:182] Build number: '108.0+main.0.72a92618.local'
[2025-09-05 12:34:29,180][INFO][omni.repo.man.build_number.print_log:182] Written to file: 'c:\projects\kit-app-template\_build\windows-x86_64\debug\VERSION'
[2025-09-05 12:34:30,039][INFO][omni.repo.man.entry.run:133] Running repo tool: repo_build_number@1.88.2. args: ['build_number', '-o', 'c:/projects/kit-app-template/_build/windows-x86_64/release/VERSION']
[2025-09-05 12:34:30,039][INFO][omni.repo.man.nvenv.get_git_hash:352] Getting Git hash for directory c:\projects\kit-app-template
[2025-09-05 12:34:30,039][INFO][omni.repo.man.nvenv.find_git_path:186] Searching for the location of Git
[2025-09-05 12:34:30,040][INFO][omni.repo.man.nvenv.find_git_path:201] Git 2.28.0-windows-x86_64 fetched by packman
[2025-09-05 12:34:30,040][INFO][omni.repo.man.nvenv.find_git_path:249] Git location: C:/packman-repo/chk/git/2.28.0-windows-x86_64\bin/git.exe
[2025-09-05 12:34:30,041][INFO][omni.repo.man.utils.run_process_return_output:301] running process: C:/packman-repo/chk/git/2.28.0-windows-x86_64\bin/git.exe rev-parse --git-dir
[2025-09-05 12:34:30,074][INFO][omni.repo.man.nvenv.execute_git:284] Calling Git with args: "rev-parse --short=8 HEAD". Try: 1. cwd: 'c:\projects\kit-app-template'
[2025-09-05 12:34:30,104][INFO][omni.repo.man.nvenv.execute_git:295] git call result:
	return code:0
	stdout: 72a92618

	stderr: 
[2025-09-05 12:34:30,104][INFO][omni.repo.man.utils.run_process_return_output:301] running process: C:/packman-repo/chk/git/2.28.0-windows-x86_64\bin/git.exe rev-parse --git-dir
[2025-09-05 12:34:30,131][INFO][omni.repo.man.nvenv.execute_git:284] Calling Git with args: "rev-parse --abbrev-ref HEAD". Try: 1. cwd: 'c:\projects\kit-app-template'
[2025-09-05 12:34:30,163][INFO][omni.repo.man.nvenv.execute_git:295] git call result:
	return code:0
	stdout: main

	stderr: 
[2025-09-05 12:34:30,164][INFO][omni.repo.man.build_number.print_log:182] Build number: '108.0+main.0.72a92618.local'
[2025-09-05 12:34:30,166][INFO][omni.repo.man.build_number.print_log:182] Written to file: 'c:\projects\kit-app-template\_build\windows-x86_64\release\VERSION'
[2025-09-05 12:34:30,235][INFO][omni.repo.man.fileutils.copy_and_link_using_dict:532] Copy of 0 files took: 0.000 milliseconds.
[2025-09-05 12:34:30,235][INFO][omni.repo.man.fileutils.copy_and_link_using_dict:542] Creating links of 0 folders took: 0.000 milliseconds.
[2025-09-05 12:34:30,238][INFO][omni.repo.man.fileutils.copy_and_link_using_dict:532] Copy of 9 files took: 2.001 milliseconds.
[2025-09-05 12:34:30,242][INFO][omni.repo.man.fileutils.copy_and_link_using_dict:542] Creating links of 13 folders took: 3.998 milliseconds.
[2025-09-05 12:34:33,101][INFO][omni.repo.man.entry.run:133] Running repo tool: repo_launch@None. args: ['launch']
[2025-09-05 12:36:56,882][INFO][omni.repo.man.entry.run:133] Running repo tool: repo_build@1.13.2. args: ['build']
[2025-09-05 12:36:56,883][INFO][omni.repo.man.configuration.set_token:231] Token: 'platform_target' set to 'windows-x86_64'
[2025-09-05 12:36:56,883][INFO][omni.repo.man.configuration.set_token:231] Token: 'platform_target_abi' set to 'windows-x86_64'
[2025-09-05 12:36:56,884][INFO][omni.repo.man.utils.run_process:241] running process: powershell -Command "New-Item -ItemType Directory -Path C:/projects/kit-app-template/source/apps -ErrorAction SilentlyContinue" ; "Write-Host 'Done'"
[2025-09-05 12:36:57,051][INFO][omni.repo.build.dependencies.pull_files:275] Skipping project file (doesn't exist): C:/projects/kit-app-template/deps/host-deps.packman.xml
[2025-09-05 12:36:57,058][INFO][omni.repo.man.utils.run_process:241] running process: C:/projects/kit-app-template/repo.bat precache_exts -c release
[2025-09-05 12:36:57,882][INFO][omni.repo.man.entry.run:133] Running repo tool: repo_precache_exts@None. args: ['precache_exts', '-c', 'release']
[2025-09-05 12:36:57,884][INFO][omni.repo.precache_exts.run:315] precaching app: C:\projects\kit-app-template\source\apps\my_company.my_editor.kit
[2025-09-05 12:36:57,885][INFO][omni.repo.man.utils.run_process:241] running process: C:\projects\kit-app-template\_build\windows-x86_64\release\kit\kit.exe C:\projects\kit-app-template\source\apps\my_company.my_editor.kit --allow-root --portable --ext-precache-mode --/crashreporter/gatherUserStory=0 --/app/settings/persistent=0 --/app/settings/loadUserConfig=0 --/app/extensions/generateVersionLock=1 --/app/extensions/parallelPullEnabled=1 --/app/enableStdoutOutput=1 --/app/extensions/detailedSolverExplanation=1 --/app/extensions/registryEnabled=1 --/app/extensions/mkdirExtFolders=0 --/app/extensions/registryCacheFull='C:\projects\kit-app-template\_build\windows-x86_64\release\extscache' --/log/flushStandardStreamOutput=1 --/exts/omni.kit.registry.nucleus/registries/0/name=\"kit/default\" --/exts/omni.kit.registry.nucleus/registries/0/url=\"https://ovextensionsprod.blob.core.windows.net/exts/kit/prod/${kit_version_major}/shared\" --/exts/omni.kit.registry.nucleus/registries/1/name=\"kit/sdk\" --/exts/omni.kit.registry.nucleus/registries/1/url=\"https://ovextensionsprod.blob.core.windows.net/exts/kit/prod/sdk/${kit_version_short}/${kit_git_hash}\" --/exts/omni.kit.registry.nucleus/registries/2/name=\"kit/community\" --/exts/omni.kit.registry.nucleus/registries/2/url=\"https://dw290v42wisod.cloudfront.net/exts/kit/community\" --/app/extensions/target/config=release --ext-folder C:\projects\kit-app-template\source\extensions --ext-folder C:\projects\kit-app-template\source\apps --portable-root C:/projects/kit-app-template/_build/windows-x86_64/release --/app/extensions/generateVersionLockSkipLocalExts=1
[2025-09-05 12:36:58,203][INFO][omni.repo.build.pippull.pull_pip_dependencies:403] Skip pip pull of because is most recent config (['C:/projects/kit-app-template/tools/deps/pip.toml']) is older than 'C:/projects/kit-app-template/_build\.lastpippull'.
[2025-09-05 12:36:58,203][INFO][omni.repo.build.build.generate_projects:263] generating project from: C:/projects/kit-app-template/premake5.lua
[2025-09-05 12:36:58,203][INFO][omni.repo.man.utils.run_process:241] running process: C:/projects/kit-app-template/_build/host-deps\premake\bin\premake5.exe --file=C:/projects/kit-app-template/premake5.lua no-compile --platform-host=windows-x86_64 --scripts=C:\packman-repo\chk\repo_build\1.13.2\lua --platform-target=windows-x86_64 --linux-x86_64-cxx11-abi=True --solution-name=kit-app-template
[2025-09-05 12:36:59,106][INFO][omni.repo.man.entry.run:133] Running repo tool: repo_kit_pull_extensions@1.10.0. args: ['pull_extensions', 'setup']
[2025-09-05 12:36:59,106][INFO][omni.repo.man.configuration.set_token:231] Token: 'config' set to 'debug'
[2025-09-05 12:36:59,109][INFO][omni.repo.man.configuration.set_token:231] Token: 'config' set to 'release'
[2025-09-05 12:36:59,980][INFO][omni.repo.man.entry.run:133] Running repo tool: repo_build_number@1.88.2. args: ['build_number', '-o', 'c:/projects/kit-app-template/_build/windows-x86_64/debug/VERSION']
[2025-09-05 12:36:59,980][INFO][omni.repo.man.nvenv.get_git_hash:352] Getting Git hash for directory c:\projects\kit-app-template
[2025-09-05 12:36:59,980][INFO][omni.repo.man.nvenv.find_git_path:186] Searching for the location of Git
[2025-09-05 12:36:59,982][INFO][omni.repo.man.nvenv.find_git_path:201] Git 2.28.0-windows-x86_64 fetched by packman
[2025-09-05 12:36:59,982][INFO][omni.repo.man.nvenv.find_git_path:249] Git location: C:/packman-repo/chk/git/2.28.0-windows-x86_64\bin/git.exe
[2025-09-05 12:36:59,982][INFO][omni.repo.man.utils.run_process_return_output:301] running process: C:/packman-repo/chk/git/2.28.0-windows-x86_64\bin/git.exe rev-parse --git-dir
[2025-09-05 12:37:00,020][INFO][omni.repo.man.nvenv.execute_git:284] Calling Git with args: "rev-parse --short=8 HEAD". Try: 1. cwd: 'c:\projects\kit-app-template'
[2025-09-05 12:37:00,054][INFO][omni.repo.man.nvenv.execute_git:295] git call result:
	return code:0
	stdout: 72a92618

	stderr: 
[2025-09-05 12:37:00,054][INFO][omni.repo.man.utils.run_process_return_output:301] running process: C:/packman-repo/chk/git/2.28.0-windows-x86_64\bin/git.exe rev-parse --git-dir
[2025-09-05 12:37:00,081][INFO][omni.repo.man.nvenv.execute_git:284] Calling Git with args: "rev-parse --abbrev-ref HEAD". Try: 1. cwd: 'c:\projects\kit-app-template'
[2025-09-05 12:37:00,113][INFO][omni.repo.man.nvenv.execute_git:295] git call result:
	return code:0
	stdout: main

	stderr: 
[2025-09-05 12:37:00,114][INFO][omni.repo.man.build_number.print_log:182] Build number: '108.0+main.0.72a92618.local'
[2025-09-05 12:37:00,116][INFO][omni.repo.man.build_number.print_log:182] Written to file: 'c:\projects\kit-app-template\_build\windows-x86_64\debug\VERSION'
[2025-09-05 12:37:00,970][INFO][omni.repo.man.entry.run:133] Running repo tool: repo_build_number@1.88.2. args: ['build_number', '-o', 'c:/projects/kit-app-template/_build/windows-x86_64/release/VERSION']
[2025-09-05 12:37:00,970][INFO][omni.repo.man.nvenv.get_git_hash:352] Getting Git hash for directory c:\projects\kit-app-template
[2025-09-05 12:37:00,970][INFO][omni.repo.man.nvenv.find_git_path:186] Searching for the location of Git
[2025-09-05 12:37:00,972][INFO][omni.repo.man.nvenv.find_git_path:201] Git 2.28.0-windows-x86_64 fetched by packman
[2025-09-05 12:37:00,972][INFO][omni.repo.man.nvenv.find_git_path:249] Git location: C:/packman-repo/chk/git/2.28.0-windows-x86_64\bin/git.exe
[2025-09-05 12:37:00,972][INFO][omni.repo.man.utils.run_process_return_output:301] running process: C:/packman-repo/chk/git/2.28.0-windows-x86_64\bin/git.exe rev-parse --git-dir
[2025-09-05 12:37:01,003][INFO][omni.repo.man.nvenv.execute_git:284] Calling Git with args: "rev-parse --short=8 HEAD". Try: 1. cwd: 'c:\projects\kit-app-template'
[2025-09-05 12:37:01,035][INFO][omni.repo.man.nvenv.execute_git:295] git call result:
	return code:0
	stdout: 72a92618

	stderr: 
[2025-09-05 12:37:01,036][INFO][omni.repo.man.utils.run_process_return_output:301] running process: C:/packman-repo/chk/git/2.28.0-windows-x86_64\bin/git.exe rev-parse --git-dir
[2025-09-05 12:37:01,064][INFO][omni.repo.man.nvenv.execute_git:284] Calling Git with args: "rev-parse --abbrev-ref HEAD". Try: 1. cwd: 'c:\projects\kit-app-template'
[2025-09-05 12:37:01,097][INFO][omni.repo.man.nvenv.execute_git:295] git call result:
	return code:0
	stdout: main

	stderr: 
[2025-09-05 12:37:01,098][INFO][omni.repo.man.build_number.print_log:182] Build number: '108.0+main.0.72a92618.local'
[2025-09-05 12:37:01,100][INFO][omni.repo.man.build_number.print_log:182] Written to file: 'c:\projects\kit-app-template\_build\windows-x86_64\release\VERSION'
[2025-09-05 12:37:01,169][INFO][omni.repo.man.fileutils.copy_and_link_using_dict:532] Copy of 0 files took: 0.000 milliseconds.
[2025-09-05 12:37:01,169][INFO][omni.repo.man.fileutils.copy_and_link_using_dict:542] Creating links of 0 folders took: 0.000 milliseconds.
[2025-09-05 12:37:01,174][INFO][omni.repo.man.fileutils.copy_and_link_using_dict:532] Copy of 9 files took: 4.000 milliseconds.
[2025-09-05 12:37:01,184][INFO][omni.repo.man.fileutils.copy_and_link_using_dict:542] Creating links of 13 folders took: 10.045 milliseconds.
[2025-09-05 12:37:05,070][INFO][omni.repo.man.entry.run:133] Running repo tool: repo_launch@None. args: ['launch']
[2025-09-05 12:50:52,959][INFO][omni.repo.man.entry.run:133] Running repo tool: repo_build@1.13.2. args: ['build']
[2025-09-05 12:50:52,959][INFO][omni.repo.man.configuration.set_token:231] Token: 'platform_target' set to 'windows-x86_64'
[2025-09-05 12:50:52,959][INFO][omni.repo.man.configuration.set_token:231] Token: 'platform_target_abi' set to 'windows-x86_64'
[2025-09-05 12:50:52,960][INFO][omni.repo.man.utils.run_process:241] running process: powershell -Command "New-Item -ItemType Directory -Path C:/projects/kit-app-template/source/apps -ErrorAction SilentlyContinue" ; "Write-Host 'Done'"
[2025-09-05 12:50:53,141][INFO][omni.repo.build.dependencies.pull_files:275] Skipping project file (doesn't exist): C:/projects/kit-app-template/deps/host-deps.packman.xml
[2025-09-05 12:50:53,149][INFO][omni.repo.man.utils.run_process:241] running process: C:/projects/kit-app-template/repo.bat precache_exts -c release
[2025-09-05 12:50:54,007][INFO][omni.repo.man.entry.run:133] Running repo tool: repo_precache_exts@None. args: ['precache_exts', '-c', 'release']
[2025-09-05 12:50:54,009][INFO][omni.repo.precache_exts.run:315] precaching app: C:\projects\kit-app-template\source\apps\my_company.my_editor.kit
[2025-09-05 12:50:54,010][INFO][omni.repo.man.utils.run_process:241] running process: C:\projects\kit-app-template\_build\windows-x86_64\release\kit\kit.exe C:\projects\kit-app-template\source\apps\my_company.my_editor.kit --allow-root --portable --ext-precache-mode --/crashreporter/gatherUserStory=0 --/app/settings/persistent=0 --/app/settings/loadUserConfig=0 --/app/extensions/generateVersionLock=1 --/app/extensions/parallelPullEnabled=1 --/app/enableStdoutOutput=1 --/app/extensions/detailedSolverExplanation=1 --/app/extensions/registryEnabled=1 --/app/extensions/mkdirExtFolders=0 --/app/extensions/registryCacheFull='C:\projects\kit-app-template\_build\windows-x86_64\release\extscache' --/log/flushStandardStreamOutput=1 --/exts/omni.kit.registry.nucleus/registries/0/name=\"kit/default\" --/exts/omni.kit.registry.nucleus/registries/0/url=\"https://ovextensionsprod.blob.core.windows.net/exts/kit/prod/${kit_version_major}/shared\" --/exts/omni.kit.registry.nucleus/registries/1/name=\"kit/sdk\" --/exts/omni.kit.registry.nucleus/registries/1/url=\"https://ovextensionsprod.blob.core.windows.net/exts/kit/prod/sdk/${kit_version_short}/${kit_git_hash}\" --/exts/omni.kit.registry.nucleus/registries/2/name=\"kit/community\" --/exts/omni.kit.registry.nucleus/registries/2/url=\"https://dw290v42wisod.cloudfront.net/exts/kit/community\" --/app/extensions/target/config=release --ext-folder C:\projects\kit-app-template\source\extensions --ext-folder C:\projects\kit-app-template\source\apps --portable-root C:/projects/kit-app-template/_build/windows-x86_64/release --/app/extensions/generateVersionLockSkipLocalExts=1
[2025-09-05 12:50:54,315][INFO][omni.repo.build.pippull.pull_pip_dependencies:403] Skip pip pull of because is most recent config (['C:/projects/kit-app-template/tools/deps/pip.toml']) is older than 'C:/projects/kit-app-template/_build\.lastpippull'.
[2025-09-05 12:50:54,315][INFO][omni.repo.build.build.generate_projects:263] generating project from: C:/projects/kit-app-template/premake5.lua
[2025-09-05 12:50:54,315][INFO][omni.repo.man.utils.run_process:241] running process: C:/projects/kit-app-template/_build/host-deps\premake\bin\premake5.exe --file=C:/projects/kit-app-template/premake5.lua no-compile --platform-host=windows-x86_64 --scripts=C:\packman-repo\chk\repo_build\1.13.2\lua --platform-target=windows-x86_64 --linux-x86_64-cxx11-abi=True --solution-name=kit-app-template
[2025-09-05 12:50:55,217][INFO][omni.repo.man.entry.run:133] Running repo tool: repo_kit_pull_extensions@1.10.0. args: ['pull_extensions', 'setup']
[2025-09-05 12:50:55,218][INFO][omni.repo.man.configuration.set_token:231] Token: 'config' set to 'debug'
[2025-09-05 12:50:55,220][INFO][omni.repo.man.configuration.set_token:231] Token: 'config' set to 'release'
[2025-09-05 12:50:56,093][INFO][omni.repo.man.entry.run:133] Running repo tool: repo_build_number@1.88.2. args: ['build_number', '-o', 'c:/projects/kit-app-template/_build/windows-x86_64/debug/VERSION']
[2025-09-05 12:50:56,094][INFO][omni.repo.man.nvenv.get_git_hash:352] Getting Git hash for directory c:\projects\kit-app-template
[2025-09-05 12:50:56,094][INFO][omni.repo.man.nvenv.find_git_path:186] Searching for the location of Git
[2025-09-05 12:50:56,095][INFO][omni.repo.man.nvenv.find_git_path:201] Git 2.28.0-windows-x86_64 fetched by packman
[2025-09-05 12:50:56,095][INFO][omni.repo.man.nvenv.find_git_path:249] Git location: C:/packman-repo/chk/git/2.28.0-windows-x86_64\bin/git.exe
[2025-09-05 12:50:56,095][INFO][omni.repo.man.utils.run_process_return_output:301] running process: C:/packman-repo/chk/git/2.28.0-windows-x86_64\bin/git.exe rev-parse --git-dir
[2025-09-05 12:50:56,206][INFO][omni.repo.man.nvenv.execute_git:284] Calling Git with args: "rev-parse --short=8 HEAD". Try: 1. cwd: 'c:\projects\kit-app-template'
[2025-09-05 12:50:56,238][INFO][omni.repo.man.nvenv.execute_git:295] git call result:
	return code:0
	stdout: 72a92618

	stderr: 
[2025-09-05 12:50:56,238][INFO][omni.repo.man.utils.run_process_return_output:301] running process: C:/packman-repo/chk/git/2.28.0-windows-x86_64\bin/git.exe rev-parse --git-dir
[2025-09-05 12:50:56,267][INFO][omni.repo.man.nvenv.execute_git:284] Calling Git with args: "rev-parse --abbrev-ref HEAD". Try: 1. cwd: 'c:\projects\kit-app-template'
[2025-09-05 12:50:56,300][INFO][omni.repo.man.nvenv.execute_git:295] git call result:
	return code:0
	stdout: main

	stderr: 
[2025-09-05 12:50:56,301][INFO][omni.repo.man.build_number.print_log:182] Build number: '108.0+main.0.72a92618.local'
[2025-09-05 12:50:56,303][INFO][omni.repo.man.build_number.print_log:182] Written to file: 'c:\projects\kit-app-template\_build\windows-x86_64\debug\VERSION'
[2025-09-05 12:50:57,166][INFO][omni.repo.man.entry.run:133] Running repo tool: repo_build_number@1.88.2. args: ['build_number', '-o', 'c:/projects/kit-app-template/_build/windows-x86_64/release/VERSION']
[2025-09-05 12:50:57,166][INFO][omni.repo.man.nvenv.get_git_hash:352] Getting Git hash for directory c:\projects\kit-app-template
[2025-09-05 12:50:57,166][INFO][omni.repo.man.nvenv.find_git_path:186] Searching for the location of Git
[2025-09-05 12:50:57,168][INFO][omni.repo.man.nvenv.find_git_path:201] Git 2.28.0-windows-x86_64 fetched by packman
[2025-09-05 12:50:57,168][INFO][omni.repo.man.nvenv.find_git_path:249] Git location: C:/packman-repo/chk/git/2.28.0-windows-x86_64\bin/git.exe
[2025-09-05 12:50:57,168][INFO][omni.repo.man.utils.run_process_return_output:301] running process: C:/packman-repo/chk/git/2.28.0-windows-x86_64\bin/git.exe rev-parse --git-dir
[2025-09-05 12:50:57,201][INFO][omni.repo.man.nvenv.execute_git:284] Calling Git with args: "rev-parse --short=8 HEAD". Try: 1. cwd: 'c:\projects\kit-app-template'
[2025-09-05 12:50:57,235][INFO][omni.repo.man.nvenv.execute_git:295] git call result:
	return code:0
	stdout: 72a92618

	stderr: 
[2025-09-05 12:50:57,236][INFO][omni.repo.man.utils.run_process_return_output:301] running process: C:/packman-repo/chk/git/2.28.0-windows-x86_64\bin/git.exe rev-parse --git-dir
[2025-09-05 12:50:57,264][INFO][omni.repo.man.nvenv.execute_git:284] Calling Git with args: "rev-parse --abbrev-ref HEAD". Try: 1. cwd: 'c:\projects\kit-app-template'
[2025-09-05 12:50:57,296][INFO][omni.repo.man.nvenv.execute_git:295] git call result:
	return code:0
	stdout: main

	stderr: 
[2025-09-05 12:50:57,296][INFO][omni.repo.man.build_number.print_log:182] Build number: '108.0+main.0.72a92618.local'
[2025-09-05 12:50:57,298][INFO][omni.repo.man.build_number.print_log:182] Written to file: 'c:\projects\kit-app-template\_build\windows-x86_64\release\VERSION'
[2025-09-05 12:50:57,375][INFO][omni.repo.man.fileutils.copy_and_link_using_dict:532] Copy of 0 files took: 0.000 milliseconds.
[2025-09-05 12:50:57,375][INFO][omni.repo.man.fileutils.copy_and_link_using_dict:542] Creating links of 0 folders took: 0.000 milliseconds.
[2025-09-05 12:50:57,377][INFO][omni.repo.man.fileutils.copy_and_link_using_dict:532] Copy of 9 files took: 2.008 milliseconds.
[2025-09-05 12:50:57,381][INFO][omni.repo.man.fileutils.copy_and_link_using_dict:542] Creating links of 13 folders took: 3.992 milliseconds.
[2025-09-05 12:51:00,145][INFO][omni.repo.man.entry.run:133] Running repo tool: repo_launch@None. args: ['launch']
[2025-09-05 12:55:32,556][INFO][omni.repo.man.entry.run:133] Running repo tool: repo_build@1.13.2. args: ['build']
[2025-09-05 12:55:32,557][INFO][omni.repo.man.configuration.set_token:231] Token: 'platform_target' set to 'windows-x86_64'
[2025-09-05 12:55:32,557][INFO][omni.repo.man.configuration.set_token:231] Token: 'platform_target_abi' set to 'windows-x86_64'
[2025-09-05 12:55:32,558][INFO][omni.repo.man.utils.run_process:241] running process: powershell -Command "New-Item -ItemType Directory -Path C:/projects/kit-app-template/source/apps -ErrorAction SilentlyContinue" ; "Write-Host 'Done'"
[2025-09-05 12:55:32,814][INFO][omni.repo.build.dependencies.pull_files:275] Skipping project file (doesn't exist): C:/projects/kit-app-template/deps/host-deps.packman.xml
[2025-09-05 12:55:32,822][INFO][omni.repo.man.utils.run_process:241] running process: C:/projects/kit-app-template/repo.bat precache_exts -c release
[2025-09-05 12:55:33,667][INFO][omni.repo.man.entry.run:133] Running repo tool: repo_precache_exts@None. args: ['precache_exts', '-c', 'release']
[2025-09-05 12:55:33,668][INFO][omni.repo.precache_exts.run:315] precaching app: C:\projects\kit-app-template\source\apps\my_company.my_editor.kit
[2025-09-05 12:55:33,669][INFO][omni.repo.man.utils.run_process:241] running process: C:\projects\kit-app-template\_build\windows-x86_64\release\kit\kit.exe C:\projects\kit-app-template\source\apps\my_company.my_editor.kit --allow-root --portable --ext-precache-mode --/crashreporter/gatherUserStory=0 --/app/settings/persistent=0 --/app/settings/loadUserConfig=0 --/app/extensions/generateVersionLock=1 --/app/extensions/parallelPullEnabled=1 --/app/enableStdoutOutput=1 --/app/extensions/detailedSolverExplanation=1 --/app/extensions/registryEnabled=1 --/app/extensions/mkdirExtFolders=0 --/app/extensions/registryCacheFull='C:\projects\kit-app-template\_build\windows-x86_64\release\extscache' --/log/flushStandardStreamOutput=1 --/exts/omni.kit.registry.nucleus/registries/0/name=\"kit/default\" --/exts/omni.kit.registry.nucleus/registries/0/url=\"https://ovextensionsprod.blob.core.windows.net/exts/kit/prod/${kit_version_major}/shared\" --/exts/omni.kit.registry.nucleus/registries/1/name=\"kit/sdk\" --/exts/omni.kit.registry.nucleus/registries/1/url=\"https://ovextensionsprod.blob.core.windows.net/exts/kit/prod/sdk/${kit_version_short}/${kit_git_hash}\" --/exts/omni.kit.registry.nucleus/registries/2/name=\"kit/community\" --/exts/omni.kit.registry.nucleus/registries/2/url=\"https://dw290v42wisod.cloudfront.net/exts/kit/community\" --/app/extensions/target/config=release --ext-folder C:\projects\kit-app-template\source\extensions --ext-folder C:\projects\kit-app-template\source\apps --portable-root C:/projects/kit-app-template/_build/windows-x86_64/release --/app/extensions/generateVersionLockSkipLocalExts=1
[2025-09-05 12:55:34,017][INFO][omni.repo.build.pippull.pull_pip_dependencies:403] Skip pip pull of because is most recent config (['C:/projects/kit-app-template/tools/deps/pip.toml']) is older than 'C:/projects/kit-app-template/_build\.lastpippull'.
[2025-09-05 12:55:34,017][INFO][omni.repo.build.build.generate_projects:263] generating project from: C:/projects/kit-app-template/premake5.lua
[2025-09-05 12:55:34,017][INFO][omni.repo.man.utils.run_process:241] running process: C:/projects/kit-app-template/_build/host-deps\premake\bin\premake5.exe --file=C:/projects/kit-app-template/premake5.lua no-compile --platform-host=windows-x86_64 --scripts=C:\packman-repo\chk\repo_build\1.13.2\lua --platform-target=windows-x86_64 --linux-x86_64-cxx11-abi=True --solution-name=kit-app-template
[2025-09-05 12:55:34,930][INFO][omni.repo.man.entry.run:133] Running repo tool: repo_kit_pull_extensions@1.10.0. args: ['pull_extensions', 'setup']
[2025-09-05 12:55:34,932][INFO][omni.repo.man.configuration.set_token:231] Token: 'config' set to 'debug'
[2025-09-05 12:55:34,934][INFO][omni.repo.man.configuration.set_token:231] Token: 'config' set to 'release'
[2025-09-05 12:55:35,806][INFO][omni.repo.man.entry.run:133] Running repo tool: repo_build_number@1.88.2. args: ['build_number', '-o', 'c:/projects/kit-app-template/_build/windows-x86_64/debug/VERSION']
[2025-09-05 12:55:35,806][INFO][omni.repo.man.nvenv.get_git_hash:352] Getting Git hash for directory c:\projects\kit-app-template
[2025-09-05 12:55:35,806][INFO][omni.repo.man.nvenv.find_git_path:186] Searching for the location of Git
[2025-09-05 12:55:35,808][INFO][omni.repo.man.nvenv.find_git_path:201] Git 2.28.0-windows-x86_64 fetched by packman
[2025-09-05 12:55:35,808][INFO][omni.repo.man.nvenv.find_git_path:249] Git location: C:/packman-repo/chk/git/2.28.0-windows-x86_64\bin/git.exe
[2025-09-05 12:55:35,808][INFO][omni.repo.man.utils.run_process_return_output:301] running process: C:/packman-repo/chk/git/2.28.0-windows-x86_64\bin/git.exe rev-parse --git-dir
[2025-09-05 12:55:35,846][INFO][omni.repo.man.nvenv.execute_git:284] Calling Git with args: "rev-parse --short=8 HEAD". Try: 1. cwd: 'c:\projects\kit-app-template'
[2025-09-05 12:55:35,878][INFO][omni.repo.man.nvenv.execute_git:295] git call result:
	return code:0
	stdout: 72a92618

	stderr: 
[2025-09-05 12:55:35,878][INFO][omni.repo.man.utils.run_process_return_output:301] running process: C:/packman-repo/chk/git/2.28.0-windows-x86_64\bin/git.exe rev-parse --git-dir
[2025-09-05 12:55:35,909][INFO][omni.repo.man.nvenv.execute_git:284] Calling Git with args: "rev-parse --abbrev-ref HEAD". Try: 1. cwd: 'c:\projects\kit-app-template'
[2025-09-05 12:55:35,940][INFO][omni.repo.man.nvenv.execute_git:295] git call result:
	return code:0
	stdout: main

	stderr: 
[2025-09-05 12:55:35,941][INFO][omni.repo.man.build_number.print_log:182] Build number: '108.0+main.0.72a92618.local'
[2025-09-05 12:55:35,943][INFO][omni.repo.man.build_number.print_log:182] Written to file: 'c:\projects\kit-app-template\_build\windows-x86_64\debug\VERSION'
[2025-09-05 12:55:36,802][INFO][omni.repo.man.entry.run:133] Running repo tool: repo_build_number@1.88.2. args: ['build_number', '-o', 'c:/projects/kit-app-template/_build/windows-x86_64/release/VERSION']
[2025-09-05 12:55:36,802][INFO][omni.repo.man.nvenv.get_git_hash:352] Getting Git hash for directory c:\projects\kit-app-template
[2025-09-05 12:55:36,802][INFO][omni.repo.man.nvenv.find_git_path:186] Searching for the location of Git
[2025-09-05 12:55:36,804][INFO][omni.repo.man.nvenv.find_git_path:201] Git 2.28.0-windows-x86_64 fetched by packman
[2025-09-05 12:55:36,804][INFO][omni.repo.man.nvenv.find_git_path:249] Git location: C:/packman-repo/chk/git/2.28.0-windows-x86_64\bin/git.exe
[2025-09-05 12:55:36,804][INFO][omni.repo.man.utils.run_process_return_output:301] running process: C:/packman-repo/chk/git/2.28.0-windows-x86_64\bin/git.exe rev-parse --git-dir
[2025-09-05 12:55:36,835][INFO][omni.repo.man.nvenv.execute_git:284] Calling Git with args: "rev-parse --short=8 HEAD". Try: 1. cwd: 'c:\projects\kit-app-template'
[2025-09-05 12:55:36,866][INFO][omni.repo.man.nvenv.execute_git:295] git call result:
	return code:0
	stdout: 72a92618

	stderr: 
[2025-09-05 12:55:36,866][INFO][omni.repo.man.utils.run_process_return_output:301] running process: C:/packman-repo/chk/git/2.28.0-windows-x86_64\bin/git.exe rev-parse --git-dir
[2025-09-05 12:55:36,893][INFO][omni.repo.man.nvenv.execute_git:284] Calling Git with args: "rev-parse --abbrev-ref HEAD". Try: 1. cwd: 'c:\projects\kit-app-template'
[2025-09-05 12:55:36,925][INFO][omni.repo.man.nvenv.execute_git:295] git call result:
	return code:0
	stdout: main

	stderr: 
[2025-09-05 12:55:36,926][INFO][omni.repo.man.build_number.print_log:182] Build number: '108.0+main.0.72a92618.local'
[2025-09-05 12:55:36,928][INFO][omni.repo.man.build_number.print_log:182] Written to file: 'c:\projects\kit-app-template\_build\windows-x86_64\release\VERSION'
[2025-09-05 12:55:36,993][INFO][omni.repo.man.fileutils.copy_and_link_using_dict:532] Copy of 0 files took: 0.000 milliseconds.
[2025-09-05 12:55:36,993][INFO][omni.repo.man.fileutils.copy_and_link_using_dict:542] Creating links of 0 folders took: 0.000 milliseconds.
[2025-09-05 12:55:36,997][INFO][omni.repo.man.fileutils.copy_and_link_using_dict:532] Copy of 9 files took: 3.992 milliseconds.
[2025-09-05 12:55:37,002][INFO][omni.repo.man.fileutils.copy_and_link_using_dict:542] Creating links of 13 folders took: 5.508 milliseconds.
[2025-09-05 12:55:40,663][INFO][omni.repo.man.entry.run:133] Running repo tool: repo_launch@None. args: ['launch']
[2025-09-05 13:07:21,985][INFO][omni.repo.man.entry.run:133] Running repo tool: repo_build@1.13.2. args: ['build']
[2025-09-05 13:07:21,985][INFO][omni.repo.man.configuration.set_token:231] Token: 'platform_target' set to 'windows-x86_64'
[2025-09-05 13:07:21,985][INFO][omni.repo.man.configuration.set_token:231] Token: 'platform_target_abi' set to 'windows-x86_64'
[2025-09-05 13:07:21,986][INFO][omni.repo.man.utils.run_process:241] running process: powershell -Command "New-Item -ItemType Directory -Path C:/projects/kit-app-template/source/apps -ErrorAction SilentlyContinue" ; "Write-Host 'Done'"
[2025-09-05 13:07:22,267][INFO][omni.repo.build.dependencies.pull_files:275] Skipping project file (doesn't exist): C:/projects/kit-app-template/deps/host-deps.packman.xml
[2025-09-05 13:07:22,275][INFO][omni.repo.man.utils.run_process:241] running process: C:/projects/kit-app-template/repo.bat precache_exts -c release
[2025-09-05 13:07:23,102][INFO][omni.repo.man.entry.run:133] Running repo tool: repo_precache_exts@None. args: ['precache_exts', '-c', 'release']
[2025-09-05 13:07:23,105][INFO][omni.repo.precache_exts.run:315] precaching app: C:\projects\kit-app-template\source\apps\my_company.my_editor.kit
[2025-09-05 13:07:23,105][INFO][omni.repo.man.utils.run_process:241] running process: C:\projects\kit-app-template\_build\windows-x86_64\release\kit\kit.exe C:\projects\kit-app-template\source\apps\my_company.my_editor.kit --allow-root --portable --ext-precache-mode --/crashreporter/gatherUserStory=0 --/app/settings/persistent=0 --/app/settings/loadUserConfig=0 --/app/extensions/generateVersionLock=1 --/app/extensions/parallelPullEnabled=1 --/app/enableStdoutOutput=1 --/app/extensions/detailedSolverExplanation=1 --/app/extensions/registryEnabled=1 --/app/extensions/mkdirExtFolders=0 --/app/extensions/registryCacheFull='C:\projects\kit-app-template\_build\windows-x86_64\release\extscache' --/log/flushStandardStreamOutput=1 --/exts/omni.kit.registry.nucleus/registries/0/name=\"kit/default\" --/exts/omni.kit.registry.nucleus/registries/0/url=\"https://ovextensionsprod.blob.core.windows.net/exts/kit/prod/${kit_version_major}/shared\" --/exts/omni.kit.registry.nucleus/registries/1/name=\"kit/sdk\" --/exts/omni.kit.registry.nucleus/registries/1/url=\"https://ovextensionsprod.blob.core.windows.net/exts/kit/prod/sdk/${kit_version_short}/${kit_git_hash}\" --/exts/omni.kit.registry.nucleus/registries/2/name=\"kit/community\" --/exts/omni.kit.registry.nucleus/registries/2/url=\"https://dw290v42wisod.cloudfront.net/exts/kit/community\" --/app/extensions/target/config=release --ext-folder C:\projects\kit-app-template\source\extensions --ext-folder C:\projects\kit-app-template\source\apps --portable-root C:/projects/kit-app-template/_build/windows-x86_64/release --/app/extensions/generateVersionLockSkipLocalExts=1
[2025-09-05 13:07:23,407][INFO][omni.repo.build.pippull.pull_pip_dependencies:403] Skip pip pull of because is most recent config (['C:/projects/kit-app-template/tools/deps/pip.toml']) is older than 'C:/projects/kit-app-template/_build\.lastpippull'.
[2025-09-05 13:07:23,407][INFO][omni.repo.build.build.generate_projects:263] generating project from: C:/projects/kit-app-template/premake5.lua
[2025-09-05 13:07:23,407][INFO][omni.repo.man.utils.run_process:241] running process: C:/projects/kit-app-template/_build/host-deps\premake\bin\premake5.exe --file=C:/projects/kit-app-template/premake5.lua no-compile --platform-host=windows-x86_64 --scripts=C:\packman-repo\chk\repo_build\1.13.2\lua --platform-target=windows-x86_64 --linux-x86_64-cxx11-abi=True --solution-name=kit-app-template
[2025-09-05 13:07:24,311][INFO][omni.repo.man.entry.run:133] Running repo tool: repo_kit_pull_extensions@1.10.0. args: ['pull_extensions', 'setup']
[2025-09-05 13:07:24,312][INFO][omni.repo.man.configuration.set_token:231] Token: 'config' set to 'debug'
[2025-09-05 13:07:24,315][INFO][omni.repo.man.configuration.set_token:231] Token: 'config' set to 'release'
[2025-09-05 13:07:25,188][INFO][omni.repo.man.entry.run:133] Running repo tool: repo_build_number@1.88.2. args: ['build_number', '-o', 'c:/projects/kit-app-template/_build/windows-x86_64/debug/VERSION']
[2025-09-05 13:07:25,189][INFO][omni.repo.man.nvenv.get_git_hash:352] Getting Git hash for directory c:\projects\kit-app-template
[2025-09-05 13:07:25,189][INFO][omni.repo.man.nvenv.find_git_path:186] Searching for the location of Git
[2025-09-05 13:07:25,190][INFO][omni.repo.man.nvenv.find_git_path:201] Git 2.28.0-windows-x86_64 fetched by packman
[2025-09-05 13:07:25,190][INFO][omni.repo.man.nvenv.find_git_path:249] Git location: C:/packman-repo/chk/git/2.28.0-windows-x86_64\bin/git.exe
[2025-09-05 13:07:25,190][INFO][omni.repo.man.utils.run_process_return_output:301] running process: C:/packman-repo/chk/git/2.28.0-windows-x86_64\bin/git.exe rev-parse --git-dir
[2025-09-05 13:07:25,288][INFO][omni.repo.man.nvenv.execute_git:284] Calling Git with args: "rev-parse --short=8 HEAD". Try: 1. cwd: 'c:\projects\kit-app-template'
[2025-09-05 13:07:25,319][INFO][omni.repo.man.nvenv.execute_git:295] git call result:
	return code:0
	stdout: 72a92618

	stderr: 
[2025-09-05 13:07:25,319][INFO][omni.repo.man.utils.run_process_return_output:301] running process: C:/packman-repo/chk/git/2.28.0-windows-x86_64\bin/git.exe rev-parse --git-dir
[2025-09-05 13:07:25,347][INFO][omni.repo.man.nvenv.execute_git:284] Calling Git with args: "rev-parse --abbrev-ref HEAD". Try: 1. cwd: 'c:\projects\kit-app-template'
[2025-09-05 13:07:25,378][INFO][omni.repo.man.nvenv.execute_git:295] git call result:
	return code:0
	stdout: main

	stderr: 
[2025-09-05 13:07:25,378][INFO][omni.repo.man.build_number.print_log:182] Build number: '108.0+main.0.72a92618.local'
[2025-09-05 13:07:25,380][INFO][omni.repo.man.build_number.print_log:182] Written to file: 'c:\projects\kit-app-template\_build\windows-x86_64\debug\VERSION'
[2025-09-05 13:07:26,234][INFO][omni.repo.man.entry.run:133] Running repo tool: repo_build_number@1.88.2. args: ['build_number', '-o', 'c:/projects/kit-app-template/_build/windows-x86_64/release/VERSION']
[2025-09-05 13:07:26,235][INFO][omni.repo.man.nvenv.get_git_hash:352] Getting Git hash for directory c:\projects\kit-app-template
[2025-09-05 13:07:26,235][INFO][omni.repo.man.nvenv.find_git_path:186] Searching for the location of Git
[2025-09-05 13:07:26,235][INFO][omni.repo.man.nvenv.find_git_path:201] Git 2.28.0-windows-x86_64 fetched by packman
[2025-09-05 13:07:26,237][INFO][omni.repo.man.nvenv.find_git_path:249] Git location: C:/packman-repo/chk/git/2.28.0-windows-x86_64\bin/git.exe
[2025-09-05 13:07:26,237][INFO][omni.repo.man.utils.run_process_return_output:301] running process: C:/packman-repo/chk/git/2.28.0-windows-x86_64\bin/git.exe rev-parse --git-dir
[2025-09-05 13:07:26,267][INFO][omni.repo.man.nvenv.execute_git:284] Calling Git with args: "rev-parse --short=8 HEAD". Try: 1. cwd: 'c:\projects\kit-app-template'
[2025-09-05 13:07:26,298][INFO][omni.repo.man.nvenv.execute_git:295] git call result:
	return code:0
	stdout: 72a92618

	stderr: 
[2025-09-05 13:07:26,298][INFO][omni.repo.man.utils.run_process_return_output:301] running process: C:/packman-repo/chk/git/2.28.0-windows-x86_64\bin/git.exe rev-parse --git-dir
[2025-09-05 13:07:26,325][INFO][omni.repo.man.nvenv.execute_git:284] Calling Git with args: "rev-parse --abbrev-ref HEAD". Try: 1. cwd: 'c:\projects\kit-app-template'
[2025-09-05 13:07:26,356][INFO][omni.repo.man.nvenv.execute_git:295] git call result:
	return code:0
	stdout: main

	stderr: 
[2025-09-05 13:07:26,356][INFO][omni.repo.man.build_number.print_log:182] Build number: '108.0+main.0.72a92618.local'
[2025-09-05 13:07:26,359][INFO][omni.repo.man.build_number.print_log:182] Written to file: 'c:\projects\kit-app-template\_build\windows-x86_64\release\VERSION'
[2025-09-05 13:07:26,429][INFO][omni.repo.man.fileutils.copy_and_link_using_dict:532] Copy of 0 files took: 0.000 milliseconds.
[2025-09-05 13:07:26,430][INFO][omni.repo.man.fileutils.copy_and_link_using_dict:542] Creating links of 0 folders took: 0.000 milliseconds.
[2025-09-05 13:07:26,434][INFO][omni.repo.man.fileutils.copy_and_link_using_dict:532] Copy of 9 files took: 4.000 milliseconds.
[2025-09-05 13:07:26,443][INFO][omni.repo.man.fileutils.copy_and_link_using_dict:542] Creating links of 13 folders took: 7.999 milliseconds.
[2025-09-05 13:07:29,127][INFO][omni.repo.man.entry.run:133] Running repo tool: repo_launch@None. args: ['launch']
[2025-09-05 13:11:48,514][INFO][omni.repo.man.entry.run:133] Running repo tool: repo_build@1.13.2. args: ['build']
[2025-09-05 13:11:48,514][INFO][omni.repo.man.configuration.set_token:231] Token: 'platform_target' set to 'windows-x86_64'
[2025-09-05 13:11:48,515][INFO][omni.repo.man.configuration.set_token:231] Token: 'platform_target_abi' set to 'windows-x86_64'
[2025-09-05 13:11:48,515][INFO][omni.repo.man.utils.run_process:241] running process: powershell -Command "New-Item -ItemType Directory -Path C:/projects/kit-app-template/source/apps -ErrorAction SilentlyContinue" ; "Write-Host 'Done'"
[2025-09-05 13:11:48,695][INFO][omni.repo.build.dependencies.pull_files:275] Skipping project file (doesn't exist): C:/projects/kit-app-template/deps/host-deps.packman.xml
[2025-09-05 13:11:48,702][INFO][omni.repo.man.utils.run_process:241] running process: C:/projects/kit-app-template/repo.bat precache_exts -c release
[2025-09-05 13:11:49,564][INFO][omni.repo.man.entry.run:133] Running repo tool: repo_precache_exts@None. args: ['precache_exts', '-c', 'release']
[2025-09-05 13:11:49,565][INFO][omni.repo.precache_exts.run:315] precaching app: C:\projects\kit-app-template\source\apps\my_company.my_editor.kit
[2025-09-05 13:11:49,566][INFO][omni.repo.man.utils.run_process:241] running process: C:\projects\kit-app-template\_build\windows-x86_64\release\kit\kit.exe C:\projects\kit-app-template\source\apps\my_company.my_editor.kit --allow-root --portable --ext-precache-mode --/crashreporter/gatherUserStory=0 --/app/settings/persistent=0 --/app/settings/loadUserConfig=0 --/app/extensions/generateVersionLock=1 --/app/extensions/parallelPullEnabled=1 --/app/enableStdoutOutput=1 --/app/extensions/detailedSolverExplanation=1 --/app/extensions/registryEnabled=1 --/app/extensions/mkdirExtFolders=0 --/app/extensions/registryCacheFull='C:\projects\kit-app-template\_build\windows-x86_64\release\extscache' --/log/flushStandardStreamOutput=1 --/exts/omni.kit.registry.nucleus/registries/0/name=\"kit/default\" --/exts/omni.kit.registry.nucleus/registries/0/url=\"https://ovextensionsprod.blob.core.windows.net/exts/kit/prod/${kit_version_major}/shared\" --/exts/omni.kit.registry.nucleus/registries/1/name=\"kit/sdk\" --/exts/omni.kit.registry.nucleus/registries/1/url=\"https://ovextensionsprod.blob.core.windows.net/exts/kit/prod/sdk/${kit_version_short}/${kit_git_hash}\" --/exts/omni.kit.registry.nucleus/registries/2/name=\"kit/community\" --/exts/omni.kit.registry.nucleus/registries/2/url=\"https://dw290v42wisod.cloudfront.net/exts/kit/community\" --/app/extensions/target/config=release --ext-folder C:\projects\kit-app-template\source\extensions --ext-folder C:\projects\kit-app-template\source\apps --portable-root C:/projects/kit-app-template/_build/windows-x86_64/release --/app/extensions/generateVersionLockSkipLocalExts=1
[2025-09-05 13:11:49,888][INFO][omni.repo.build.pippull.pull_pip_dependencies:403] Skip pip pull of because is most recent config (['C:/projects/kit-app-template/tools/deps/pip.toml']) is older than 'C:/projects/kit-app-template/_build\.lastpippull'.
[2025-09-05 13:11:49,888][INFO][omni.repo.build.build.generate_projects:263] generating project from: C:/projects/kit-app-template/premake5.lua
[2025-09-05 13:11:49,888][INFO][omni.repo.man.utils.run_process:241] running process: C:/projects/kit-app-template/_build/host-deps\premake\bin\premake5.exe --file=C:/projects/kit-app-template/premake5.lua no-compile --platform-host=windows-x86_64 --scripts=C:\packman-repo\chk\repo_build\1.13.2\lua --platform-target=windows-x86_64 --linux-x86_64-cxx11-abi=True --solution-name=kit-app-template
[2025-09-05 13:11:50,819][INFO][omni.repo.man.entry.run:133] Running repo tool: repo_kit_pull_extensions@1.10.0. args: ['pull_extensions', 'setup']
[2025-09-05 13:11:50,820][INFO][omni.repo.man.configuration.set_token:231] Token: 'config' set to 'debug'
[2025-09-05 13:11:50,822][INFO][omni.repo.man.configuration.set_token:231] Token: 'config' set to 'release'
[2025-09-05 13:11:51,723][INFO][omni.repo.man.entry.run:133] Running repo tool: repo_build_number@1.88.2. args: ['build_number', '-o', 'c:/projects/kit-app-template/_build/windows-x86_64/debug/VERSION']
[2025-09-05 13:11:51,723][INFO][omni.repo.man.nvenv.get_git_hash:352] Getting Git hash for directory c:\projects\kit-app-template
[2025-09-05 13:11:51,724][INFO][omni.repo.man.nvenv.find_git_path:186] Searching for the location of Git
[2025-09-05 13:11:51,725][INFO][omni.repo.man.nvenv.find_git_path:201] Git 2.28.0-windows-x86_64 fetched by packman
[2025-09-05 13:11:51,725][INFO][omni.repo.man.nvenv.find_git_path:249] Git location: C:/packman-repo/chk/git/2.28.0-windows-x86_64\bin/git.exe
[2025-09-05 13:11:51,725][INFO][omni.repo.man.utils.run_process_return_output:301] running process: C:/packman-repo/chk/git/2.28.0-windows-x86_64\bin/git.exe rev-parse --git-dir
[2025-09-05 13:11:51,765][INFO][omni.repo.man.nvenv.execute_git:284] Calling Git with args: "rev-parse --short=8 HEAD". Try: 1. cwd: 'c:\projects\kit-app-template'
[2025-09-05 13:11:51,799][INFO][omni.repo.man.nvenv.execute_git:295] git call result:
	return code:0
	stdout: 72a92618

	stderr: 
[2025-09-05 13:11:51,799][INFO][omni.repo.man.utils.run_process_return_output:301] running process: C:/packman-repo/chk/git/2.28.0-windows-x86_64\bin/git.exe rev-parse --git-dir
[2025-09-05 13:11:51,829][INFO][omni.repo.man.nvenv.execute_git:284] Calling Git with args: "rev-parse --abbrev-ref HEAD". Try: 1. cwd: 'c:\projects\kit-app-template'
[2025-09-05 13:11:51,862][INFO][omni.repo.man.nvenv.execute_git:295] git call result:
	return code:0
	stdout: main

	stderr: 
[2025-09-05 13:11:51,863][INFO][omni.repo.man.build_number.print_log:182] Build number: '108.0+main.0.72a92618.local'
[2025-09-05 13:11:51,865][INFO][omni.repo.man.build_number.print_log:182] Written to file: 'c:\projects\kit-app-template\_build\windows-x86_64\debug\VERSION'
[2025-09-05 13:11:52,793][INFO][omni.repo.man.entry.run:133] Running repo tool: repo_build_number@1.88.2. args: ['build_number', '-o', 'c:/projects/kit-app-template/_build/windows-x86_64/release/VERSION']
[2025-09-05 13:11:52,793][INFO][omni.repo.man.nvenv.get_git_hash:352] Getting Git hash for directory c:\projects\kit-app-template
[2025-09-05 13:11:52,793][INFO][omni.repo.man.nvenv.find_git_path:186] Searching for the location of Git
[2025-09-05 13:11:52,795][INFO][omni.repo.man.nvenv.find_git_path:201] Git 2.28.0-windows-x86_64 fetched by packman
[2025-09-05 13:11:52,795][INFO][omni.repo.man.nvenv.find_git_path:249] Git location: C:/packman-repo/chk/git/2.28.0-windows-x86_64\bin/git.exe
[2025-09-05 13:11:52,795][INFO][omni.repo.man.utils.run_process_return_output:301] running process: C:/packman-repo/chk/git/2.28.0-windows-x86_64\bin/git.exe rev-parse --git-dir
[2025-09-05 13:11:52,838][INFO][omni.repo.man.nvenv.execute_git:284] Calling Git with args: "rev-parse --short=8 HEAD". Try: 1. cwd: 'c:\projects\kit-app-template'
[2025-09-05 13:11:52,871][INFO][omni.repo.man.nvenv.execute_git:295] git call result:
	return code:0
	stdout: 72a92618

	stderr: 
[2025-09-05 13:11:52,872][INFO][omni.repo.man.utils.run_process_return_output:301] running process: C:/packman-repo/chk/git/2.28.0-windows-x86_64\bin/git.exe rev-parse --git-dir
[2025-09-05 13:11:52,901][INFO][omni.repo.man.nvenv.execute_git:284] Calling Git with args: "rev-parse --abbrev-ref HEAD". Try: 1. cwd: 'c:\projects\kit-app-template'
[2025-09-05 13:11:52,934][INFO][omni.repo.man.nvenv.execute_git:295] git call result:
	return code:0
	stdout: main

	stderr: 
[2025-09-05 13:11:52,935][INFO][omni.repo.man.build_number.print_log:182] Build number: '108.0+main.0.72a92618.local'
[2025-09-05 13:11:52,937][INFO][omni.repo.man.build_number.print_log:182] Written to file: 'c:\projects\kit-app-template\_build\windows-x86_64\release\VERSION'
[2025-09-05 13:11:53,013][INFO][omni.repo.man.fileutils.copy_and_link_using_dict:532] Copy of 0 files took: 0.000 milliseconds.
[2025-09-05 13:11:53,014][INFO][omni.repo.man.fileutils.copy_and_link_using_dict:542] Creating links of 0 folders took: 1.006 milliseconds.
[2025-09-05 13:11:53,018][INFO][omni.repo.man.fileutils.copy_and_link_using_dict:532] Copy of 9 files took: 3.993 milliseconds.
[2025-09-05 13:11:53,025][INFO][omni.repo.man.fileutils.copy_and_link_using_dict:542] Creating links of 13 folders took: 7.008 milliseconds.
[2025-09-05 13:12:03,323][INFO][omni.repo.man.entry.run:133] Running repo tool: repo_launch@None. args: ['launch']
[2025-09-05 13:15:34,291][INFO][omni.repo.man.entry.run:133] Running repo tool: repo_launch@None. args: ['launch']
[2025-09-05 13:21:50,254][INFO][omni.repo.man.entry.run:133] Running repo tool: repo_build@1.13.2. args: ['build']
[2025-09-05 13:21:50,255][INFO][omni.repo.man.configuration.set_token:231] Token: 'platform_target' set to 'windows-x86_64'
[2025-09-05 13:21:50,255][INFO][omni.repo.man.configuration.set_token:231] Token: 'platform_target_abi' set to 'windows-x86_64'
[2025-09-05 13:21:50,255][INFO][omni.repo.man.utils.run_process:241] running process: powershell -Command "New-Item -ItemType Directory -Path C:/projects/kit-app-template/source/apps -ErrorAction SilentlyContinue" ; "Write-Host 'Done'"
[2025-09-05 13:21:50,459][INFO][omni.repo.build.dependencies.pull_files:275] Skipping project file (doesn't exist): C:/projects/kit-app-template/deps/host-deps.packman.xml
[2025-09-05 13:21:50,467][INFO][omni.repo.man.utils.run_process:241] running process: C:/projects/kit-app-template/repo.bat precache_exts -c release
[2025-09-05 13:21:51,291][INFO][omni.repo.man.entry.run:133] Running repo tool: repo_precache_exts@None. args: ['precache_exts', '-c', 'release']
[2025-09-05 13:21:51,293][INFO][omni.repo.precache_exts.run:315] precaching app: C:\projects\kit-app-template\source\apps\my_company.my_editor.kit
[2025-09-05 13:21:51,294][INFO][omni.repo.man.utils.run_process:241] running process: C:\projects\kit-app-template\_build\windows-x86_64\release\kit\kit.exe C:\projects\kit-app-template\source\apps\my_company.my_editor.kit --allow-root --portable --ext-precache-mode --/crashreporter/gatherUserStory=0 --/app/settings/persistent=0 --/app/settings/loadUserConfig=0 --/app/extensions/generateVersionLock=1 --/app/extensions/parallelPullEnabled=1 --/app/enableStdoutOutput=1 --/app/extensions/detailedSolverExplanation=1 --/app/extensions/registryEnabled=1 --/app/extensions/mkdirExtFolders=0 --/app/extensions/registryCacheFull='C:\projects\kit-app-template\_build\windows-x86_64\release\extscache' --/log/flushStandardStreamOutput=1 --/exts/omni.kit.registry.nucleus/registries/0/name=\"kit/default\" --/exts/omni.kit.registry.nucleus/registries/0/url=\"https://ovextensionsprod.blob.core.windows.net/exts/kit/prod/${kit_version_major}/shared\" --/exts/omni.kit.registry.nucleus/registries/1/name=\"kit/sdk\" --/exts/omni.kit.registry.nucleus/registries/1/url=\"https://ovextensionsprod.blob.core.windows.net/exts/kit/prod/sdk/${kit_version_short}/${kit_git_hash}\" --/exts/omni.kit.registry.nucleus/registries/2/name=\"kit/community\" --/exts/omni.kit.registry.nucleus/registries/2/url=\"https://dw290v42wisod.cloudfront.net/exts/kit/community\" --/app/extensions/target/config=release --ext-folder C:\projects\kit-app-template\source\extensions --ext-folder C:\projects\kit-app-template\source\apps --portable-root C:/projects/kit-app-template/_build/windows-x86_64/release --/app/extensions/generateVersionLockSkipLocalExts=1
[2025-09-05 13:21:51,605][INFO][omni.repo.build.pippull.pull_pip_dependencies:403] Skip pip pull of because is most recent config (['C:/projects/kit-app-template/tools/deps/pip.toml']) is older than 'C:/projects/kit-app-template/_build\.lastpippull'.
[2025-09-05 13:21:51,605][INFO][omni.repo.build.build.generate_projects:263] generating project from: C:/projects/kit-app-template/premake5.lua
[2025-09-05 13:21:51,605][INFO][omni.repo.man.utils.run_process:241] running process: C:/projects/kit-app-template/_build/host-deps\premake\bin\premake5.exe --file=C:/projects/kit-app-template/premake5.lua no-compile --platform-host=windows-x86_64 --scripts=C:\packman-repo\chk\repo_build\1.13.2\lua --platform-target=windows-x86_64 --linux-x86_64-cxx11-abi=True --solution-name=kit-app-template
[2025-09-05 13:21:52,505][INFO][omni.repo.man.entry.run:133] Running repo tool: repo_kit_pull_extensions@1.10.0. args: ['pull_extensions', 'setup']
[2025-09-05 13:21:52,506][INFO][omni.repo.man.configuration.set_token:231] Token: 'config' set to 'debug'
[2025-09-05 13:21:52,508][INFO][omni.repo.man.configuration.set_token:231] Token: 'config' set to 'release'
[2025-09-05 13:21:53,358][INFO][omni.repo.man.entry.run:133] Running repo tool: repo_build_number@1.88.2. args: ['build_number', '-o', 'c:/projects/kit-app-template/_build/windows-x86_64/debug/VERSION']
[2025-09-05 13:21:53,359][INFO][omni.repo.man.nvenv.get_git_hash:352] Getting Git hash for directory c:\projects\kit-app-template
[2025-09-05 13:21:53,359][INFO][omni.repo.man.nvenv.find_git_path:186] Searching for the location of Git
[2025-09-05 13:21:53,360][INFO][omni.repo.man.nvenv.find_git_path:201] Git 2.28.0-windows-x86_64 fetched by packman
[2025-09-05 13:21:53,360][INFO][omni.repo.man.nvenv.find_git_path:249] Git location: C:/packman-repo/chk/git/2.28.0-windows-x86_64\bin/git.exe
[2025-09-05 13:21:53,360][INFO][omni.repo.man.utils.run_process_return_output:301] running process: C:/packman-repo/chk/git/2.28.0-windows-x86_64\bin/git.exe rev-parse --git-dir
[2025-09-05 13:21:53,401][INFO][omni.repo.man.nvenv.execute_git:284] Calling Git with args: "rev-parse --short=8 HEAD". Try: 1. cwd: 'c:\projects\kit-app-template'
[2025-09-05 13:21:53,433][INFO][omni.repo.man.nvenv.execute_git:295] git call result:
	return code:0
	stdout: 72a92618

	stderr: 
[2025-09-05 13:21:53,433][INFO][omni.repo.man.utils.run_process_return_output:301] running process: C:/packman-repo/chk/git/2.28.0-windows-x86_64\bin/git.exe rev-parse --git-dir
[2025-09-05 13:21:53,461][INFO][omni.repo.man.nvenv.execute_git:284] Calling Git with args: "rev-parse --abbrev-ref HEAD". Try: 1. cwd: 'c:\projects\kit-app-template'
[2025-09-05 13:21:53,491][INFO][omni.repo.man.nvenv.execute_git:295] git call result:
	return code:0
	stdout: main

	stderr: 
[2025-09-05 13:21:53,491][INFO][omni.repo.man.build_number.print_log:182] Build number: '108.0+main.0.72a92618.local'
[2025-09-05 13:21:53,494][INFO][omni.repo.man.build_number.print_log:182] Written to file: 'c:\projects\kit-app-template\_build\windows-x86_64\debug\VERSION'
[2025-09-05 13:21:54,333][INFO][omni.repo.man.entry.run:133] Running repo tool: repo_build_number@1.88.2. args: ['build_number', '-o', 'c:/projects/kit-app-template/_build/windows-x86_64/release/VERSION']
[2025-09-05 13:21:54,333][INFO][omni.repo.man.nvenv.get_git_hash:352] Getting Git hash for directory c:\projects\kit-app-template
[2025-09-05 13:21:54,333][INFO][omni.repo.man.nvenv.find_git_path:186] Searching for the location of Git
[2025-09-05 13:21:54,335][INFO][omni.repo.man.nvenv.find_git_path:201] Git 2.28.0-windows-x86_64 fetched by packman
[2025-09-05 13:21:54,335][INFO][omni.repo.man.nvenv.find_git_path:249] Git location: C:/packman-repo/chk/git/2.28.0-windows-x86_64\bin/git.exe
[2025-09-05 13:21:54,335][INFO][omni.repo.man.utils.run_process_return_output:301] running process: C:/packman-repo/chk/git/2.28.0-windows-x86_64\bin/git.exe rev-parse --git-dir
[2025-09-05 13:21:54,365][INFO][omni.repo.man.nvenv.execute_git:284] Calling Git with args: "rev-parse --short=8 HEAD". Try: 1. cwd: 'c:\projects\kit-app-template'
[2025-09-05 13:21:54,395][INFO][omni.repo.man.nvenv.execute_git:295] git call result:
	return code:0
	stdout: 72a92618

	stderr: 
[2025-09-05 13:21:54,395][INFO][omni.repo.man.utils.run_process_return_output:301] running process: C:/packman-repo/chk/git/2.28.0-windows-x86_64\bin/git.exe rev-parse --git-dir
[2025-09-05 13:21:54,422][INFO][omni.repo.man.nvenv.execute_git:284] Calling Git with args: "rev-parse --abbrev-ref HEAD". Try: 1. cwd: 'c:\projects\kit-app-template'
[2025-09-05 13:21:54,453][INFO][omni.repo.man.nvenv.execute_git:295] git call result:
	return code:0
	stdout: main

	stderr: 
[2025-09-05 13:21:54,453][INFO][omni.repo.man.build_number.print_log:182] Build number: '108.0+main.0.72a92618.local'
[2025-09-05 13:21:54,456][INFO][omni.repo.man.build_number.print_log:182] Written to file: 'c:\projects\kit-app-template\_build\windows-x86_64\release\VERSION'
[2025-09-05 13:21:54,518][INFO][omni.repo.man.fileutils.copy_and_link_using_dict:532] Copy of 0 files took: 0.000 milliseconds.
[2025-09-05 13:21:54,518][INFO][omni.repo.man.fileutils.copy_and_link_using_dict:542] Creating links of 0 folders took: 0.000 milliseconds.
[2025-09-05 13:21:54,520][INFO][omni.repo.man.fileutils.copy_and_link_using_dict:532] Copy of 9 files took: 1.000 milliseconds.
[2025-09-05 13:21:54,531][INFO][omni.repo.man.fileutils.copy_and_link_using_dict:542] Creating links of 13 folders took: 11.000 milliseconds.
[2025-09-05 13:21:58,179][INFO][omni.repo.man.entry.run:133] Running repo tool: repo_launch@None. args: ['launch']
[2025-09-05 13:30:01,169][INFO][omni.repo.man.entry.run:133] Running repo tool: repo_build@1.13.2. args: ['build']
[2025-09-05 13:30:01,170][INFO][omni.repo.man.configuration.set_token:231] Token: 'platform_target' set to 'windows-x86_64'
[2025-09-05 13:30:01,170][INFO][omni.repo.man.configuration.set_token:231] Token: 'platform_target_abi' set to 'windows-x86_64'
[2025-09-05 13:30:01,170][INFO][omni.repo.man.utils.run_process:241] running process: powershell -Command "New-Item -ItemType Directory -Path C:/projects/kit-app-template/source/apps -ErrorAction SilentlyContinue" ; "Write-Host 'Done'"
[2025-09-05 13:30:01,391][INFO][omni.repo.build.dependencies.pull_files:275] Skipping project file (doesn't exist): C:/projects/kit-app-template/deps/host-deps.packman.xml
[2025-09-05 13:30:01,399][INFO][omni.repo.man.utils.run_process:241] running process: C:/projects/kit-app-template/repo.bat precache_exts -c release
[2025-09-05 13:30:02,206][INFO][omni.repo.man.entry.run:133] Running repo tool: repo_precache_exts@None. args: ['precache_exts', '-c', 'release']
[2025-09-05 13:30:02,208][INFO][omni.repo.precache_exts.run:315] precaching app: C:\projects\kit-app-template\source\apps\my_company.my_editor.kit
[2025-09-05 13:30:02,209][INFO][omni.repo.man.utils.run_process:241] running process: C:\projects\kit-app-template\_build\windows-x86_64\release\kit\kit.exe C:\projects\kit-app-template\source\apps\my_company.my_editor.kit --allow-root --portable --ext-precache-mode --/crashreporter/gatherUserStory=0 --/app/settings/persistent=0 --/app/settings/loadUserConfig=0 --/app/extensions/generateVersionLock=1 --/app/extensions/parallelPullEnabled=1 --/app/enableStdoutOutput=1 --/app/extensions/detailedSolverExplanation=1 --/app/extensions/registryEnabled=1 --/app/extensions/mkdirExtFolders=0 --/app/extensions/registryCacheFull='C:\projects\kit-app-template\_build\windows-x86_64\release\extscache' --/log/flushStandardStreamOutput=1 --/exts/omni.kit.registry.nucleus/registries/0/name=\"kit/default\" --/exts/omni.kit.registry.nucleus/registries/0/url=\"https://ovextensionsprod.blob.core.windows.net/exts/kit/prod/${kit_version_major}/shared\" --/exts/omni.kit.registry.nucleus/registries/1/name=\"kit/sdk\" --/exts/omni.kit.registry.nucleus/registries/1/url=\"https://ovextensionsprod.blob.core.windows.net/exts/kit/prod/sdk/${kit_version_short}/${kit_git_hash}\" --/exts/omni.kit.registry.nucleus/registries/2/name=\"kit/community\" --/exts/omni.kit.registry.nucleus/registries/2/url=\"https://dw290v42wisod.cloudfront.net/exts/kit/community\" --/app/extensions/target/config=release --ext-folder C:\projects\kit-app-template\source\extensions --ext-folder C:\projects\kit-app-template\source\apps --portable-root C:/projects/kit-app-template/_build/windows-x86_64/release --/app/extensions/generateVersionLockSkipLocalExts=1
[2025-09-05 13:30:02,522][INFO][omni.repo.build.pippull.pull_pip_dependencies:403] Skip pip pull of because is most recent config (['C:/projects/kit-app-template/tools/deps/pip.toml']) is older than 'C:/projects/kit-app-template/_build\.lastpippull'.
[2025-09-05 13:30:02,523][INFO][omni.repo.build.build.generate_projects:263] generating project from: C:/projects/kit-app-template/premake5.lua
[2025-09-05 13:30:02,523][INFO][omni.repo.man.utils.run_process:241] running process: C:/projects/kit-app-template/_build/host-deps\premake\bin\premake5.exe --file=C:/projects/kit-app-template/premake5.lua no-compile --platform-host=windows-x86_64 --scripts=C:\packman-repo\chk\repo_build\1.13.2\lua --platform-target=windows-x86_64 --linux-x86_64-cxx11-abi=True --solution-name=kit-app-template
[2025-09-05 13:30:03,427][INFO][omni.repo.man.entry.run:133] Running repo tool: repo_kit_pull_extensions@1.10.0. args: ['pull_extensions', 'setup']
[2025-09-05 13:30:03,428][INFO][omni.repo.man.configuration.set_token:231] Token: 'config' set to 'debug'
[2025-09-05 13:30:03,430][INFO][omni.repo.man.configuration.set_token:231] Token: 'config' set to 'release'
[2025-09-05 13:30:04,302][INFO][omni.repo.man.entry.run:133] Running repo tool: repo_build_number@1.88.2. args: ['build_number', '-o', 'c:/projects/kit-app-template/_build/windows-x86_64/debug/VERSION']
[2025-09-05 13:30:04,302][INFO][omni.repo.man.nvenv.get_git_hash:352] Getting Git hash for directory c:\projects\kit-app-template
[2025-09-05 13:30:04,302][INFO][omni.repo.man.nvenv.find_git_path:186] Searching for the location of Git
[2025-09-05 13:30:04,303][INFO][omni.repo.man.nvenv.find_git_path:201] Git 2.28.0-windows-x86_64 fetched by packman
[2025-09-05 13:30:04,303][INFO][omni.repo.man.nvenv.find_git_path:249] Git location: C:/packman-repo/chk/git/2.28.0-windows-x86_64\bin/git.exe
[2025-09-05 13:30:04,304][INFO][omni.repo.man.utils.run_process_return_output:301] running process: C:/packman-repo/chk/git/2.28.0-windows-x86_64\bin/git.exe rev-parse --git-dir
[2025-09-05 13:30:04,513][INFO][omni.repo.man.nvenv.execute_git:284] Calling Git with args: "rev-parse --short=8 HEAD". Try: 1. cwd: 'c:\projects\kit-app-template'
[2025-09-05 13:30:04,544][INFO][omni.repo.man.nvenv.execute_git:295] git call result:
	return code:0
	stdout: 72a92618

	stderr: 
[2025-09-05 13:30:04,544][INFO][omni.repo.man.utils.run_process_return_output:301] running process: C:/packman-repo/chk/git/2.28.0-windows-x86_64\bin/git.exe rev-parse --git-dir
[2025-09-05 13:30:04,571][INFO][omni.repo.man.nvenv.execute_git:284] Calling Git with args: "rev-parse --abbrev-ref HEAD". Try: 1. cwd: 'c:\projects\kit-app-template'
[2025-09-05 13:30:04,602][INFO][omni.repo.man.nvenv.execute_git:295] git call result:
	return code:0
	stdout: main

	stderr: 
[2025-09-05 13:30:04,602][INFO][omni.repo.man.build_number.print_log:182] Build number: '108.0+main.0.72a92618.local'
[2025-09-05 13:30:04,605][INFO][omni.repo.man.build_number.print_log:182] Written to file: 'c:\projects\kit-app-template\_build\windows-x86_64\debug\VERSION'
[2025-09-05 13:30:05,465][INFO][omni.repo.man.entry.run:133] Running repo tool: repo_build_number@1.88.2. args: ['build_number', '-o', 'c:/projects/kit-app-template/_build/windows-x86_64/release/VERSION']
[2025-09-05 13:30:05,466][INFO][omni.repo.man.nvenv.get_git_hash:352] Getting Git hash for directory c:\projects\kit-app-template
[2025-09-05 13:30:05,466][INFO][omni.repo.man.nvenv.find_git_path:186] Searching for the location of Git
[2025-09-05 13:30:05,467][INFO][omni.repo.man.nvenv.find_git_path:201] Git 2.28.0-windows-x86_64 fetched by packman
[2025-09-05 13:30:05,467][INFO][omni.repo.man.nvenv.find_git_path:249] Git location: C:/packman-repo/chk/git/2.28.0-windows-x86_64\bin/git.exe
[2025-09-05 13:30:05,467][INFO][omni.repo.man.utils.run_process_return_output:301] running process: C:/packman-repo/chk/git/2.28.0-windows-x86_64\bin/git.exe rev-parse --git-dir
[2025-09-05 13:30:05,502][INFO][omni.repo.man.nvenv.execute_git:284] Calling Git with args: "rev-parse --short=8 HEAD". Try: 1. cwd: 'c:\projects\kit-app-template'
[2025-09-05 13:30:05,535][INFO][omni.repo.man.nvenv.execute_git:295] git call result:
	return code:0
	stdout: 72a92618

	stderr: 
[2025-09-05 13:30:05,535][INFO][omni.repo.man.utils.run_process_return_output:301] running process: C:/packman-repo/chk/git/2.28.0-windows-x86_64\bin/git.exe rev-parse --git-dir
[2025-09-05 13:30:05,562][INFO][omni.repo.man.nvenv.execute_git:284] Calling Git with args: "rev-parse --abbrev-ref HEAD". Try: 1. cwd: 'c:\projects\kit-app-template'
[2025-09-05 13:30:05,593][INFO][omni.repo.man.nvenv.execute_git:295] git call result:
	return code:0
	stdout: main

	stderr: 
[2025-09-05 13:30:05,593][INFO][omni.repo.man.build_number.print_log:182] Build number: '108.0+main.0.72a92618.local'
[2025-09-05 13:30:05,595][INFO][omni.repo.man.build_number.print_log:182] Written to file: 'c:\projects\kit-app-template\_build\windows-x86_64\release\VERSION'
[2025-09-05 13:30:05,687][INFO][omni.repo.man.fileutils.copy_and_link_using_dict:532] Copy of 0 files took: 0.000 milliseconds.
[2025-09-05 13:30:05,687][INFO][omni.repo.man.fileutils.copy_and_link_using_dict:542] Creating links of 0 folders took: 0.000 milliseconds.
[2025-09-05 13:30:05,693][INFO][omni.repo.man.fileutils.copy_and_link_using_dict:532] Copy of 9 files took: 4.998 milliseconds.
[2025-09-05 13:30:05,709][INFO][omni.repo.man.fileutils.copy_and_link_using_dict:542] Creating links of 13 folders took: 16.000 milliseconds.
[2025-09-05 13:30:09,567][INFO][omni.repo.man.entry.run:133] Running repo tool: repo_launch@None. args: ['launch']
[2025-09-05 13:38:46,961][INFO][omni.repo.man.entry.run:133] Running repo tool: repo_build@1.13.2. args: ['build']
[2025-09-05 13:38:46,961][INFO][omni.repo.man.configuration.set_token:231] Token: 'platform_target' set to 'windows-x86_64'
[2025-09-05 13:38:46,962][INFO][omni.repo.man.configuration.set_token:231] Token: 'platform_target_abi' set to 'windows-x86_64'
[2025-09-05 13:38:46,963][INFO][omni.repo.man.utils.run_process:241] running process: powershell -Command "New-Item -ItemType Directory -Path C:/projects/kit-app-template/source/apps -ErrorAction SilentlyContinue" ; "Write-Host 'Done'"
[2025-09-05 13:38:47,238][INFO][omni.repo.build.dependencies.pull_files:275] Skipping project file (doesn't exist): C:/projects/kit-app-template/deps/host-deps.packman.xml
[2025-09-05 13:38:47,246][INFO][omni.repo.man.utils.run_process:241] running process: C:/projects/kit-app-template/repo.bat precache_exts -c release
[2025-09-05 13:38:48,088][INFO][omni.repo.man.entry.run:133] Running repo tool: repo_precache_exts@None. args: ['precache_exts', '-c', 'release']
[2025-09-05 13:38:48,089][INFO][omni.repo.precache_exts.run:315] precaching app: C:\projects\kit-app-template\source\apps\my_company.my_editor.kit
[2025-09-05 13:38:48,090][INFO][omni.repo.man.utils.run_process:241] running process: C:\projects\kit-app-template\_build\windows-x86_64\release\kit\kit.exe C:\projects\kit-app-template\source\apps\my_company.my_editor.kit --allow-root --portable --ext-precache-mode --/crashreporter/gatherUserStory=0 --/app/settings/persistent=0 --/app/settings/loadUserConfig=0 --/app/extensions/generateVersionLock=1 --/app/extensions/parallelPullEnabled=1 --/app/enableStdoutOutput=1 --/app/extensions/detailedSolverExplanation=1 --/app/extensions/registryEnabled=1 --/app/extensions/mkdirExtFolders=0 --/app/extensions/registryCacheFull='C:\projects\kit-app-template\_build\windows-x86_64\release\extscache' --/log/flushStandardStreamOutput=1 --/exts/omni.kit.registry.nucleus/registries/0/name=\"kit/default\" --/exts/omni.kit.registry.nucleus/registries/0/url=\"https://ovextensionsprod.blob.core.windows.net/exts/kit/prod/${kit_version_major}/shared\" --/exts/omni.kit.registry.nucleus/registries/1/name=\"kit/sdk\" --/exts/omni.kit.registry.nucleus/registries/1/url=\"https://ovextensionsprod.blob.core.windows.net/exts/kit/prod/sdk/${kit_version_short}/${kit_git_hash}\" --/exts/omni.kit.registry.nucleus/registries/2/name=\"kit/community\" --/exts/omni.kit.registry.nucleus/registries/2/url=\"https://dw290v42wisod.cloudfront.net/exts/kit/community\" --/app/extensions/target/config=release --ext-folder C:\projects\kit-app-template\source\extensions --ext-folder C:\projects\kit-app-template\source\apps --portable-root C:/projects/kit-app-template/_build/windows-x86_64/release --/app/extensions/generateVersionLockSkipLocalExts=1
[2025-09-05 13:38:48,411][INFO][omni.repo.build.pippull.pull_pip_dependencies:403] Skip pip pull of because is most recent config (['C:/projects/kit-app-template/tools/deps/pip.toml']) is older than 'C:/projects/kit-app-template/_build\.lastpippull'.
[2025-09-05 13:38:48,412][INFO][omni.repo.build.build.generate_projects:263] generating project from: C:/projects/kit-app-template/premake5.lua
[2025-09-05 13:38:48,412][INFO][omni.repo.man.utils.run_process:241] running process: C:/projects/kit-app-template/_build/host-deps\premake\bin\premake5.exe --file=C:/projects/kit-app-template/premake5.lua no-compile --platform-host=windows-x86_64 --scripts=C:\packman-repo\chk\repo_build\1.13.2\lua --platform-target=windows-x86_64 --linux-x86_64-cxx11-abi=True --solution-name=kit-app-template
[2025-09-05 13:38:49,301][INFO][omni.repo.man.entry.run:133] Running repo tool: repo_kit_pull_extensions@1.10.0. args: ['pull_extensions', 'setup']
[2025-09-05 13:38:49,302][INFO][omni.repo.man.configuration.set_token:231] Token: 'config' set to 'debug'
[2025-09-05 13:38:49,304][INFO][omni.repo.man.configuration.set_token:231] Token: 'config' set to 'release'
[2025-09-05 13:38:50,163][INFO][omni.repo.man.entry.run:133] Running repo tool: repo_build_number@1.88.2. args: ['build_number', '-o', 'c:/projects/kit-app-template/_build/windows-x86_64/debug/VERSION']
[2025-09-05 13:38:50,164][INFO][omni.repo.man.nvenv.get_git_hash:352] Getting Git hash for directory c:\projects\kit-app-template
[2025-09-05 13:38:50,164][INFO][omni.repo.man.nvenv.find_git_path:186] Searching for the location of Git
[2025-09-05 13:38:50,165][INFO][omni.repo.man.nvenv.find_git_path:201] Git 2.28.0-windows-x86_64 fetched by packman
[2025-09-05 13:38:50,165][INFO][omni.repo.man.nvenv.find_git_path:249] Git location: C:/packman-repo/chk/git/2.28.0-windows-x86_64\bin/git.exe
[2025-09-05 13:38:50,165][INFO][omni.repo.man.utils.run_process_return_output:301] running process: C:/packman-repo/chk/git/2.28.0-windows-x86_64\bin/git.exe rev-parse --git-dir
[2025-09-05 13:38:50,261][INFO][omni.repo.man.nvenv.execute_git:284] Calling Git with args: "rev-parse --short=8 HEAD". Try: 1. cwd: 'c:\projects\kit-app-template'
[2025-09-05 13:38:50,293][INFO][omni.repo.man.nvenv.execute_git:295] git call result:
	return code:0
	stdout: 72a92618

	stderr: 
[2025-09-05 13:38:50,293][INFO][omni.repo.man.utils.run_process_return_output:301] running process: C:/packman-repo/chk/git/2.28.0-windows-x86_64\bin/git.exe rev-parse --git-dir
[2025-09-05 13:38:50,320][INFO][omni.repo.man.nvenv.execute_git:284] Calling Git with args: "rev-parse --abbrev-ref HEAD". Try: 1. cwd: 'c:\projects\kit-app-template'
[2025-09-05 13:38:50,351][INFO][omni.repo.man.nvenv.execute_git:295] git call result:
	return code:0
	stdout: main

	stderr: 
[2025-09-05 13:38:50,351][INFO][omni.repo.man.build_number.print_log:182] Build number: '108.0+main.0.72a92618.local'
[2025-09-05 13:38:50,354][INFO][omni.repo.man.build_number.print_log:182] Written to file: 'c:\projects\kit-app-template\_build\windows-x86_64\debug\VERSION'
[2025-09-05 13:38:51,207][INFO][omni.repo.man.entry.run:133] Running repo tool: repo_build_number@1.88.2. args: ['build_number', '-o', 'c:/projects/kit-app-template/_build/windows-x86_64/release/VERSION']
[2025-09-05 13:38:51,208][INFO][omni.repo.man.nvenv.get_git_hash:352] Getting Git hash for directory c:\projects\kit-app-template
[2025-09-05 13:38:51,208][INFO][omni.repo.man.nvenv.find_git_path:186] Searching for the location of Git
[2025-09-05 13:38:51,209][INFO][omni.repo.man.nvenv.find_git_path:201] Git 2.28.0-windows-x86_64 fetched by packman
[2025-09-05 13:38:51,209][INFO][omni.repo.man.nvenv.find_git_path:249] Git location: C:/packman-repo/chk/git/2.28.0-windows-x86_64\bin/git.exe
[2025-09-05 13:38:51,209][INFO][omni.repo.man.utils.run_process_return_output:301] running process: C:/packman-repo/chk/git/2.28.0-windows-x86_64\bin/git.exe rev-parse --git-dir
[2025-09-05 13:38:51,241][INFO][omni.repo.man.nvenv.execute_git:284] Calling Git with args: "rev-parse --short=8 HEAD". Try: 1. cwd: 'c:\projects\kit-app-template'
[2025-09-05 13:38:51,272][INFO][omni.repo.man.nvenv.execute_git:295] git call result:
	return code:0
	stdout: 72a92618

	stderr: 
[2025-09-05 13:38:51,272][INFO][omni.repo.man.utils.run_process_return_output:301] running process: C:/packman-repo/chk/git/2.28.0-windows-x86_64\bin/git.exe rev-parse --git-dir
[2025-09-05 13:38:51,299][INFO][omni.repo.man.nvenv.execute_git:284] Calling Git with args: "rev-parse --abbrev-ref HEAD". Try: 1. cwd: 'c:\projects\kit-app-template'
[2025-09-05 13:38:51,330][INFO][omni.repo.man.nvenv.execute_git:295] git call result:
	return code:0
	stdout: main

	stderr: 
[2025-09-05 13:38:51,331][INFO][omni.repo.man.build_number.print_log:182] Build number: '108.0+main.0.72a92618.local'
[2025-09-05 13:38:51,333][INFO][omni.repo.man.build_number.print_log:182] Written to file: 'c:\projects\kit-app-template\_build\windows-x86_64\release\VERSION'
[2025-09-05 13:38:51,401][INFO][omni.repo.man.fileutils.copy_and_link_using_dict:532] Copy of 0 files took: 0.000 milliseconds.
[2025-09-05 13:38:51,401][INFO][omni.repo.man.fileutils.copy_and_link_using_dict:542] Creating links of 0 folders took: 0.000 milliseconds.
[2025-09-05 13:38:51,405][INFO][omni.repo.man.fileutils.copy_and_link_using_dict:532] Copy of 9 files took: 3.001 milliseconds.
[2025-09-05 13:38:51,414][INFO][omni.repo.man.fileutils.copy_and_link_using_dict:542] Creating links of 13 folders took: 8.000 milliseconds.
[2025-09-05 13:38:55,118][INFO][omni.repo.man.entry.run:133] Running repo tool: repo_launch@None. args: ['launch']
[2025-09-05 13:40:47,814][INFO][omni.repo.man.entry.run:133] Running repo tool: repo_build@1.13.2. args: ['build']
[2025-09-05 13:40:47,814][INFO][omni.repo.man.configuration.set_token:231] Token: 'platform_target' set to 'windows-x86_64'
[2025-09-05 13:40:47,814][INFO][omni.repo.man.configuration.set_token:231] Token: 'platform_target_abi' set to 'windows-x86_64'
[2025-09-05 13:40:47,815][INFO][omni.repo.man.utils.run_process:241] running process: powershell -Command "New-Item -ItemType Directory -Path C:/projects/kit-app-template/source/apps -ErrorAction SilentlyContinue" ; "Write-Host 'Done'"
[2025-09-05 13:40:47,988][INFO][omni.repo.build.dependencies.pull_files:275] Skipping project file (doesn't exist): C:/projects/kit-app-template/deps/host-deps.packman.xml
[2025-09-05 13:40:47,995][INFO][omni.repo.man.utils.run_process:241] running process: C:/projects/kit-app-template/repo.bat precache_exts -c release
[2025-09-05 13:40:48,819][INFO][omni.repo.man.entry.run:133] Running repo tool: repo_precache_exts@None. args: ['precache_exts', '-c', 'release']
[2025-09-05 13:40:48,821][INFO][omni.repo.precache_exts.run:315] precaching app: C:\projects\kit-app-template\source\apps\my_company.my_editor.kit
[2025-09-05 13:40:48,822][INFO][omni.repo.man.utils.run_process:241] running process: C:\projects\kit-app-template\_build\windows-x86_64\release\kit\kit.exe C:\projects\kit-app-template\source\apps\my_company.my_editor.kit --allow-root --portable --ext-precache-mode --/crashreporter/gatherUserStory=0 --/app/settings/persistent=0 --/app/settings/loadUserConfig=0 --/app/extensions/generateVersionLock=1 --/app/extensions/parallelPullEnabled=1 --/app/enableStdoutOutput=1 --/app/extensions/detailedSolverExplanation=1 --/app/extensions/registryEnabled=1 --/app/extensions/mkdirExtFolders=0 --/app/extensions/registryCacheFull='C:\projects\kit-app-template\_build\windows-x86_64\release\extscache' --/log/flushStandardStreamOutput=1 --/exts/omni.kit.registry.nucleus/registries/0/name=\"kit/default\" --/exts/omni.kit.registry.nucleus/registries/0/url=\"https://ovextensionsprod.blob.core.windows.net/exts/kit/prod/${kit_version_major}/shared\" --/exts/omni.kit.registry.nucleus/registries/1/name=\"kit/sdk\" --/exts/omni.kit.registry.nucleus/registries/1/url=\"https://ovextensionsprod.blob.core.windows.net/exts/kit/prod/sdk/${kit_version_short}/${kit_git_hash}\" --/exts/omni.kit.registry.nucleus/registries/2/name=\"kit/community\" --/exts/omni.kit.registry.nucleus/registries/2/url=\"https://dw290v42wisod.cloudfront.net/exts/kit/community\" --/app/extensions/target/config=release --ext-folder C:\projects\kit-app-template\source\extensions --ext-folder C:\projects\kit-app-template\source\apps --portable-root C:/projects/kit-app-template/_build/windows-x86_64/release --/app/extensions/generateVersionLockSkipLocalExts=1
[2025-09-05 13:40:49,118][INFO][omni.repo.build.pippull.pull_pip_dependencies:403] Skip pip pull of because is most recent config (['C:/projects/kit-app-template/tools/deps/pip.toml']) is older than 'C:/projects/kit-app-template/_build\.lastpippull'.
[2025-09-05 13:40:49,118][INFO][omni.repo.build.build.generate_projects:263] generating project from: C:/projects/kit-app-template/premake5.lua
[2025-09-05 13:40:49,118][INFO][omni.repo.man.utils.run_process:241] running process: C:/projects/kit-app-template/_build/host-deps\premake\bin\premake5.exe --file=C:/projects/kit-app-template/premake5.lua no-compile --platform-host=windows-x86_64 --scripts=C:\packman-repo\chk\repo_build\1.13.2\lua --platform-target=windows-x86_64 --linux-x86_64-cxx11-abi=True --solution-name=kit-app-template
[2025-09-05 13:40:50,004][INFO][omni.repo.man.entry.run:133] Running repo tool: repo_kit_pull_extensions@1.10.0. args: ['pull_extensions', 'setup']
[2025-09-05 13:40:50,005][INFO][omni.repo.man.configuration.set_token:231] Token: 'config' set to 'debug'
[2025-09-05 13:40:50,008][INFO][omni.repo.man.configuration.set_token:231] Token: 'config' set to 'release'
[2025-09-05 13:40:50,863][INFO][omni.repo.man.entry.run:133] Running repo tool: repo_build_number@1.88.2. args: ['build_number', '-o', 'c:/projects/kit-app-template/_build/windows-x86_64/debug/VERSION']
[2025-09-05 13:40:50,863][INFO][omni.repo.man.nvenv.get_git_hash:352] Getting Git hash for directory c:\projects\kit-app-template
[2025-09-05 13:40:50,863][INFO][omni.repo.man.nvenv.find_git_path:186] Searching for the location of Git
[2025-09-05 13:40:50,865][INFO][omni.repo.man.nvenv.find_git_path:201] Git 2.28.0-windows-x86_64 fetched by packman
[2025-09-05 13:40:50,865][INFO][omni.repo.man.nvenv.find_git_path:249] Git location: C:/packman-repo/chk/git/2.28.0-windows-x86_64\bin/git.exe
[2025-09-05 13:40:50,865][INFO][omni.repo.man.utils.run_process_return_output:301] running process: C:/packman-repo/chk/git/2.28.0-windows-x86_64\bin/git.exe rev-parse --git-dir
[2025-09-05 13:40:50,921][INFO][omni.repo.man.nvenv.execute_git:284] Calling Git with args: "rev-parse --short=8 HEAD". Try: 1. cwd: 'c:\projects\kit-app-template'
[2025-09-05 13:40:50,950][INFO][omni.repo.man.nvenv.execute_git:295] git call result:
	return code:0
	stdout: 72a92618

	stderr: 
[2025-09-05 13:40:50,951][INFO][omni.repo.man.utils.run_process_return_output:301] running process: C:/packman-repo/chk/git/2.28.0-windows-x86_64\bin/git.exe rev-parse --git-dir
[2025-09-05 13:40:50,977][INFO][omni.repo.man.nvenv.execute_git:284] Calling Git with args: "rev-parse --abbrev-ref HEAD". Try: 1. cwd: 'c:\projects\kit-app-template'
[2025-09-05 13:40:51,008][INFO][omni.repo.man.nvenv.execute_git:295] git call result:
	return code:0
	stdout: main

	stderr: 
[2025-09-05 13:40:51,008][INFO][omni.repo.man.build_number.print_log:182] Build number: '108.0+main.0.72a92618.local'
[2025-09-05 13:40:51,010][INFO][omni.repo.man.build_number.print_log:182] Written to file: 'c:\projects\kit-app-template\_build\windows-x86_64\debug\VERSION'
[2025-09-05 13:40:51,855][INFO][omni.repo.man.entry.run:133] Running repo tool: repo_build_number@1.88.2. args: ['build_number', '-o', 'c:/projects/kit-app-template/_build/windows-x86_64/release/VERSION']
[2025-09-05 13:40:51,855][INFO][omni.repo.man.nvenv.get_git_hash:352] Getting Git hash for directory c:\projects\kit-app-template
[2025-09-05 13:40:51,855][INFO][omni.repo.man.nvenv.find_git_path:186] Searching for the location of Git
[2025-09-05 13:40:51,856][INFO][omni.repo.man.nvenv.find_git_path:201] Git 2.28.0-windows-x86_64 fetched by packman
[2025-09-05 13:40:51,856][INFO][omni.repo.man.nvenv.find_git_path:249] Git location: C:/packman-repo/chk/git/2.28.0-windows-x86_64\bin/git.exe
[2025-09-05 13:40:51,856][INFO][omni.repo.man.utils.run_process_return_output:301] running process: C:/packman-repo/chk/git/2.28.0-windows-x86_64\bin/git.exe rev-parse --git-dir
[2025-09-05 13:40:51,890][INFO][omni.repo.man.nvenv.execute_git:284] Calling Git with args: "rev-parse --short=8 HEAD". Try: 1. cwd: 'c:\projects\kit-app-template'
[2025-09-05 13:40:51,922][INFO][omni.repo.man.nvenv.execute_git:295] git call result:
	return code:0
	stdout: 72a92618

	stderr: 
[2025-09-05 13:40:51,922][INFO][omni.repo.man.utils.run_process_return_output:301] running process: C:/packman-repo/chk/git/2.28.0-windows-x86_64\bin/git.exe rev-parse --git-dir
[2025-09-05 13:40:51,950][INFO][omni.repo.man.nvenv.execute_git:284] Calling Git with args: "rev-parse --abbrev-ref HEAD". Try: 1. cwd: 'c:\projects\kit-app-template'
[2025-09-05 13:40:51,982][INFO][omni.repo.man.nvenv.execute_git:295] git call result:
	return code:0
	stdout: main

	stderr: 
[2025-09-05 13:40:51,982][INFO][omni.repo.man.build_number.print_log:182] Build number: '108.0+main.0.72a92618.local'
[2025-09-05 13:40:51,985][INFO][omni.repo.man.build_number.print_log:182] Written to file: 'c:\projects\kit-app-template\_build\windows-x86_64\release\VERSION'
[2025-09-05 13:40:52,053][INFO][omni.repo.man.fileutils.copy_and_link_using_dict:532] Copy of 0 files took: 0.000 milliseconds.
[2025-09-05 13:40:52,054][INFO][omni.repo.man.fileutils.copy_and_link_using_dict:542] Creating links of 0 folders took: 0.000 milliseconds.
[2025-09-05 13:40:52,063][INFO][omni.repo.man.fileutils.copy_and_link_using_dict:532] Copy of 9 files took: 6.913 milliseconds.
[2025-09-05 13:40:52,076][INFO][omni.repo.man.fileutils.copy_and_link_using_dict:542] Creating links of 13 folders took: 12.213 milliseconds.
[2025-09-05 13:40:55,726][INFO][omni.repo.man.entry.run:133] Running repo tool: repo_launch@None. args: ['launch']
[2025-09-05 13:43:18,054][INFO][omni.repo.man.entry.run:133] Running repo tool: repo_build@1.13.2. args: ['build']
[2025-09-05 13:43:18,055][INFO][omni.repo.man.configuration.set_token:231] Token: 'platform_target' set to 'windows-x86_64'
[2025-09-05 13:43:18,055][INFO][omni.repo.man.configuration.set_token:231] Token: 'platform_target_abi' set to 'windows-x86_64'
[2025-09-05 13:43:18,055][INFO][omni.repo.man.utils.run_process:241] running process: powershell -Command "New-Item -ItemType Directory -Path C:/projects/kit-app-template/source/apps -ErrorAction SilentlyContinue" ; "Write-Host 'Done'"
[2025-09-05 13:43:18,236][INFO][omni.repo.build.dependencies.pull_files:275] Skipping project file (doesn't exist): C:/projects/kit-app-template/deps/host-deps.packman.xml
[2025-09-05 13:43:18,244][INFO][omni.repo.man.utils.run_process:241] running process: C:/projects/kit-app-template/repo.bat precache_exts -c release
[2025-09-05 13:43:19,077][INFO][omni.repo.man.entry.run:133] Running repo tool: repo_precache_exts@None. args: ['precache_exts', '-c', 'release']
[2025-09-05 13:43:19,079][INFO][omni.repo.precache_exts.run:315] precaching app: C:\projects\kit-app-template\source\apps\my_company.my_editor.kit
[2025-09-05 13:43:19,080][INFO][omni.repo.man.utils.run_process:241] running process: C:\projects\kit-app-template\_build\windows-x86_64\release\kit\kit.exe C:\projects\kit-app-template\source\apps\my_company.my_editor.kit --allow-root --portable --ext-precache-mode --/crashreporter/gatherUserStory=0 --/app/settings/persistent=0 --/app/settings/loadUserConfig=0 --/app/extensions/generateVersionLock=1 --/app/extensions/parallelPullEnabled=1 --/app/enableStdoutOutput=1 --/app/extensions/detailedSolverExplanation=1 --/app/extensions/registryEnabled=1 --/app/extensions/mkdirExtFolders=0 --/app/extensions/registryCacheFull='C:\projects\kit-app-template\_build\windows-x86_64\release\extscache' --/log/flushStandardStreamOutput=1 --/exts/omni.kit.registry.nucleus/registries/0/name=\"kit/default\" --/exts/omni.kit.registry.nucleus/registries/0/url=\"https://ovextensionsprod.blob.core.windows.net/exts/kit/prod/${kit_version_major}/shared\" --/exts/omni.kit.registry.nucleus/registries/1/name=\"kit/sdk\" --/exts/omni.kit.registry.nucleus/registries/1/url=\"https://ovextensionsprod.blob.core.windows.net/exts/kit/prod/sdk/${kit_version_short}/${kit_git_hash}\" --/exts/omni.kit.registry.nucleus/registries/2/name=\"kit/community\" --/exts/omni.kit.registry.nucleus/registries/2/url=\"https://dw290v42wisod.cloudfront.net/exts/kit/community\" --/app/extensions/target/config=release --ext-folder C:\projects\kit-app-template\source\extensions --ext-folder C:\projects\kit-app-template\source\apps --portable-root C:/projects/kit-app-template/_build/windows-x86_64/release --/app/extensions/generateVersionLockSkipLocalExts=1
[2025-09-05 13:43:19,390][INFO][omni.repo.build.pippull.pull_pip_dependencies:403] Skip pip pull of because is most recent config (['C:/projects/kit-app-template/tools/deps/pip.toml']) is older than 'C:/projects/kit-app-template/_build\.lastpippull'.
[2025-09-05 13:43:19,390][INFO][omni.repo.build.build.generate_projects:263] generating project from: C:/projects/kit-app-template/premake5.lua
[2025-09-05 13:43:19,390][INFO][omni.repo.man.utils.run_process:241] running process: C:/projects/kit-app-template/_build/host-deps\premake\bin\premake5.exe --file=C:/projects/kit-app-template/premake5.lua no-compile --platform-host=windows-x86_64 --scripts=C:\packman-repo\chk\repo_build\1.13.2\lua --platform-target=windows-x86_64 --linux-x86_64-cxx11-abi=True --solution-name=kit-app-template
[2025-09-05 13:43:20,304][INFO][omni.repo.man.entry.run:133] Running repo tool: repo_kit_pull_extensions@1.10.0. args: ['pull_extensions', 'setup']
[2025-09-05 13:43:20,305][INFO][omni.repo.man.configuration.set_token:231] Token: 'config' set to 'debug'
[2025-09-05 13:43:20,307][INFO][omni.repo.man.configuration.set_token:231] Token: 'config' set to 'release'
[2025-09-05 13:43:21,174][INFO][omni.repo.man.entry.run:133] Running repo tool: repo_build_number@1.88.2. args: ['build_number', '-o', 'c:/projects/kit-app-template/_build/windows-x86_64/debug/VERSION']
[2025-09-05 13:43:21,174][INFO][omni.repo.man.nvenv.get_git_hash:352] Getting Git hash for directory c:\projects\kit-app-template
[2025-09-05 13:43:21,174][INFO][omni.repo.man.nvenv.find_git_path:186] Searching for the location of Git
[2025-09-05 13:43:21,176][INFO][omni.repo.man.nvenv.find_git_path:201] Git 2.28.0-windows-x86_64 fetched by packman
[2025-09-05 13:43:21,176][INFO][omni.repo.man.nvenv.find_git_path:249] Git location: C:/packman-repo/chk/git/2.28.0-windows-x86_64\bin/git.exe
[2025-09-05 13:43:21,176][INFO][omni.repo.man.utils.run_process_return_output:301] running process: C:/packman-repo/chk/git/2.28.0-windows-x86_64\bin/git.exe rev-parse --git-dir
[2025-09-05 13:43:21,217][INFO][omni.repo.man.nvenv.execute_git:284] Calling Git with args: "rev-parse --short=8 HEAD". Try: 1. cwd: 'c:\projects\kit-app-template'
[2025-09-05 13:43:21,249][INFO][omni.repo.man.nvenv.execute_git:295] git call result:
	return code:0
	stdout: 72a92618

	stderr: 
[2025-09-05 13:43:21,249][INFO][omni.repo.man.utils.run_process_return_output:301] running process: C:/packman-repo/chk/git/2.28.0-windows-x86_64\bin/git.exe rev-parse --git-dir
[2025-09-05 13:43:21,278][INFO][omni.repo.man.nvenv.execute_git:284] Calling Git with args: "rev-parse --abbrev-ref HEAD". Try: 1. cwd: 'c:\projects\kit-app-template'
[2025-09-05 13:43:21,312][INFO][omni.repo.man.nvenv.execute_git:295] git call result:
	return code:0
	stdout: main

	stderr: 
[2025-09-05 13:43:21,313][INFO][omni.repo.man.build_number.print_log:182] Build number: '108.0+main.0.72a92618.local'
[2025-09-05 13:43:21,315][INFO][omni.repo.man.build_number.print_log:182] Written to file: 'c:\projects\kit-app-template\_build\windows-x86_64\debug\VERSION'
[2025-09-05 13:43:22,162][INFO][omni.repo.man.entry.run:133] Running repo tool: repo_build_number@1.88.2. args: ['build_number', '-o', 'c:/projects/kit-app-template/_build/windows-x86_64/release/VERSION']
[2025-09-05 13:43:22,162][INFO][omni.repo.man.nvenv.get_git_hash:352] Getting Git hash for directory c:\projects\kit-app-template
[2025-09-05 13:43:22,162][INFO][omni.repo.man.nvenv.find_git_path:186] Searching for the location of Git
[2025-09-05 13:43:22,163][INFO][omni.repo.man.nvenv.find_git_path:201] Git 2.28.0-windows-x86_64 fetched by packman
[2025-09-05 13:43:22,163][INFO][omni.repo.man.nvenv.find_git_path:249] Git location: C:/packman-repo/chk/git/2.28.0-windows-x86_64\bin/git.exe
[2025-09-05 13:43:22,163][INFO][omni.repo.man.utils.run_process_return_output:301] running process: C:/packman-repo/chk/git/2.28.0-windows-x86_64\bin/git.exe rev-parse --git-dir
[2025-09-05 13:43:22,195][INFO][omni.repo.man.nvenv.execute_git:284] Calling Git with args: "rev-parse --short=8 HEAD". Try: 1. cwd: 'c:\projects\kit-app-template'
[2025-09-05 13:43:22,228][INFO][omni.repo.man.nvenv.execute_git:295] git call result:
	return code:0
	stdout: 72a92618

	stderr: 
[2025-09-05 13:43:22,229][INFO][omni.repo.man.utils.run_process_return_output:301] running process: C:/packman-repo/chk/git/2.28.0-windows-x86_64\bin/git.exe rev-parse --git-dir
[2025-09-05 13:43:22,259][INFO][omni.repo.man.nvenv.execute_git:284] Calling Git with args: "rev-parse --abbrev-ref HEAD". Try: 1. cwd: 'c:\projects\kit-app-template'
[2025-09-05 13:43:22,290][INFO][omni.repo.man.nvenv.execute_git:295] git call result:
	return code:0
	stdout: main

	stderr: 
[2025-09-05 13:43:22,290][INFO][omni.repo.man.build_number.print_log:182] Build number: '108.0+main.0.72a92618.local'
[2025-09-05 13:43:22,293][INFO][omni.repo.man.build_number.print_log:182] Written to file: 'c:\projects\kit-app-template\_build\windows-x86_64\release\VERSION'
[2025-09-05 13:43:22,364][INFO][omni.repo.man.fileutils.copy_and_link_using_dict:532] Copy of 0 files took: 0.000 milliseconds.
[2025-09-05 13:43:22,364][INFO][omni.repo.man.fileutils.copy_and_link_using_dict:542] Creating links of 0 folders took: 0.000 milliseconds.
[2025-09-05 13:43:22,369][INFO][omni.repo.man.fileutils.copy_and_link_using_dict:532] Copy of 9 files took: 4.993 milliseconds.
[2025-09-05 13:43:22,377][INFO][omni.repo.man.fileutils.copy_and_link_using_dict:542] Creating links of 13 folders took: 8.007 milliseconds.
[2025-09-05 13:43:25,592][INFO][omni.repo.man.entry.run:133] Running repo tool: repo_launch@None. args: ['launch']
[2025-09-05 13:51:30,936][INFO][omni.repo.man.entry.run:133] Running repo tool: repo_build@1.13.2. args: ['build']
[2025-09-05 13:51:30,937][INFO][omni.repo.man.configuration.set_token:231] Token: 'platform_target' set to 'windows-x86_64'
[2025-09-05 13:51:30,937][INFO][omni.repo.man.configuration.set_token:231] Token: 'platform_target_abi' set to 'windows-x86_64'
[2025-09-05 13:51:30,937][INFO][omni.repo.man.utils.run_process:241] running process: powershell -Command "New-Item -ItemType Directory -Path C:/projects/kit-app-template/source/apps -ErrorAction SilentlyContinue" ; "Write-Host 'Done'"
[2025-09-05 13:51:31,116][INFO][omni.repo.build.dependencies.pull_files:275] Skipping project file (doesn't exist): C:/projects/kit-app-template/deps/host-deps.packman.xml
[2025-09-05 13:51:31,124][INFO][omni.repo.man.utils.run_process:241] running process: C:/projects/kit-app-template/repo.bat precache_exts -c release
[2025-09-05 13:51:31,968][INFO][omni.repo.man.entry.run:133] Running repo tool: repo_precache_exts@None. args: ['precache_exts', '-c', 'release']
[2025-09-05 13:51:31,970][INFO][omni.repo.precache_exts.run:315] precaching app: C:\projects\kit-app-template\source\apps\my_company.my_editor.kit
[2025-09-05 13:51:31,971][INFO][omni.repo.man.utils.run_process:241] running process: C:\projects\kit-app-template\_build\windows-x86_64\release\kit\kit.exe C:\projects\kit-app-template\source\apps\my_company.my_editor.kit --allow-root --portable --ext-precache-mode --/crashreporter/gatherUserStory=0 --/app/settings/persistent=0 --/app/settings/loadUserConfig=0 --/app/extensions/generateVersionLock=1 --/app/extensions/parallelPullEnabled=1 --/app/enableStdoutOutput=1 --/app/extensions/detailedSolverExplanation=1 --/app/extensions/registryEnabled=1 --/app/extensions/mkdirExtFolders=0 --/app/extensions/registryCacheFull='C:\projects\kit-app-template\_build\windows-x86_64\release\extscache' --/log/flushStandardStreamOutput=1 --/exts/omni.kit.registry.nucleus/registries/0/name=\"kit/default\" --/exts/omni.kit.registry.nucleus/registries/0/url=\"https://ovextensionsprod.blob.core.windows.net/exts/kit/prod/${kit_version_major}/shared\" --/exts/omni.kit.registry.nucleus/registries/1/name=\"kit/sdk\" --/exts/omni.kit.registry.nucleus/registries/1/url=\"https://ovextensionsprod.blob.core.windows.net/exts/kit/prod/sdk/${kit_version_short}/${kit_git_hash}\" --/exts/omni.kit.registry.nucleus/registries/2/name=\"kit/community\" --/exts/omni.kit.registry.nucleus/registries/2/url=\"https://dw290v42wisod.cloudfront.net/exts/kit/community\" --/app/extensions/target/config=release --ext-folder C:\projects\kit-app-template\source\extensions --ext-folder C:\projects\kit-app-template\source\apps --portable-root C:/projects/kit-app-template/_build/windows-x86_64/release --/app/extensions/generateVersionLockSkipLocalExts=1
[2025-09-05 13:51:32,309][INFO][omni.repo.build.pippull.pull_pip_dependencies:403] Skip pip pull of because is most recent config (['C:/projects/kit-app-template/tools/deps/pip.toml']) is older than 'C:/projects/kit-app-template/_build\.lastpippull'.
[2025-09-05 13:51:32,309][INFO][omni.repo.build.build.generate_projects:263] generating project from: C:/projects/kit-app-template/premake5.lua
[2025-09-05 13:51:32,309][INFO][omni.repo.man.utils.run_process:241] running process: C:/projects/kit-app-template/_build/host-deps\premake\bin\premake5.exe --file=C:/projects/kit-app-template/premake5.lua no-compile --platform-host=windows-x86_64 --scripts=C:\packman-repo\chk\repo_build\1.13.2\lua --platform-target=windows-x86_64 --linux-x86_64-cxx11-abi=True --solution-name=kit-app-template
[2025-09-05 13:51:33,210][INFO][omni.repo.man.entry.run:133] Running repo tool: repo_kit_pull_extensions@1.10.0. args: ['pull_extensions', 'setup']
[2025-09-05 13:51:33,210][INFO][omni.repo.man.configuration.set_token:231] Token: 'config' set to 'debug'
[2025-09-05 13:51:33,213][INFO][omni.repo.man.configuration.set_token:231] Token: 'config' set to 'release'
[2025-09-05 13:51:34,117][INFO][omni.repo.man.entry.run:133] Running repo tool: repo_build_number@1.88.2. args: ['build_number', '-o', 'c:/projects/kit-app-template/_build/windows-x86_64/debug/VERSION']
[2025-09-05 13:51:34,117][INFO][omni.repo.man.nvenv.get_git_hash:352] Getting Git hash for directory c:\projects\kit-app-template
[2025-09-05 13:51:34,117][INFO][omni.repo.man.nvenv.find_git_path:186] Searching for the location of Git
[2025-09-05 13:51:34,119][INFO][omni.repo.man.nvenv.find_git_path:201] Git 2.28.0-windows-x86_64 fetched by packman
[2025-09-05 13:51:34,119][INFO][omni.repo.man.nvenv.find_git_path:249] Git location: C:/packman-repo/chk/git/2.28.0-windows-x86_64\bin/git.exe
[2025-09-05 13:51:34,119][INFO][omni.repo.man.utils.run_process_return_output:301] running process: C:/packman-repo/chk/git/2.28.0-windows-x86_64\bin/git.exe rev-parse --git-dir
[2025-09-05 13:51:34,197][INFO][omni.repo.man.nvenv.execute_git:284] Calling Git with args: "rev-parse --short=8 HEAD". Try: 1. cwd: 'c:\projects\kit-app-template'
[2025-09-05 13:51:34,227][INFO][omni.repo.man.nvenv.execute_git:295] git call result:
	return code:0
	stdout: 72a92618

	stderr: 
[2025-09-05 13:51:34,227][INFO][omni.repo.man.utils.run_process_return_output:301] running process: C:/packman-repo/chk/git/2.28.0-windows-x86_64\bin/git.exe rev-parse --git-dir
[2025-09-05 13:51:34,254][INFO][omni.repo.man.nvenv.execute_git:284] Calling Git with args: "rev-parse --abbrev-ref HEAD". Try: 1. cwd: 'c:\projects\kit-app-template'
[2025-09-05 13:51:34,284][INFO][omni.repo.man.nvenv.execute_git:295] git call result:
	return code:0
	stdout: main

	stderr: 
[2025-09-05 13:51:34,285][INFO][omni.repo.man.build_number.print_log:182] Build number: '108.0+main.0.72a92618.local'
[2025-09-05 13:51:34,287][INFO][omni.repo.man.build_number.print_log:182] Written to file: 'c:\projects\kit-app-template\_build\windows-x86_64\debug\VERSION'
[2025-09-05 13:51:35,170][INFO][omni.repo.man.entry.run:133] Running repo tool: repo_build_number@1.88.2. args: ['build_number', '-o', 'c:/projects/kit-app-template/_build/windows-x86_64/release/VERSION']
[2025-09-05 13:51:35,170][INFO][omni.repo.man.nvenv.get_git_hash:352] Getting Git hash for directory c:\projects\kit-app-template
[2025-09-05 13:51:35,170][INFO][omni.repo.man.nvenv.find_git_path:186] Searching for the location of Git
[2025-09-05 13:51:35,172][INFO][omni.repo.man.nvenv.find_git_path:201] Git 2.28.0-windows-x86_64 fetched by packman
[2025-09-05 13:51:35,172][INFO][omni.repo.man.nvenv.find_git_path:249] Git location: C:/packman-repo/chk/git/2.28.0-windows-x86_64\bin/git.exe
[2025-09-05 13:51:35,172][INFO][omni.repo.man.utils.run_process_return_output:301] running process: C:/packman-repo/chk/git/2.28.0-windows-x86_64\bin/git.exe rev-parse --git-dir
[2025-09-05 13:51:35,205][INFO][omni.repo.man.nvenv.execute_git:284] Calling Git with args: "rev-parse --short=8 HEAD". Try: 1. cwd: 'c:\projects\kit-app-template'
[2025-09-05 13:51:35,236][INFO][omni.repo.man.nvenv.execute_git:295] git call result:
	return code:0
	stdout: 72a92618

	stderr: 
[2025-09-05 13:51:35,236][INFO][omni.repo.man.utils.run_process_return_output:301] running process: C:/packman-repo/chk/git/2.28.0-windows-x86_64\bin/git.exe rev-parse --git-dir
[2025-09-05 13:51:35,263][INFO][omni.repo.man.nvenv.execute_git:284] Calling Git with args: "rev-parse --abbrev-ref HEAD". Try: 1. cwd: 'c:\projects\kit-app-template'
[2025-09-05 13:51:35,293][INFO][omni.repo.man.nvenv.execute_git:295] git call result:
	return code:0
	stdout: main

	stderr: 
[2025-09-05 13:51:35,294][INFO][omni.repo.man.build_number.print_log:182] Build number: '108.0+main.0.72a92618.local'
[2025-09-05 13:51:35,296][INFO][omni.repo.man.build_number.print_log:182] Written to file: 'c:\projects\kit-app-template\_build\windows-x86_64\release\VERSION'
[2025-09-05 13:51:35,365][INFO][omni.repo.man.fileutils.copy_and_link_using_dict:532] Copy of 0 files took: 0.000 milliseconds.
[2025-09-05 13:51:35,365][INFO][omni.repo.man.fileutils.copy_and_link_using_dict:542] Creating links of 0 folders took: 0.000 milliseconds.
[2025-09-05 13:51:35,367][INFO][omni.repo.man.fileutils.copy_and_link_using_dict:532] Copy of 9 files took: 2.005 milliseconds.
[2025-09-05 13:51:35,376][INFO][omni.repo.man.fileutils.copy_and_link_using_dict:542] Creating links of 13 folders took: 9.171 milliseconds.
[2025-09-05 13:51:39,188][INFO][omni.repo.man.entry.run:133] Running repo tool: repo_launch@None. args: ['launch']
[2025-09-05 14:22:28,704][INFO][omni.repo.man.entry.run:133] Running repo tool: repo_launch@None. args: ['launch']
[2025-09-05 14:25:46,967][INFO][omni.repo.man.entry.run:133] Running repo tool: repo_build@1.13.2. args: ['build']
[2025-09-05 14:25:46,967][INFO][omni.repo.man.configuration.set_token:231] Token: 'platform_target' set to 'windows-x86_64'
[2025-09-05 14:25:46,967][INFO][omni.repo.man.configuration.set_token:231] Token: 'platform_target_abi' set to 'windows-x86_64'
[2025-09-05 14:25:46,968][INFO][omni.repo.man.utils.run_process:241] running process: powershell -Command "New-Item -ItemType Directory -Path C:/projects/kit-app-template/source/apps -ErrorAction SilentlyContinue" ; "Write-Host 'Done'"
[2025-09-05 14:25:47,230][INFO][omni.repo.build.dependencies.pull_files:275] Skipping project file (doesn't exist): C:/projects/kit-app-template/deps/host-deps.packman.xml
[2025-09-05 14:25:47,237][INFO][omni.repo.man.utils.run_process:241] running process: C:/projects/kit-app-template/repo.bat precache_exts -c release
[2025-09-05 14:25:48,090][INFO][omni.repo.man.entry.run:133] Running repo tool: repo_precache_exts@None. args: ['precache_exts', '-c', 'release']
[2025-09-05 14:25:48,092][INFO][omni.repo.precache_exts.run:315] precaching app: C:\projects\kit-app-template\source\apps\my_company.my_editor.kit
[2025-09-05 14:25:48,092][INFO][omni.repo.man.utils.run_process:241] running process: C:\projects\kit-app-template\_build\windows-x86_64\release\kit\kit.exe C:\projects\kit-app-template\source\apps\my_company.my_editor.kit --allow-root --portable --ext-precache-mode --/crashreporter/gatherUserStory=0 --/app/settings/persistent=0 --/app/settings/loadUserConfig=0 --/app/extensions/generateVersionLock=1 --/app/extensions/parallelPullEnabled=1 --/app/enableStdoutOutput=1 --/app/extensions/detailedSolverExplanation=1 --/app/extensions/registryEnabled=1 --/app/extensions/mkdirExtFolders=0 --/app/extensions/registryCacheFull='C:\projects\kit-app-template\_build\windows-x86_64\release\extscache' --/log/flushStandardStreamOutput=1 --/exts/omni.kit.registry.nucleus/registries/0/name=\"kit/default\" --/exts/omni.kit.registry.nucleus/registries/0/url=\"https://ovextensionsprod.blob.core.windows.net/exts/kit/prod/${kit_version_major}/shared\" --/exts/omni.kit.registry.nucleus/registries/1/name=\"kit/sdk\" --/exts/omni.kit.registry.nucleus/registries/1/url=\"https://ovextensionsprod.blob.core.windows.net/exts/kit/prod/sdk/${kit_version_short}/${kit_git_hash}\" --/exts/omni.kit.registry.nucleus/registries/2/name=\"kit/community\" --/exts/omni.kit.registry.nucleus/registries/2/url=\"https://dw290v42wisod.cloudfront.net/exts/kit/community\" --/app/extensions/target/config=release --ext-folder C:\projects\kit-app-template\source\extensions --ext-folder C:\projects\kit-app-template\source\apps --portable-root C:/projects/kit-app-template/_build/windows-x86_64/release --/app/extensions/generateVersionLockSkipLocalExts=1
[2025-09-05 14:25:48,416][INFO][omni.repo.build.pippull.pull_pip_dependencies:403] Skip pip pull of because is most recent config (['C:/projects/kit-app-template/tools/deps/pip.toml']) is older than 'C:/projects/kit-app-template/_build\.lastpippull'.
[2025-09-05 14:25:48,416][INFO][omni.repo.build.build.generate_projects:263] generating project from: C:/projects/kit-app-template/premake5.lua
[2025-09-05 14:25:48,416][INFO][omni.repo.man.utils.run_process:241] running process: C:/projects/kit-app-template/_build/host-deps\premake\bin\premake5.exe --file=C:/projects/kit-app-template/premake5.lua no-compile --platform-host=windows-x86_64 --scripts=C:\packman-repo\chk\repo_build\1.13.2\lua --platform-target=windows-x86_64 --linux-x86_64-cxx11-abi=True --solution-name=kit-app-template
[2025-09-05 14:25:49,337][INFO][omni.repo.man.entry.run:133] Running repo tool: repo_kit_pull_extensions@1.10.0. args: ['pull_extensions', 'setup']
[2025-09-05 14:25:49,337][INFO][omni.repo.man.configuration.set_token:231] Token: 'config' set to 'debug'
[2025-09-05 14:25:49,340][INFO][omni.repo.man.configuration.set_token:231] Token: 'config' set to 'release'
[2025-09-05 14:25:50,212][INFO][omni.repo.man.entry.run:133] Running repo tool: repo_build_number@1.88.2. args: ['build_number', '-o', 'c:/projects/kit-app-template/_build/windows-x86_64/debug/VERSION']
[2025-09-05 14:25:50,212][INFO][omni.repo.man.nvenv.get_git_hash:352] Getting Git hash for directory c:\projects\kit-app-template
[2025-09-05 14:25:50,212][INFO][omni.repo.man.nvenv.find_git_path:186] Searching for the location of Git
[2025-09-05 14:25:50,213][INFO][omni.repo.man.nvenv.find_git_path:201] Git 2.28.0-windows-x86_64 fetched by packman
[2025-09-05 14:25:50,213][INFO][omni.repo.man.nvenv.find_git_path:249] Git location: C:/packman-repo/chk/git/2.28.0-windows-x86_64\bin/git.exe
[2025-09-05 14:25:50,214][INFO][omni.repo.man.utils.run_process_return_output:301] running process: C:/packman-repo/chk/git/2.28.0-windows-x86_64\bin/git.exe rev-parse --git-dir
[2025-09-05 14:25:50,331][INFO][omni.repo.man.nvenv.execute_git:284] Calling Git with args: "rev-parse --short=8 HEAD". Try: 1. cwd: 'c:\projects\kit-app-template'
[2025-09-05 14:25:50,362][INFO][omni.repo.man.nvenv.execute_git:295] git call result:
	return code:0
	stdout: 72a92618

	stderr: 
[2025-09-05 14:25:50,363][INFO][omni.repo.man.utils.run_process_return_output:301] running process: C:/packman-repo/chk/git/2.28.0-windows-x86_64\bin/git.exe rev-parse --git-dir
[2025-09-05 14:25:50,391][INFO][omni.repo.man.nvenv.execute_git:284] Calling Git with args: "rev-parse --abbrev-ref HEAD". Try: 1. cwd: 'c:\projects\kit-app-template'
[2025-09-05 14:25:50,422][INFO][omni.repo.man.nvenv.execute_git:295] git call result:
	return code:0
	stdout: main

	stderr: 
[2025-09-05 14:25:50,423][INFO][omni.repo.man.build_number.print_log:182] Build number: '108.0+main.0.72a92618.local'
[2025-09-05 14:25:50,425][INFO][omni.repo.man.build_number.print_log:182] Written to file: 'c:\projects\kit-app-template\_build\windows-x86_64\debug\VERSION'
[2025-09-05 14:25:51,298][INFO][omni.repo.man.entry.run:133] Running repo tool: repo_build_number@1.88.2. args: ['build_number', '-o', 'c:/projects/kit-app-template/_build/windows-x86_64/release/VERSION']
[2025-09-05 14:25:51,298][INFO][omni.repo.man.nvenv.get_git_hash:352] Getting Git hash for directory c:\projects\kit-app-template
[2025-09-05 14:25:51,298][INFO][omni.repo.man.nvenv.find_git_path:186] Searching for the location of Git
[2025-09-05 14:25:51,300][INFO][omni.repo.man.nvenv.find_git_path:201] Git 2.28.0-windows-x86_64 fetched by packman
[2025-09-05 14:25:51,300][INFO][omni.repo.man.nvenv.find_git_path:249] Git location: C:/packman-repo/chk/git/2.28.0-windows-x86_64\bin/git.exe
[2025-09-05 14:25:51,300][INFO][omni.repo.man.utils.run_process_return_output:301] running process: C:/packman-repo/chk/git/2.28.0-windows-x86_64\bin/git.exe rev-parse --git-dir
[2025-09-05 14:25:51,342][INFO][omni.repo.man.nvenv.execute_git:284] Calling Git with args: "rev-parse --short=8 HEAD". Try: 1. cwd: 'c:\projects\kit-app-template'
[2025-09-05 14:25:51,377][INFO][omni.repo.man.nvenv.execute_git:295] git call result:
	return code:0
	stdout: 72a92618

	stderr: 
[2025-09-05 14:25:51,377][INFO][omni.repo.man.utils.run_process_return_output:301] running process: C:/packman-repo/chk/git/2.28.0-windows-x86_64\bin/git.exe rev-parse --git-dir
[2025-09-05 14:25:51,406][INFO][omni.repo.man.nvenv.execute_git:284] Calling Git with args: "rev-parse --abbrev-ref HEAD". Try: 1. cwd: 'c:\projects\kit-app-template'
[2025-09-05 14:25:51,438][INFO][omni.repo.man.nvenv.execute_git:295] git call result:
	return code:0
	stdout: main

	stderr: 
[2025-09-05 14:25:51,438][INFO][omni.repo.man.build_number.print_log:182] Build number: '108.0+main.0.72a92618.local'
[2025-09-05 14:25:51,440][INFO][omni.repo.man.build_number.print_log:182] Written to file: 'c:\projects\kit-app-template\_build\windows-x86_64\release\VERSION'
[2025-09-05 14:25:51,516][INFO][omni.repo.man.fileutils.copy_and_link_using_dict:532] Copy of 0 files took: 0.000 milliseconds.
[2025-09-05 14:25:51,517][INFO][omni.repo.man.fileutils.copy_and_link_using_dict:542] Creating links of 0 folders took: 0.000 milliseconds.
[2025-09-05 14:25:51,522][INFO][omni.repo.man.fileutils.copy_and_link_using_dict:532] Copy of 9 files took: 5.000 milliseconds.
[2025-09-05 14:25:51,533][INFO][omni.repo.man.fileutils.copy_and_link_using_dict:542] Creating links of 13 folders took: 10.992 milliseconds.
[2025-09-05 14:25:54,253][INFO][omni.repo.man.entry.run:133] Running repo tool: repo_launch@None. args: ['launch']
[2025-09-05 14:28:41,314][INFO][omni.repo.man.entry.run:133] Running repo tool: repo_launch@None. args: ['launch']
[2025-09-05 14:31:43,568][INFO][omni.repo.man.entry.run:133] Running repo tool: repo_build@1.13.2. args: ['build']
[2025-09-05 14:31:43,568][INFO][omni.repo.man.configuration.set_token:231] Token: 'platform_target' set to 'windows-x86_64'
[2025-09-05 14:31:43,568][INFO][omni.repo.man.configuration.set_token:231] Token: 'platform_target_abi' set to 'windows-x86_64'
[2025-09-05 14:31:43,569][INFO][omni.repo.man.utils.run_process:241] running process: powershell -Command "New-Item -ItemType Directory -Path C:/projects/kit-app-template/source/apps -ErrorAction SilentlyContinue" ; "Write-Host 'Done'"
[2025-09-05 14:31:43,760][INFO][omni.repo.build.dependencies.pull_files:275] Skipping project file (doesn't exist): C:/projects/kit-app-template/deps/host-deps.packman.xml
[2025-09-05 14:31:43,768][INFO][omni.repo.man.utils.run_process:241] running process: C:/projects/kit-app-template/repo.bat precache_exts -c release
[2025-09-05 14:31:44,628][INFO][omni.repo.man.entry.run:133] Running repo tool: repo_precache_exts@None. args: ['precache_exts', '-c', 'release']
[2025-09-05 14:31:44,630][INFO][omni.repo.precache_exts.run:315] precaching app: C:\projects\kit-app-template\source\apps\my_company.my_editor.kit
[2025-09-05 14:31:44,631][INFO][omni.repo.man.utils.run_process:241] running process: C:\projects\kit-app-template\_build\windows-x86_64\release\kit\kit.exe C:\projects\kit-app-template\source\apps\my_company.my_editor.kit --allow-root --portable --ext-precache-mode --/crashreporter/gatherUserStory=0 --/app/settings/persistent=0 --/app/settings/loadUserConfig=0 --/app/extensions/generateVersionLock=1 --/app/extensions/parallelPullEnabled=1 --/app/enableStdoutOutput=1 --/app/extensions/detailedSolverExplanation=1 --/app/extensions/registryEnabled=1 --/app/extensions/mkdirExtFolders=0 --/app/extensions/registryCacheFull='C:\projects\kit-app-template\_build\windows-x86_64\release\extscache' --/log/flushStandardStreamOutput=1 --/exts/omni.kit.registry.nucleus/registries/0/name=\"kit/default\" --/exts/omni.kit.registry.nucleus/registries/0/url=\"https://ovextensionsprod.blob.core.windows.net/exts/kit/prod/${kit_version_major}/shared\" --/exts/omni.kit.registry.nucleus/registries/1/name=\"kit/sdk\" --/exts/omni.kit.registry.nucleus/registries/1/url=\"https://ovextensionsprod.blob.core.windows.net/exts/kit/prod/sdk/${kit_version_short}/${kit_git_hash}\" --/exts/omni.kit.registry.nucleus/registries/2/name=\"kit/community\" --/exts/omni.kit.registry.nucleus/registries/2/url=\"https://dw290v42wisod.cloudfront.net/exts/kit/community\" --/app/extensions/target/config=release --ext-folder C:\projects\kit-app-template\source\extensions --ext-folder C:\projects\kit-app-template\source\apps --portable-root C:/projects/kit-app-template/_build/windows-x86_64/release --/app/extensions/generateVersionLockSkipLocalExts=1
[2025-09-05 14:31:44,958][INFO][omni.repo.build.pippull.pull_pip_dependencies:403] Skip pip pull of because is most recent config (['C:/projects/kit-app-template/tools/deps/pip.toml']) is older than 'C:/projects/kit-app-template/_build\.lastpippull'.
[2025-09-05 14:31:44,958][INFO][omni.repo.build.build.generate_projects:263] generating project from: C:/projects/kit-app-template/premake5.lua
[2025-09-05 14:31:44,958][INFO][omni.repo.man.utils.run_process:241] running process: C:/projects/kit-app-template/_build/host-deps\premake\bin\premake5.exe --file=C:/projects/kit-app-template/premake5.lua no-compile --platform-host=windows-x86_64 --scripts=C:\packman-repo\chk\repo_build\1.13.2\lua --platform-target=windows-x86_64 --linux-x86_64-cxx11-abi=True --solution-name=kit-app-template
[2025-09-05 14:31:45,884][INFO][omni.repo.man.entry.run:133] Running repo tool: repo_kit_pull_extensions@1.10.0. args: ['pull_extensions', 'setup']
[2025-09-05 14:31:45,884][INFO][omni.repo.man.configuration.set_token:231] Token: 'config' set to 'debug'
[2025-09-05 14:31:45,887][INFO][omni.repo.man.configuration.set_token:231] Token: 'config' set to 'release'
[2025-09-05 14:31:46,781][INFO][omni.repo.man.entry.run:133] Running repo tool: repo_build_number@1.88.2. args: ['build_number', '-o', 'c:/projects/kit-app-template/_build/windows-x86_64/debug/VERSION']
[2025-09-05 14:31:46,781][INFO][omni.repo.man.nvenv.get_git_hash:352] Getting Git hash for directory c:\projects\kit-app-template
[2025-09-05 14:31:46,781][INFO][omni.repo.man.nvenv.find_git_path:186] Searching for the location of Git
[2025-09-05 14:31:46,782][INFO][omni.repo.man.nvenv.find_git_path:201] Git 2.28.0-windows-x86_64 fetched by packman
[2025-09-05 14:31:46,782][INFO][omni.repo.man.nvenv.find_git_path:249] Git location: C:/packman-repo/chk/git/2.28.0-windows-x86_64\bin/git.exe
[2025-09-05 14:31:46,782][INFO][omni.repo.man.utils.run_process_return_output:301] running process: C:/packman-repo/chk/git/2.28.0-windows-x86_64\bin/git.exe rev-parse --git-dir
[2025-09-05 14:31:46,874][INFO][omni.repo.man.nvenv.execute_git:284] Calling Git with args: "rev-parse --short=8 HEAD". Try: 1. cwd: 'c:\projects\kit-app-template'
[2025-09-05 14:31:46,904][INFO][omni.repo.man.nvenv.execute_git:295] git call result:
	return code:0
	stdout: 72a92618

	stderr: 
[2025-09-05 14:31:46,905][INFO][omni.repo.man.utils.run_process_return_output:301] running process: C:/packman-repo/chk/git/2.28.0-windows-x86_64\bin/git.exe rev-parse --git-dir
[2025-09-05 14:31:46,932][INFO][omni.repo.man.nvenv.execute_git:284] Calling Git with args: "rev-parse --abbrev-ref HEAD". Try: 1. cwd: 'c:\projects\kit-app-template'
[2025-09-05 14:31:46,969][INFO][omni.repo.man.nvenv.execute_git:295] git call result:
	return code:0
	stdout: main

	stderr: 
[2025-09-05 14:31:46,969][INFO][omni.repo.man.build_number.print_log:182] Build number: '108.0+main.0.72a92618.local'
[2025-09-05 14:31:46,971][INFO][omni.repo.man.build_number.print_log:182] Written to file: 'c:\projects\kit-app-template\_build\windows-x86_64\debug\VERSION'
[2025-09-05 14:31:47,846][INFO][omni.repo.man.entry.run:133] Running repo tool: repo_build_number@1.88.2. args: ['build_number', '-o', 'c:/projects/kit-app-template/_build/windows-x86_64/release/VERSION']
[2025-09-05 14:31:47,846][INFO][omni.repo.man.nvenv.get_git_hash:352] Getting Git hash for directory c:\projects\kit-app-template
[2025-09-05 14:31:47,846][INFO][omni.repo.man.nvenv.find_git_path:186] Searching for the location of Git
[2025-09-05 14:31:47,847][INFO][omni.repo.man.nvenv.find_git_path:201] Git 2.28.0-windows-x86_64 fetched by packman
[2025-09-05 14:31:47,847][INFO][omni.repo.man.nvenv.find_git_path:249] Git location: C:/packman-repo/chk/git/2.28.0-windows-x86_64\bin/git.exe
[2025-09-05 14:31:47,847][INFO][omni.repo.man.utils.run_process_return_output:301] running process: C:/packman-repo/chk/git/2.28.0-windows-x86_64\bin/git.exe rev-parse --git-dir
[2025-09-05 14:31:47,880][INFO][omni.repo.man.nvenv.execute_git:284] Calling Git with args: "rev-parse --short=8 HEAD". Try: 1. cwd: 'c:\projects\kit-app-template'
[2025-09-05 14:31:47,912][INFO][omni.repo.man.nvenv.execute_git:295] git call result:
	return code:0
	stdout: 72a92618

	stderr: 
[2025-09-05 14:31:47,912][INFO][omni.repo.man.utils.run_process_return_output:301] running process: C:/packman-repo/chk/git/2.28.0-windows-x86_64\bin/git.exe rev-parse --git-dir
[2025-09-05 14:31:47,940][INFO][omni.repo.man.nvenv.execute_git:284] Calling Git with args: "rev-parse --abbrev-ref HEAD". Try: 1. cwd: 'c:\projects\kit-app-template'
[2025-09-05 14:31:47,970][INFO][omni.repo.man.nvenv.execute_git:295] git call result:
	return code:0
	stdout: main

	stderr: 
[2025-09-05 14:31:47,971][INFO][omni.repo.man.build_number.print_log:182] Build number: '108.0+main.0.72a92618.local'
[2025-09-05 14:31:47,973][INFO][omni.repo.man.build_number.print_log:182] Written to file: 'c:\projects\kit-app-template\_build\windows-x86_64\release\VERSION'
[2025-09-05 14:31:48,064][INFO][omni.repo.man.fileutils.copy_and_link_using_dict:532] Copy of 0 files took: 0.000 milliseconds.
[2025-09-05 14:31:48,065][INFO][omni.repo.man.fileutils.copy_and_link_using_dict:542] Creating links of 0 folders took: 0.000 milliseconds.
[2025-09-05 14:31:48,070][INFO][omni.repo.man.fileutils.copy_and_link_using_dict:532] Copy of 9 files took: 5.000 milliseconds.
[2025-09-05 14:31:48,080][INFO][omni.repo.man.fileutils.copy_and_link_using_dict:542] Creating links of 13 folders took: 9.394 milliseconds.
[2025-09-05 14:31:51,263][INFO][omni.repo.man.entry.run:133] Running repo tool: repo_launch@None. args: ['launch']
[2025-09-05 14:36:34,918][INFO][omni.repo.man.entry.run:133] Running repo tool: repo_build@1.13.2. args: ['build']
[2025-09-05 14:36:34,920][INFO][omni.repo.man.configuration.set_token:231] Token: 'platform_target' set to 'windows-x86_64'
[2025-09-05 14:36:34,920][INFO][omni.repo.man.configuration.set_token:231] Token: 'platform_target_abi' set to 'windows-x86_64'
[2025-09-05 14:36:34,920][INFO][omni.repo.man.utils.run_process:241] running process: powershell -Command "New-Item -ItemType Directory -Path C:/projects/kit-app-template/source/apps -ErrorAction SilentlyContinue" ; "Write-Host 'Done'"
[2025-09-05 14:36:35,106][INFO][omni.repo.build.dependencies.pull_files:275] Skipping project file (doesn't exist): C:/projects/kit-app-template/deps/host-deps.packman.xml
[2025-09-05 14:36:35,114][INFO][omni.repo.man.utils.run_process:241] running process: C:/projects/kit-app-template/repo.bat precache_exts -c release
[2025-09-05 14:36:35,947][INFO][omni.repo.man.entry.run:133] Running repo tool: repo_precache_exts@None. args: ['precache_exts', '-c', 'release']
[2025-09-05 14:36:35,949][INFO][omni.repo.precache_exts.run:315] precaching app: C:\projects\kit-app-template\source\apps\my_company.my_editor.kit
[2025-09-05 14:36:35,950][INFO][omni.repo.man.utils.run_process:241] running process: C:\projects\kit-app-template\_build\windows-x86_64\release\kit\kit.exe C:\projects\kit-app-template\source\apps\my_company.my_editor.kit --allow-root --portable --ext-precache-mode --/crashreporter/gatherUserStory=0 --/app/settings/persistent=0 --/app/settings/loadUserConfig=0 --/app/extensions/generateVersionLock=1 --/app/extensions/parallelPullEnabled=1 --/app/enableStdoutOutput=1 --/app/extensions/detailedSolverExplanation=1 --/app/extensions/registryEnabled=1 --/app/extensions/mkdirExtFolders=0 --/app/extensions/registryCacheFull='C:\projects\kit-app-template\_build\windows-x86_64\release\extscache' --/log/flushStandardStreamOutput=1 --/exts/omni.kit.registry.nucleus/registries/0/name=\"kit/default\" --/exts/omni.kit.registry.nucleus/registries/0/url=\"https://ovextensionsprod.blob.core.windows.net/exts/kit/prod/${kit_version_major}/shared\" --/exts/omni.kit.registry.nucleus/registries/1/name=\"kit/sdk\" --/exts/omni.kit.registry.nucleus/registries/1/url=\"https://ovextensionsprod.blob.core.windows.net/exts/kit/prod/sdk/${kit_version_short}/${kit_git_hash}\" --/exts/omni.kit.registry.nucleus/registries/2/name=\"kit/community\" --/exts/omni.kit.registry.nucleus/registries/2/url=\"https://dw290v42wisod.cloudfront.net/exts/kit/community\" --/app/extensions/target/config=release --ext-folder C:\projects\kit-app-template\source\extensions --ext-folder C:\projects\kit-app-template\source\apps --portable-root C:/projects/kit-app-template/_build/windows-x86_64/release --/app/extensions/generateVersionLockSkipLocalExts=1
[2025-09-05 14:36:36,267][INFO][omni.repo.build.pippull.pull_pip_dependencies:403] Skip pip pull of because is most recent config (['C:/projects/kit-app-template/tools/deps/pip.toml']) is older than 'C:/projects/kit-app-template/_build\.lastpippull'.
[2025-09-05 14:36:36,268][INFO][omni.repo.build.build.generate_projects:263] generating project from: C:/projects/kit-app-template/premake5.lua
[2025-09-05 14:36:36,268][INFO][omni.repo.man.utils.run_process:241] running process: C:/projects/kit-app-template/_build/host-deps\premake\bin\premake5.exe --file=C:/projects/kit-app-template/premake5.lua no-compile --platform-host=windows-x86_64 --scripts=C:\packman-repo\chk\repo_build\1.13.2\lua --platform-target=windows-x86_64 --linux-x86_64-cxx11-abi=True --solution-name=kit-app-template
[2025-09-05 14:36:37,172][INFO][omni.repo.man.entry.run:133] Running repo tool: repo_kit_pull_extensions@1.10.0. args: ['pull_extensions', 'setup']
[2025-09-05 14:36:37,172][INFO][omni.repo.man.configuration.set_token:231] Token: 'config' set to 'debug'
[2025-09-05 14:36:37,175][INFO][omni.repo.man.configuration.set_token:231] Token: 'config' set to 'release'
[2025-09-05 14:36:38,047][INFO][omni.repo.man.entry.run:133] Running repo tool: repo_build_number@1.88.2. args: ['build_number', '-o', 'c:/projects/kit-app-template/_build/windows-x86_64/debug/VERSION']
[2025-09-05 14:36:38,047][INFO][omni.repo.man.nvenv.get_git_hash:352] Getting Git hash for directory c:\projects\kit-app-template
[2025-09-05 14:36:38,047][INFO][omni.repo.man.nvenv.find_git_path:186] Searching for the location of Git
[2025-09-05 14:36:38,049][INFO][omni.repo.man.nvenv.find_git_path:201] Git 2.28.0-windows-x86_64 fetched by packman
[2025-09-05 14:36:38,049][INFO][omni.repo.man.nvenv.find_git_path:249] Git location: C:/packman-repo/chk/git/2.28.0-windows-x86_64\bin/git.exe
[2025-09-05 14:36:38,049][INFO][omni.repo.man.utils.run_process_return_output:301] running process: C:/packman-repo/chk/git/2.28.0-windows-x86_64\bin/git.exe rev-parse --git-dir
[2025-09-05 14:36:38,091][INFO][omni.repo.man.nvenv.execute_git:284] Calling Git with args: "rev-parse --short=8 HEAD". Try: 1. cwd: 'c:\projects\kit-app-template'
[2025-09-05 14:36:38,123][INFO][omni.repo.man.nvenv.execute_git:295] git call result:
	return code:0
	stdout: 72a92618

	stderr: 
[2025-09-05 14:36:38,123][INFO][omni.repo.man.utils.run_process_return_output:301] running process: C:/packman-repo/chk/git/2.28.0-windows-x86_64\bin/git.exe rev-parse --git-dir
[2025-09-05 14:36:38,152][INFO][omni.repo.man.nvenv.execute_git:284] Calling Git with args: "rev-parse --abbrev-ref HEAD". Try: 1. cwd: 'c:\projects\kit-app-template'
[2025-09-05 14:36:38,183][INFO][omni.repo.man.nvenv.execute_git:295] git call result:
	return code:0
	stdout: main

	stderr: 
[2025-09-05 14:36:38,184][INFO][omni.repo.man.build_number.print_log:182] Build number: '108.0+main.0.72a92618.local'
[2025-09-05 14:36:38,186][INFO][omni.repo.man.build_number.print_log:182] Written to file: 'c:\projects\kit-app-template\_build\windows-x86_64\debug\VERSION'
[2025-09-05 14:36:39,064][INFO][omni.repo.man.entry.run:133] Running repo tool: repo_build_number@1.88.2. args: ['build_number', '-o', 'c:/projects/kit-app-template/_build/windows-x86_64/release/VERSION']
[2025-09-05 14:36:39,065][INFO][omni.repo.man.nvenv.get_git_hash:352] Getting Git hash for directory c:\projects\kit-app-template
[2025-09-05 14:36:39,065][INFO][omni.repo.man.nvenv.find_git_path:186] Searching for the location of Git
[2025-09-05 14:36:39,066][INFO][omni.repo.man.nvenv.find_git_path:201] Git 2.28.0-windows-x86_64 fetched by packman
[2025-09-05 14:36:39,066][INFO][omni.repo.man.nvenv.find_git_path:249] Git location: C:/packman-repo/chk/git/2.28.0-windows-x86_64\bin/git.exe
[2025-09-05 14:36:39,066][INFO][omni.repo.man.utils.run_process_return_output:301] running process: C:/packman-repo/chk/git/2.28.0-windows-x86_64\bin/git.exe rev-parse --git-dir
[2025-09-05 14:36:39,098][INFO][omni.repo.man.nvenv.execute_git:284] Calling Git with args: "rev-parse --short=8 HEAD". Try: 1. cwd: 'c:\projects\kit-app-template'
[2025-09-05 14:36:39,129][INFO][omni.repo.man.nvenv.execute_git:295] git call result:
	return code:0
	stdout: 72a92618

	stderr: 
[2025-09-05 14:36:39,130][INFO][omni.repo.man.utils.run_process_return_output:301] running process: C:/packman-repo/chk/git/2.28.0-windows-x86_64\bin/git.exe rev-parse --git-dir
[2025-09-05 14:36:39,161][INFO][omni.repo.man.nvenv.execute_git:284] Calling Git with args: "rev-parse --abbrev-ref HEAD". Try: 1. cwd: 'c:\projects\kit-app-template'
[2025-09-05 14:36:39,197][INFO][omni.repo.man.nvenv.execute_git:295] git call result:
	return code:0
	stdout: main

	stderr: 
[2025-09-05 14:36:39,197][INFO][omni.repo.man.build_number.print_log:182] Build number: '108.0+main.0.72a92618.local'
[2025-09-05 14:36:39,199][INFO][omni.repo.man.build_number.print_log:182] Written to file: 'c:\projects\kit-app-template\_build\windows-x86_64\release\VERSION'
[2025-09-05 14:36:39,269][INFO][omni.repo.man.fileutils.copy_and_link_using_dict:532] Copy of 0 files took: 0.000 milliseconds.
[2025-09-05 14:36:39,270][INFO][omni.repo.man.fileutils.copy_and_link_using_dict:542] Creating links of 0 folders took: 0.000 milliseconds.
[2025-09-05 14:36:39,272][INFO][omni.repo.man.fileutils.copy_and_link_using_dict:532] Copy of 9 files took: 1.990 milliseconds.
[2025-09-05 14:36:39,276][INFO][omni.repo.man.fileutils.copy_and_link_using_dict:542] Creating links of 13 folders took: 4.001 milliseconds.
[2025-09-05 14:36:42,666][INFO][omni.repo.man.entry.run:133] Running repo tool: repo_launch@None. args: ['launch']
[2025-09-05 14:46:13,844][INFO][omni.repo.man.entry.run:133] Running repo tool: repo_build@1.13.2. args: ['build']
[2025-09-05 14:46:13,844][INFO][omni.repo.man.configuration.set_token:231] Token: 'platform_target' set to 'windows-x86_64'
[2025-09-05 14:46:13,845][INFO][omni.repo.man.configuration.set_token:231] Token: 'platform_target_abi' set to 'windows-x86_64'
[2025-09-05 14:46:13,845][INFO][omni.repo.man.utils.run_process:241] running process: powershell -Command "New-Item -ItemType Directory -Path C:/projects/kit-app-template/source/apps -ErrorAction SilentlyContinue" ; "Write-Host 'Done'"
[2025-09-05 14:46:14,098][INFO][omni.repo.build.dependencies.pull_files:275] Skipping project file (doesn't exist): C:/projects/kit-app-template/deps/host-deps.packman.xml
[2025-09-05 14:46:14,105][INFO][omni.repo.man.utils.run_process:241] running process: C:/projects/kit-app-template/repo.bat precache_exts -c release
[2025-09-05 14:46:14,958][INFO][omni.repo.man.entry.run:133] Running repo tool: repo_precache_exts@None. args: ['precache_exts', '-c', 'release']
[2025-09-05 14:46:14,960][INFO][omni.repo.precache_exts.run:315] precaching app: C:\projects\kit-app-template\source\apps\my_company.my_editor.kit
[2025-09-05 14:46:14,961][INFO][omni.repo.man.utils.run_process:241] running process: C:\projects\kit-app-template\_build\windows-x86_64\release\kit\kit.exe C:\projects\kit-app-template\source\apps\my_company.my_editor.kit --allow-root --portable --ext-precache-mode --/crashreporter/gatherUserStory=0 --/app/settings/persistent=0 --/app/settings/loadUserConfig=0 --/app/extensions/generateVersionLock=1 --/app/extensions/parallelPullEnabled=1 --/app/enableStdoutOutput=1 --/app/extensions/detailedSolverExplanation=1 --/app/extensions/registryEnabled=1 --/app/extensions/mkdirExtFolders=0 --/app/extensions/registryCacheFull='C:\projects\kit-app-template\_build\windows-x86_64\release\extscache' --/log/flushStandardStreamOutput=1 --/exts/omni.kit.registry.nucleus/registries/0/name=\"kit/default\" --/exts/omni.kit.registry.nucleus/registries/0/url=\"https://ovextensionsprod.blob.core.windows.net/exts/kit/prod/${kit_version_major}/shared\" --/exts/omni.kit.registry.nucleus/registries/1/name=\"kit/sdk\" --/exts/omni.kit.registry.nucleus/registries/1/url=\"https://ovextensionsprod.blob.core.windows.net/exts/kit/prod/sdk/${kit_version_short}/${kit_git_hash}\" --/exts/omni.kit.registry.nucleus/registries/2/name=\"kit/community\" --/exts/omni.kit.registry.nucleus/registries/2/url=\"https://dw290v42wisod.cloudfront.net/exts/kit/community\" --/app/extensions/target/config=release --ext-folder C:\projects\kit-app-template\source\extensions --ext-folder C:\projects\kit-app-template\source\apps --portable-root C:/projects/kit-app-template/_build/windows-x86_64/release --/app/extensions/generateVersionLockSkipLocalExts=1
[2025-09-05 14:46:15,269][INFO][omni.repo.build.pippull.pull_pip_dependencies:403] Skip pip pull of because is most recent config (['C:/projects/kit-app-template/tools/deps/pip.toml']) is older than 'C:/projects/kit-app-template/_build\.lastpippull'.
[2025-09-05 14:46:15,269][INFO][omni.repo.build.build.generate_projects:263] generating project from: C:/projects/kit-app-template/premake5.lua
[2025-09-05 14:46:15,269][INFO][omni.repo.man.utils.run_process:241] running process: C:/projects/kit-app-template/_build/host-deps\premake\bin\premake5.exe --file=C:/projects/kit-app-template/premake5.lua no-compile --platform-host=windows-x86_64 --scripts=C:\packman-repo\chk\repo_build\1.13.2\lua --platform-target=windows-x86_64 --linux-x86_64-cxx11-abi=True --solution-name=kit-app-template
[2025-09-05 14:46:16,171][INFO][omni.repo.man.entry.run:133] Running repo tool: repo_kit_pull_extensions@1.10.0. args: ['pull_extensions', 'setup']
[2025-09-05 14:46:16,171][INFO][omni.repo.man.configuration.set_token:231] Token: 'config' set to 'debug'
[2025-09-05 14:46:16,174][INFO][omni.repo.man.configuration.set_token:231] Token: 'config' set to 'release'
[2025-09-05 14:46:17,036][INFO][omni.repo.man.entry.run:133] Running repo tool: repo_build_number@1.88.2. args: ['build_number', '-o', 'c:/projects/kit-app-template/_build/windows-x86_64/debug/VERSION']
[2025-09-05 14:46:17,037][INFO][omni.repo.man.nvenv.get_git_hash:352] Getting Git hash for directory c:\projects\kit-app-template
[2025-09-05 14:46:17,037][INFO][omni.repo.man.nvenv.find_git_path:186] Searching for the location of Git
[2025-09-05 14:46:17,038][INFO][omni.repo.man.nvenv.find_git_path:201] Git 2.28.0-windows-x86_64 fetched by packman
[2025-09-05 14:46:17,038][INFO][omni.repo.man.nvenv.find_git_path:249] Git location: C:/packman-repo/chk/git/2.28.0-windows-x86_64\bin/git.exe
[2025-09-05 14:46:17,038][INFO][omni.repo.man.utils.run_process_return_output:301] running process: C:/packman-repo/chk/git/2.28.0-windows-x86_64\bin/git.exe rev-parse --git-dir
[2025-09-05 14:46:17,129][INFO][omni.repo.man.nvenv.execute_git:284] Calling Git with args: "rev-parse --short=8 HEAD". Try: 1. cwd: 'c:\projects\kit-app-template'
[2025-09-05 14:46:17,159][INFO][omni.repo.man.nvenv.execute_git:295] git call result:
	return code:0
	stdout: 72a92618

	stderr: 
[2025-09-05 14:46:17,160][INFO][omni.repo.man.utils.run_process_return_output:301] running process: C:/packman-repo/chk/git/2.28.0-windows-x86_64\bin/git.exe rev-parse --git-dir
[2025-09-05 14:46:17,187][INFO][omni.repo.man.nvenv.execute_git:284] Calling Git with args: "rev-parse --abbrev-ref HEAD". Try: 1. cwd: 'c:\projects\kit-app-template'
[2025-09-05 14:46:17,219][INFO][omni.repo.man.nvenv.execute_git:295] git call result:
	return code:0
	stdout: main

	stderr: 
[2025-09-05 14:46:17,219][INFO][omni.repo.man.build_number.print_log:182] Build number: '108.0+main.0.72a92618.local'
[2025-09-05 14:46:17,221][INFO][omni.repo.man.build_number.print_log:182] Written to file: 'c:\projects\kit-app-template\_build\windows-x86_64\debug\VERSION'
[2025-09-05 14:46:18,075][INFO][omni.repo.man.entry.run:133] Running repo tool: repo_build_number@1.88.2. args: ['build_number', '-o', 'c:/projects/kit-app-template/_build/windows-x86_64/release/VERSION']
[2025-09-05 14:46:18,076][INFO][omni.repo.man.nvenv.get_git_hash:352] Getting Git hash for directory c:\projects\kit-app-template
[2025-09-05 14:46:18,076][INFO][omni.repo.man.nvenv.find_git_path:186] Searching for the location of Git
[2025-09-05 14:46:18,077][INFO][omni.repo.man.nvenv.find_git_path:201] Git 2.28.0-windows-x86_64 fetched by packman
[2025-09-05 14:46:18,077][INFO][omni.repo.man.nvenv.find_git_path:249] Git location: C:/packman-repo/chk/git/2.28.0-windows-x86_64\bin/git.exe
[2025-09-05 14:46:18,077][INFO][omni.repo.man.utils.run_process_return_output:301] running process: C:/packman-repo/chk/git/2.28.0-windows-x86_64\bin/git.exe rev-parse --git-dir
[2025-09-05 14:46:18,108][INFO][omni.repo.man.nvenv.execute_git:284] Calling Git with args: "rev-parse --short=8 HEAD". Try: 1. cwd: 'c:\projects\kit-app-template'
[2025-09-05 14:46:18,138][INFO][omni.repo.man.nvenv.execute_git:295] git call result:
	return code:0
	stdout: 72a92618

	stderr: 
[2025-09-05 14:46:18,139][INFO][omni.repo.man.utils.run_process_return_output:301] running process: C:/packman-repo/chk/git/2.28.0-windows-x86_64\bin/git.exe rev-parse --git-dir
[2025-09-05 14:46:18,167][INFO][omni.repo.man.nvenv.execute_git:284] Calling Git with args: "rev-parse --abbrev-ref HEAD". Try: 1. cwd: 'c:\projects\kit-app-template'
[2025-09-05 14:46:18,199][INFO][omni.repo.man.nvenv.execute_git:295] git call result:
	return code:0
	stdout: main

	stderr: 
[2025-09-05 14:46:18,200][INFO][omni.repo.man.build_number.print_log:182] Build number: '108.0+main.0.72a92618.local'
[2025-09-05 14:46:18,202][INFO][omni.repo.man.build_number.print_log:182] Written to file: 'c:\projects\kit-app-template\_build\windows-x86_64\release\VERSION'
[2025-09-05 14:46:18,271][INFO][omni.repo.man.fileutils.copy_and_link_using_dict:532] Copy of 0 files took: 0.000 milliseconds.
[2025-09-05 14:46:18,271][INFO][omni.repo.man.fileutils.copy_and_link_using_dict:542] Creating links of 0 folders took: 0.000 milliseconds.
[2025-09-05 14:46:18,276][INFO][omni.repo.man.fileutils.copy_and_link_using_dict:532] Copy of 9 files took: 4.000 milliseconds.
[2025-09-05 14:46:18,284][INFO][omni.repo.man.fileutils.copy_and_link_using_dict:542] Creating links of 13 folders took: 7.002 milliseconds.
[2025-09-05 14:46:26,394][INFO][omni.repo.man.entry.run:133] Running repo tool: repo_launch@None. args: ['launch']
[2025-09-05 14:51:37,375][INFO][omni.repo.man.entry.run:133] Running repo tool: repo_build@1.13.2. args: ['build']
[2025-09-05 14:51:37,376][INFO][omni.repo.man.configuration.set_token:231] Token: 'platform_target' set to 'windows-x86_64'
[2025-09-05 14:51:37,376][INFO][omni.repo.man.configuration.set_token:231] Token: 'platform_target_abi' set to 'windows-x86_64'
[2025-09-05 14:51:37,377][INFO][omni.repo.man.utils.run_process:241] running process: powershell -Command "New-Item -ItemType Directory -Path C:/projects/kit-app-template/source/apps -ErrorAction SilentlyContinue" ; "Write-Host 'Done'"
[2025-09-05 14:51:37,554][INFO][omni.repo.build.dependencies.pull_files:275] Skipping project file (doesn't exist): C:/projects/kit-app-template/deps/host-deps.packman.xml
[2025-09-05 14:51:37,561][INFO][omni.repo.man.utils.run_process:241] running process: C:/projects/kit-app-template/repo.bat precache_exts -c release
[2025-09-05 14:51:38,379][INFO][omni.repo.man.entry.run:133] Running repo tool: repo_precache_exts@None. args: ['precache_exts', '-c', 'release']
[2025-09-05 14:51:38,380][INFO][omni.repo.precache_exts.run:315] precaching app: C:\projects\kit-app-template\source\apps\my_company.my_editor.kit
[2025-09-05 14:51:38,381][INFO][omni.repo.man.utils.run_process:241] running process: C:\projects\kit-app-template\_build\windows-x86_64\release\kit\kit.exe C:\projects\kit-app-template\source\apps\my_company.my_editor.kit --allow-root --portable --ext-precache-mode --/crashreporter/gatherUserStory=0 --/app/settings/persistent=0 --/app/settings/loadUserConfig=0 --/app/extensions/generateVersionLock=1 --/app/extensions/parallelPullEnabled=1 --/app/enableStdoutOutput=1 --/app/extensions/detailedSolverExplanation=1 --/app/extensions/registryEnabled=1 --/app/extensions/mkdirExtFolders=0 --/app/extensions/registryCacheFull='C:\projects\kit-app-template\_build\windows-x86_64\release\extscache' --/log/flushStandardStreamOutput=1 --/exts/omni.kit.registry.nucleus/registries/0/name=\"kit/default\" --/exts/omni.kit.registry.nucleus/registries/0/url=\"https://ovextensionsprod.blob.core.windows.net/exts/kit/prod/${kit_version_major}/shared\" --/exts/omni.kit.registry.nucleus/registries/1/name=\"kit/sdk\" --/exts/omni.kit.registry.nucleus/registries/1/url=\"https://ovextensionsprod.blob.core.windows.net/exts/kit/prod/sdk/${kit_version_short}/${kit_git_hash}\" --/exts/omni.kit.registry.nucleus/registries/2/name=\"kit/community\" --/exts/omni.kit.registry.nucleus/registries/2/url=\"https://dw290v42wisod.cloudfront.net/exts/kit/community\" --/app/extensions/target/config=release --ext-folder C:\projects\kit-app-template\source\extensions --ext-folder C:\projects\kit-app-template\source\apps --portable-root C:/projects/kit-app-template/_build/windows-x86_64/release --/app/extensions/generateVersionLockSkipLocalExts=1
[2025-09-05 14:51:38,689][INFO][omni.repo.build.pippull.pull_pip_dependencies:403] Skip pip pull of because is most recent config (['C:/projects/kit-app-template/tools/deps/pip.toml']) is older than 'C:/projects/kit-app-template/_build\.lastpippull'.
[2025-09-05 14:51:38,689][INFO][omni.repo.build.build.generate_projects:263] generating project from: C:/projects/kit-app-template/premake5.lua
[2025-09-05 14:51:38,689][INFO][omni.repo.man.utils.run_process:241] running process: C:/projects/kit-app-template/_build/host-deps\premake\bin\premake5.exe --file=C:/projects/kit-app-template/premake5.lua no-compile --platform-host=windows-x86_64 --scripts=C:\packman-repo\chk\repo_build\1.13.2\lua --platform-target=windows-x86_64 --linux-x86_64-cxx11-abi=True --solution-name=kit-app-template
[2025-09-05 14:51:39,601][INFO][omni.repo.man.entry.run:133] Running repo tool: repo_kit_pull_extensions@1.10.0. args: ['pull_extensions', 'setup']
[2025-09-05 14:51:39,602][INFO][omni.repo.man.configuration.set_token:231] Token: 'config' set to 'debug'
[2025-09-05 14:51:39,605][INFO][omni.repo.man.configuration.set_token:231] Token: 'config' set to 'release'
[2025-09-05 14:51:40,466][INFO][omni.repo.man.entry.run:133] Running repo tool: repo_build_number@1.88.2. args: ['build_number', '-o', 'c:/projects/kit-app-template/_build/windows-x86_64/debug/VERSION']
[2025-09-05 14:51:40,466][INFO][omni.repo.man.nvenv.get_git_hash:352] Getting Git hash for directory c:\projects\kit-app-template
[2025-09-05 14:51:40,466][INFO][omni.repo.man.nvenv.find_git_path:186] Searching for the location of Git
[2025-09-05 14:51:40,468][INFO][omni.repo.man.nvenv.find_git_path:201] Git 2.28.0-windows-x86_64 fetched by packman
[2025-09-05 14:51:40,468][INFO][omni.repo.man.nvenv.find_git_path:249] Git location: C:/packman-repo/chk/git/2.28.0-windows-x86_64\bin/git.exe
[2025-09-05 14:51:40,468][INFO][omni.repo.man.utils.run_process_return_output:301] running process: C:/packman-repo/chk/git/2.28.0-windows-x86_64\bin/git.exe rev-parse --git-dir
[2025-09-05 14:51:40,558][INFO][omni.repo.man.nvenv.execute_git:284] Calling Git with args: "rev-parse --short=8 HEAD". Try: 1. cwd: 'c:\projects\kit-app-template'
[2025-09-05 14:51:40,592][INFO][omni.repo.man.nvenv.execute_git:295] git call result:
	return code:0
	stdout: 72a92618

	stderr: 
[2025-09-05 14:51:40,592][INFO][omni.repo.man.utils.run_process_return_output:301] running process: C:/packman-repo/chk/git/2.28.0-windows-x86_64\bin/git.exe rev-parse --git-dir
[2025-09-05 14:51:40,629][INFO][omni.repo.man.nvenv.execute_git:284] Calling Git with args: "rev-parse --abbrev-ref HEAD". Try: 1. cwd: 'c:\projects\kit-app-template'
[2025-09-05 14:51:40,660][INFO][omni.repo.man.nvenv.execute_git:295] git call result:
	return code:0
	stdout: main

	stderr: 
[2025-09-05 14:51:40,660][INFO][omni.repo.man.build_number.print_log:182] Build number: '108.0+main.0.72a92618.local'
[2025-09-05 14:51:40,662][INFO][omni.repo.man.build_number.print_log:182] Written to file: 'c:\projects\kit-app-template\_build\windows-x86_64\debug\VERSION'
[2025-09-05 14:51:41,520][INFO][omni.repo.man.entry.run:133] Running repo tool: repo_build_number@1.88.2. args: ['build_number', '-o', 'c:/projects/kit-app-template/_build/windows-x86_64/release/VERSION']
[2025-09-05 14:51:41,520][INFO][omni.repo.man.nvenv.get_git_hash:352] Getting Git hash for directory c:\projects\kit-app-template
[2025-09-05 14:51:41,520][INFO][omni.repo.man.nvenv.find_git_path:186] Searching for the location of Git
[2025-09-05 14:51:41,521][INFO][omni.repo.man.nvenv.find_git_path:201] Git 2.28.0-windows-x86_64 fetched by packman
[2025-09-05 14:51:41,521][INFO][omni.repo.man.nvenv.find_git_path:249] Git location: C:/packman-repo/chk/git/2.28.0-windows-x86_64\bin/git.exe
[2025-09-05 14:51:41,521][INFO][omni.repo.man.utils.run_process_return_output:301] running process: C:/packman-repo/chk/git/2.28.0-windows-x86_64\bin/git.exe rev-parse --git-dir
[2025-09-05 14:51:41,554][INFO][omni.repo.man.nvenv.execute_git:284] Calling Git with args: "rev-parse --short=8 HEAD". Try: 1. cwd: 'c:\projects\kit-app-template'
[2025-09-05 14:51:41,588][INFO][omni.repo.man.nvenv.execute_git:295] git call result:
	return code:0
	stdout: 72a92618

	stderr: 
[2025-09-05 14:51:41,588][INFO][omni.repo.man.utils.run_process_return_output:301] running process: C:/packman-repo/chk/git/2.28.0-windows-x86_64\bin/git.exe rev-parse --git-dir
[2025-09-05 14:51:41,618][INFO][omni.repo.man.nvenv.execute_git:284] Calling Git with args: "rev-parse --abbrev-ref HEAD". Try: 1. cwd: 'c:\projects\kit-app-template'
[2025-09-05 14:51:41,659][INFO][omni.repo.man.nvenv.execute_git:295] git call result:
	return code:0
	stdout: main

	stderr: 
[2025-09-05 14:51:41,660][INFO][omni.repo.man.build_number.print_log:182] Build number: '108.0+main.0.72a92618.local'
[2025-09-05 14:51:41,662][INFO][omni.repo.man.build_number.print_log:182] Written to file: 'c:\projects\kit-app-template\_build\windows-x86_64\release\VERSION'
[2025-09-05 14:51:41,749][INFO][omni.repo.man.fileutils.copy_and_link_using_dict:532] Copy of 0 files took: 0.000 milliseconds.
[2025-09-05 14:51:41,749][INFO][omni.repo.man.fileutils.copy_and_link_using_dict:542] Creating links of 0 folders took: 0.000 milliseconds.
[2025-09-05 14:51:41,751][INFO][omni.repo.man.fileutils.copy_and_link_using_dict:532] Copy of 9 files took: 1.999 milliseconds.
[2025-09-05 14:51:41,766][INFO][omni.repo.man.fileutils.copy_and_link_using_dict:542] Creating links of 13 folders took: 14.992 milliseconds.
[2025-09-05 14:51:46,945][INFO][omni.repo.man.entry.run:133] Running repo tool: repo_launch@None. args: ['launch']
[2025-09-05 15:12:10,076][INFO][omni.repo.man.entry.run:133] Running repo tool: repo_build@1.13.2. args: ['build']
[2025-09-05 15:12:10,076][INFO][omni.repo.man.configuration.set_token:231] Token: 'platform_target' set to 'windows-x86_64'
[2025-09-05 15:12:10,077][INFO][omni.repo.man.configuration.set_token:231] Token: 'platform_target_abi' set to 'windows-x86_64'
[2025-09-05 15:12:10,077][INFO][omni.repo.man.utils.run_process:241] running process: powershell -Command "New-Item -ItemType Directory -Path C:/projects/kit-app-template/source/apps -ErrorAction SilentlyContinue" ; "Write-Host 'Done'"
[2025-09-05 15:12:10,383][INFO][omni.repo.build.dependencies.pull_files:275] Skipping project file (doesn't exist): C:/projects/kit-app-template/deps/host-deps.packman.xml
[2025-09-05 15:12:10,390][INFO][omni.repo.man.utils.run_process:241] running process: C:/projects/kit-app-template/repo.bat precache_exts -c release
[2025-09-05 15:12:11,289][INFO][omni.repo.man.entry.run:133] Running repo tool: repo_precache_exts@None. args: ['precache_exts', '-c', 'release']
[2025-09-05 15:12:11,291][INFO][omni.repo.precache_exts.run:315] precaching app: C:\projects\kit-app-template\source\apps\my_company.my_editor.kit
[2025-09-05 15:12:11,291][INFO][omni.repo.man.utils.run_process:241] running process: C:\projects\kit-app-template\_build\windows-x86_64\release\kit\kit.exe C:\projects\kit-app-template\source\apps\my_company.my_editor.kit --allow-root --portable --ext-precache-mode --/crashreporter/gatherUserStory=0 --/app/settings/persistent=0 --/app/settings/loadUserConfig=0 --/app/extensions/generateVersionLock=1 --/app/extensions/parallelPullEnabled=1 --/app/enableStdoutOutput=1 --/app/extensions/detailedSolverExplanation=1 --/app/extensions/registryEnabled=1 --/app/extensions/mkdirExtFolders=0 --/app/extensions/registryCacheFull='C:\projects\kit-app-template\_build\windows-x86_64\release\extscache' --/log/flushStandardStreamOutput=1 --/exts/omni.kit.registry.nucleus/registries/0/name=\"kit/default\" --/exts/omni.kit.registry.nucleus/registries/0/url=\"https://ovextensionsprod.blob.core.windows.net/exts/kit/prod/${kit_version_major}/shared\" --/exts/omni.kit.registry.nucleus/registries/1/name=\"kit/sdk\" --/exts/omni.kit.registry.nucleus/registries/1/url=\"https://ovextensionsprod.blob.core.windows.net/exts/kit/prod/sdk/${kit_version_short}/${kit_git_hash}\" --/exts/omni.kit.registry.nucleus/registries/2/name=\"kit/community\" --/exts/omni.kit.registry.nucleus/registries/2/url=\"https://dw290v42wisod.cloudfront.net/exts/kit/community\" --/app/extensions/target/config=release --ext-folder C:\projects\kit-app-template\source\extensions --ext-folder C:\projects\kit-app-template\source\apps --portable-root C:/projects/kit-app-template/_build/windows-x86_64/release --/app/extensions/generateVersionLockSkipLocalExts=1
[2025-09-05 15:12:11,636][INFO][omni.repo.build.pippull.pull_pip_dependencies:403] Skip pip pull of because is most recent config (['C:/projects/kit-app-template/tools/deps/pip.toml']) is older than 'C:/projects/kit-app-template/_build\.lastpippull'.
[2025-09-05 15:12:11,637][INFO][omni.repo.build.build.generate_projects:263] generating project from: C:/projects/kit-app-template/premake5.lua
[2025-09-05 15:12:11,637][INFO][omni.repo.man.utils.run_process:241] running process: C:/projects/kit-app-template/_build/host-deps\premake\bin\premake5.exe --file=C:/projects/kit-app-template/premake5.lua no-compile --platform-host=windows-x86_64 --scripts=C:\packman-repo\chk\repo_build\1.13.2\lua --platform-target=windows-x86_64 --linux-x86_64-cxx11-abi=True --solution-name=kit-app-template
[2025-09-05 15:12:12,524][INFO][omni.repo.man.entry.run:133] Running repo tool: repo_kit_pull_extensions@1.10.0. args: ['pull_extensions', 'setup']
[2025-09-05 15:12:12,525][INFO][omni.repo.man.configuration.set_token:231] Token: 'config' set to 'debug'
[2025-09-05 15:12:12,527][INFO][omni.repo.man.configuration.set_token:231] Token: 'config' set to 'release'
[2025-09-05 15:12:13,398][INFO][omni.repo.man.entry.run:133] Running repo tool: repo_build_number@1.88.2. args: ['build_number', '-o', 'c:/projects/kit-app-template/_build/windows-x86_64/debug/VERSION']
[2025-09-05 15:12:13,398][INFO][omni.repo.man.nvenv.get_git_hash:352] Getting Git hash for directory c:\projects\kit-app-template
[2025-09-05 15:12:13,398][INFO][omni.repo.man.nvenv.find_git_path:186] Searching for the location of Git
[2025-09-05 15:12:13,400][INFO][omni.repo.man.nvenv.find_git_path:201] Git 2.28.0-windows-x86_64 fetched by packman
[2025-09-05 15:12:13,400][INFO][omni.repo.man.nvenv.find_git_path:249] Git location: C:/packman-repo/chk/git/2.28.0-windows-x86_64\bin/git.exe
[2025-09-05 15:12:13,400][INFO][omni.repo.man.utils.run_process_return_output:301] running process: C:/packman-repo/chk/git/2.28.0-windows-x86_64\bin/git.exe rev-parse --git-dir
[2025-09-05 15:12:13,656][INFO][omni.repo.man.nvenv.execute_git:284] Calling Git with args: "rev-parse --short=8 HEAD". Try: 1. cwd: 'c:\projects\kit-app-template'
[2025-09-05 15:12:13,690][INFO][omni.repo.man.nvenv.execute_git:295] git call result:
	return code:0
	stdout: 72a92618

	stderr: 
[2025-09-05 15:12:13,690][INFO][omni.repo.man.utils.run_process_return_output:301] running process: C:/packman-repo/chk/git/2.28.0-windows-x86_64\bin/git.exe rev-parse --git-dir
[2025-09-05 15:12:13,721][INFO][omni.repo.man.nvenv.execute_git:284] Calling Git with args: "rev-parse --abbrev-ref HEAD". Try: 1. cwd: 'c:\projects\kit-app-template'
[2025-09-05 15:12:13,753][INFO][omni.repo.man.nvenv.execute_git:295] git call result:
	return code:0
	stdout: main

	stderr: 
[2025-09-05 15:12:13,753][INFO][omni.repo.man.build_number.print_log:182] Build number: '108.0+main.0.72a92618.local'
[2025-09-05 15:12:13,755][INFO][omni.repo.man.build_number.print_log:182] Written to file: 'c:\projects\kit-app-template\_build\windows-x86_64\debug\VERSION'
[2025-09-05 15:12:14,604][INFO][omni.repo.man.entry.run:133] Running repo tool: repo_build_number@1.88.2. args: ['build_number', '-o', 'c:/projects/kit-app-template/_build/windows-x86_64/release/VERSION']
[2025-09-05 15:12:14,605][INFO][omni.repo.man.nvenv.get_git_hash:352] Getting Git hash for directory c:\projects\kit-app-template
[2025-09-05 15:12:14,605][INFO][omni.repo.man.nvenv.find_git_path:186] Searching for the location of Git
[2025-09-05 15:12:14,606][INFO][omni.repo.man.nvenv.find_git_path:201] Git 2.28.0-windows-x86_64 fetched by packman
[2025-09-05 15:12:14,606][INFO][omni.repo.man.nvenv.find_git_path:249] Git location: C:/packman-repo/chk/git/2.28.0-windows-x86_64\bin/git.exe
[2025-09-05 15:12:14,606][INFO][omni.repo.man.utils.run_process_return_output:301] running process: C:/packman-repo/chk/git/2.28.0-windows-x86_64\bin/git.exe rev-parse --git-dir
[2025-09-05 15:12:14,640][INFO][omni.repo.man.nvenv.execute_git:284] Calling Git with args: "rev-parse --short=8 HEAD". Try: 1. cwd: 'c:\projects\kit-app-template'
[2025-09-05 15:12:14,672][INFO][omni.repo.man.nvenv.execute_git:295] git call result:
	return code:0
	stdout: 72a92618

	stderr: 
[2025-09-05 15:12:14,672][INFO][omni.repo.man.utils.run_process_return_output:301] running process: C:/packman-repo/chk/git/2.28.0-windows-x86_64\bin/git.exe rev-parse --git-dir
[2025-09-05 15:12:14,702][INFO][omni.repo.man.nvenv.execute_git:284] Calling Git with args: "rev-parse --abbrev-ref HEAD". Try: 1. cwd: 'c:\projects\kit-app-template'
[2025-09-05 15:12:14,735][INFO][omni.repo.man.nvenv.execute_git:295] git call result:
	return code:0
	stdout: main

	stderr: 
[2025-09-05 15:12:14,735][INFO][omni.repo.man.build_number.print_log:182] Build number: '108.0+main.0.72a92618.local'
[2025-09-05 15:12:14,737][INFO][omni.repo.man.build_number.print_log:182] Written to file: 'c:\projects\kit-app-template\_build\windows-x86_64\release\VERSION'
[2025-09-05 15:12:14,813][INFO][omni.repo.man.fileutils.copy_and_link_using_dict:532] Copy of 0 files took: 0.000 milliseconds.
[2025-09-05 15:12:14,814][INFO][omni.repo.man.fileutils.copy_and_link_using_dict:542] Creating links of 0 folders took: 0.000 milliseconds.
[2025-09-05 15:12:14,818][INFO][omni.repo.man.fileutils.copy_and_link_using_dict:532] Copy of 9 files took: 3.992 milliseconds.
[2025-09-05 15:12:14,828][INFO][omni.repo.man.fileutils.copy_and_link_using_dict:542] Creating links of 13 folders took: 9.001 milliseconds.
[2025-09-05 15:12:20,852][INFO][omni.repo.man.entry.run:133] Running repo tool: repo_launch@None. args: ['launch']
[2025-09-05 15:16:04,282][INFO][omni.repo.man.entry.run:133] Running repo tool: repo_launch@None. args: ['launch']
[2025-09-05 15:19:46,624][INFO][omni.repo.man.entry.run:133] Running repo tool: repo_build@1.13.2. args: ['build']
[2025-09-05 15:19:46,624][INFO][omni.repo.man.configuration.set_token:231] Token: 'platform_target' set to 'windows-x86_64'
[2025-09-05 15:19:46,625][INFO][omni.repo.man.configuration.set_token:231] Token: 'platform_target_abi' set to 'windows-x86_64'
[2025-09-05 15:19:46,625][INFO][omni.repo.man.utils.run_process:241] running process: powershell -Command "New-Item -ItemType Directory -Path C:/projects/kit-app-template/source/apps -ErrorAction SilentlyContinue" ; "Write-Host 'Done'"
[2025-09-05 15:19:46,827][INFO][omni.repo.build.dependencies.pull_files:275] Skipping project file (doesn't exist): C:/projects/kit-app-template/deps/host-deps.packman.xml
[2025-09-05 15:19:46,835][INFO][omni.repo.man.utils.run_process:241] running process: C:/projects/kit-app-template/repo.bat precache_exts -c release
[2025-09-05 15:19:47,709][INFO][omni.repo.man.entry.run:133] Running repo tool: repo_precache_exts@None. args: ['precache_exts', '-c', 'release']
[2025-09-05 15:19:47,712][INFO][omni.repo.precache_exts.run:315] precaching app: C:\projects\kit-app-template\source\apps\my_company.my_editor.kit
[2025-09-05 15:19:47,713][INFO][omni.repo.man.utils.run_process:241] running process: C:\projects\kit-app-template\_build\windows-x86_64\release\kit\kit.exe C:\projects\kit-app-template\source\apps\my_company.my_editor.kit --allow-root --portable --ext-precache-mode --/crashreporter/gatherUserStory=0 --/app/settings/persistent=0 --/app/settings/loadUserConfig=0 --/app/extensions/generateVersionLock=1 --/app/extensions/parallelPullEnabled=1 --/app/enableStdoutOutput=1 --/app/extensions/detailedSolverExplanation=1 --/app/extensions/registryEnabled=1 --/app/extensions/mkdirExtFolders=0 --/app/extensions/registryCacheFull='C:\projects\kit-app-template\_build\windows-x86_64\release\extscache' --/log/flushStandardStreamOutput=1 --/exts/omni.kit.registry.nucleus/registries/0/name=\"kit/default\" --/exts/omni.kit.registry.nucleus/registries/0/url=\"https://ovextensionsprod.blob.core.windows.net/exts/kit/prod/${kit_version_major}/shared\" --/exts/omni.kit.registry.nucleus/registries/1/name=\"kit/sdk\" --/exts/omni.kit.registry.nucleus/registries/1/url=\"https://ovextensionsprod.blob.core.windows.net/exts/kit/prod/sdk/${kit_version_short}/${kit_git_hash}\" --/exts/omni.kit.registry.nucleus/registries/2/name=\"kit/community\" --/exts/omni.kit.registry.nucleus/registries/2/url=\"https://dw290v42wisod.cloudfront.net/exts/kit/community\" --/app/extensions/target/config=release --ext-folder C:\projects\kit-app-template\source\extensions --ext-folder C:\projects\kit-app-template\source\apps --portable-root C:/projects/kit-app-template/_build/windows-x86_64/release --/app/extensions/generateVersionLockSkipLocalExts=1
[2025-09-05 15:19:48,038][INFO][omni.repo.build.pippull.pull_pip_dependencies:403] Skip pip pull of because is most recent config (['C:/projects/kit-app-template/tools/deps/pip.toml']) is older than 'C:/projects/kit-app-template/_build\.lastpippull'.
[2025-09-05 15:19:48,039][INFO][omni.repo.build.build.generate_projects:263] generating project from: C:/projects/kit-app-template/premake5.lua
[2025-09-05 15:19:48,039][INFO][omni.repo.man.utils.run_process:241] running process: C:/projects/kit-app-template/_build/host-deps\premake\bin\premake5.exe --file=C:/projects/kit-app-template/premake5.lua no-compile --platform-host=windows-x86_64 --scripts=C:\packman-repo\chk\repo_build\1.13.2\lua --platform-target=windows-x86_64 --linux-x86_64-cxx11-abi=True --solution-name=kit-app-template
[2025-09-05 15:19:48,972][INFO][omni.repo.man.entry.run:133] Running repo tool: repo_kit_pull_extensions@1.10.0. args: ['pull_extensions', 'setup']
[2025-09-05 15:19:48,973][INFO][omni.repo.man.configuration.set_token:231] Token: 'config' set to 'debug'
[2025-09-05 15:19:48,975][INFO][omni.repo.man.configuration.set_token:231] Token: 'config' set to 'release'
[2025-09-05 15:19:49,861][INFO][omni.repo.man.entry.run:133] Running repo tool: repo_build_number@1.88.2. args: ['build_number', '-o', 'c:/projects/kit-app-template/_build/windows-x86_64/debug/VERSION']
[2025-09-05 15:19:49,861][INFO][omni.repo.man.nvenv.get_git_hash:352] Getting Git hash for directory c:\projects\kit-app-template
[2025-09-05 15:19:49,861][INFO][omni.repo.man.nvenv.find_git_path:186] Searching for the location of Git
[2025-09-05 15:19:49,862][INFO][omni.repo.man.nvenv.find_git_path:201] Git 2.28.0-windows-x86_64 fetched by packman
[2025-09-05 15:19:49,862][INFO][omni.repo.man.nvenv.find_git_path:249] Git location: C:/packman-repo/chk/git/2.28.0-windows-x86_64\bin/git.exe
[2025-09-05 15:19:49,862][INFO][omni.repo.man.utils.run_process_return_output:301] running process: C:/packman-repo/chk/git/2.28.0-windows-x86_64\bin/git.exe rev-parse --git-dir
[2025-09-05 15:19:49,960][INFO][omni.repo.man.nvenv.execute_git:284] Calling Git with args: "rev-parse --short=8 HEAD". Try: 1. cwd: 'c:\projects\kit-app-template'
[2025-09-05 15:19:49,990][INFO][omni.repo.man.nvenv.execute_git:295] git call result:
	return code:0
	stdout: 72a92618

	stderr: 
[2025-09-05 15:19:49,990][INFO][omni.repo.man.utils.run_process_return_output:301] running process: C:/packman-repo/chk/git/2.28.0-windows-x86_64\bin/git.exe rev-parse --git-dir
[2025-09-05 15:19:50,019][INFO][omni.repo.man.nvenv.execute_git:284] Calling Git with args: "rev-parse --abbrev-ref HEAD". Try: 1. cwd: 'c:\projects\kit-app-template'
[2025-09-05 15:19:50,050][INFO][omni.repo.man.nvenv.execute_git:295] git call result:
	return code:0
	stdout: main

	stderr: 
[2025-09-05 15:19:50,050][INFO][omni.repo.man.build_number.print_log:182] Build number: '108.0+main.0.72a92618.local'
[2025-09-05 15:19:50,053][INFO][omni.repo.man.build_number.print_log:182] Written to file: 'c:\projects\kit-app-template\_build\windows-x86_64\debug\VERSION'
[2025-09-05 15:19:50,925][INFO][omni.repo.man.entry.run:133] Running repo tool: repo_build_number@1.88.2. args: ['build_number', '-o', 'c:/projects/kit-app-template/_build/windows-x86_64/release/VERSION']
[2025-09-05 15:19:50,925][INFO][omni.repo.man.nvenv.get_git_hash:352] Getting Git hash for directory c:\projects\kit-app-template
[2025-09-05 15:19:50,925][INFO][omni.repo.man.nvenv.find_git_path:186] Searching for the location of Git
[2025-09-05 15:19:50,926][INFO][omni.repo.man.nvenv.find_git_path:201] Git 2.28.0-windows-x86_64 fetched by packman
[2025-09-05 15:19:50,926][INFO][omni.repo.man.nvenv.find_git_path:249] Git location: C:/packman-repo/chk/git/2.28.0-windows-x86_64\bin/git.exe
[2025-09-05 15:19:50,927][INFO][omni.repo.man.utils.run_process_return_output:301] running process: C:/packman-repo/chk/git/2.28.0-windows-x86_64\bin/git.exe rev-parse --git-dir
[2025-09-05 15:19:50,964][INFO][omni.repo.man.nvenv.execute_git:284] Calling Git with args: "rev-parse --short=8 HEAD". Try: 1. cwd: 'c:\projects\kit-app-template'
[2025-09-05 15:19:50,997][INFO][omni.repo.man.nvenv.execute_git:295] git call result:
	return code:0
	stdout: 72a92618

	stderr: 
[2025-09-05 15:19:50,998][INFO][omni.repo.man.utils.run_process_return_output:301] running process: C:/packman-repo/chk/git/2.28.0-windows-x86_64\bin/git.exe rev-parse --git-dir
[2025-09-05 15:19:51,027][INFO][omni.repo.man.nvenv.execute_git:284] Calling Git with args: "rev-parse --abbrev-ref HEAD". Try: 1. cwd: 'c:\projects\kit-app-template'
[2025-09-05 15:19:51,060][INFO][omni.repo.man.nvenv.execute_git:295] git call result:
	return code:0
	stdout: main

	stderr: 
[2025-09-05 15:19:51,060][INFO][omni.repo.man.build_number.print_log:182] Build number: '108.0+main.0.72a92618.local'
[2025-09-05 15:19:51,063][INFO][omni.repo.man.build_number.print_log:182] Written to file: 'c:\projects\kit-app-template\_build\windows-x86_64\release\VERSION'
[2025-09-05 15:19:51,149][INFO][omni.repo.man.fileutils.copy_and_link_using_dict:532] Copy of 0 files took: 0.000 milliseconds.
[2025-09-05 15:19:51,150][INFO][omni.repo.man.fileutils.copy_and_link_using_dict:542] Creating links of 0 folders took: 0.000 milliseconds.
[2025-09-05 15:19:51,156][INFO][omni.repo.man.fileutils.copy_and_link_using_dict:532] Copy of 9 files took: 5.000 milliseconds.
[2025-09-05 15:19:51,166][INFO][omni.repo.man.fileutils.copy_and_link_using_dict:542] Creating links of 13 folders took: 10.017 milliseconds.
[2025-09-05 15:19:54,102][INFO][omni.repo.man.entry.run:133] Running repo tool: repo_launch@None. args: ['launch']
[2025-09-05 15:22:29,514][INFO][omni.repo.man.entry.run:133] Running repo tool: repo_build@1.13.2. args: ['build']
[2025-09-05 15:22:29,515][INFO][omni.repo.man.configuration.set_token:231] Token: 'platform_target' set to 'windows-x86_64'
[2025-09-05 15:22:29,515][INFO][omni.repo.man.configuration.set_token:231] Token: 'platform_target_abi' set to 'windows-x86_64'
[2025-09-05 15:22:29,515][INFO][omni.repo.man.utils.run_process:241] running process: powershell -Command "New-Item -ItemType Directory -Path C:/projects/kit-app-template/source/apps -ErrorAction SilentlyContinue" ; "Write-Host 'Done'"
[2025-09-05 15:22:29,751][INFO][omni.repo.build.dependencies.pull_files:275] Skipping project file (doesn't exist): C:/projects/kit-app-template/deps/host-deps.packman.xml
[2025-09-05 15:22:29,759][INFO][omni.repo.man.utils.run_process:241] running process: C:/projects/kit-app-template/repo.bat precache_exts -c release
[2025-09-05 15:22:30,627][INFO][omni.repo.man.entry.run:133] Running repo tool: repo_precache_exts@None. args: ['precache_exts', '-c', 'release']
[2025-09-05 15:22:30,629][INFO][omni.repo.precache_exts.run:315] precaching app: C:\projects\kit-app-template\source\apps\my_company.my_editor.kit
[2025-09-05 15:22:30,629][INFO][omni.repo.man.utils.run_process:241] running process: C:\projects\kit-app-template\_build\windows-x86_64\release\kit\kit.exe C:\projects\kit-app-template\source\apps\my_company.my_editor.kit --allow-root --portable --ext-precache-mode --/crashreporter/gatherUserStory=0 --/app/settings/persistent=0 --/app/settings/loadUserConfig=0 --/app/extensions/generateVersionLock=1 --/app/extensions/parallelPullEnabled=1 --/app/enableStdoutOutput=1 --/app/extensions/detailedSolverExplanation=1 --/app/extensions/registryEnabled=1 --/app/extensions/mkdirExtFolders=0 --/app/extensions/registryCacheFull='C:\projects\kit-app-template\_build\windows-x86_64\release\extscache' --/log/flushStandardStreamOutput=1 --/exts/omni.kit.registry.nucleus/registries/0/name=\"kit/default\" --/exts/omni.kit.registry.nucleus/registries/0/url=\"https://ovextensionsprod.blob.core.windows.net/exts/kit/prod/${kit_version_major}/shared\" --/exts/omni.kit.registry.nucleus/registries/1/name=\"kit/sdk\" --/exts/omni.kit.registry.nucleus/registries/1/url=\"https://ovextensionsprod.blob.core.windows.net/exts/kit/prod/sdk/${kit_version_short}/${kit_git_hash}\" --/exts/omni.kit.registry.nucleus/registries/2/name=\"kit/community\" --/exts/omni.kit.registry.nucleus/registries/2/url=\"https://dw290v42wisod.cloudfront.net/exts/kit/community\" --/app/extensions/target/config=release --ext-folder C:\projects\kit-app-template\source\extensions --ext-folder C:\projects\kit-app-template\source\apps --portable-root C:/projects/kit-app-template/_build/windows-x86_64/release --/app/extensions/generateVersionLockSkipLocalExts=1
[2025-09-05 15:22:30,941][INFO][omni.repo.build.pippull.pull_pip_dependencies:403] Skip pip pull of because is most recent config (['C:/projects/kit-app-template/tools/deps/pip.toml']) is older than 'C:/projects/kit-app-template/_build\.lastpippull'.
[2025-09-05 15:22:30,941][INFO][omni.repo.build.build.generate_projects:263] generating project from: C:/projects/kit-app-template/premake5.lua
[2025-09-05 15:22:30,941][INFO][omni.repo.man.utils.run_process:241] running process: C:/projects/kit-app-template/_build/host-deps\premake\bin\premake5.exe --file=C:/projects/kit-app-template/premake5.lua no-compile --platform-host=windows-x86_64 --scripts=C:\packman-repo\chk\repo_build\1.13.2\lua --platform-target=windows-x86_64 --linux-x86_64-cxx11-abi=True --solution-name=kit-app-template
[2025-09-05 15:22:31,826][INFO][omni.repo.man.entry.run:133] Running repo tool: repo_kit_pull_extensions@1.10.0. args: ['pull_extensions', 'setup']
[2025-09-05 15:22:31,827][INFO][omni.repo.man.configuration.set_token:231] Token: 'config' set to 'debug'
[2025-09-05 15:22:31,830][INFO][omni.repo.man.configuration.set_token:231] Token: 'config' set to 'release'
[2025-09-05 15:22:32,696][INFO][omni.repo.man.entry.run:133] Running repo tool: repo_build_number@1.88.2. args: ['build_number', '-o', 'c:/projects/kit-app-template/_build/windows-x86_64/debug/VERSION']
[2025-09-05 15:22:32,696][INFO][omni.repo.man.nvenv.get_git_hash:352] Getting Git hash for directory c:\projects\kit-app-template
[2025-09-05 15:22:32,696][INFO][omni.repo.man.nvenv.find_git_path:186] Searching for the location of Git
[2025-09-05 15:22:32,698][INFO][omni.repo.man.nvenv.find_git_path:201] Git 2.28.0-windows-x86_64 fetched by packman
[2025-09-05 15:22:32,698][INFO][omni.repo.man.nvenv.find_git_path:249] Git location: C:/packman-repo/chk/git/2.28.0-windows-x86_64\bin/git.exe
[2025-09-05 15:22:32,698][INFO][omni.repo.man.utils.run_process_return_output:301] running process: C:/packman-repo/chk/git/2.28.0-windows-x86_64\bin/git.exe rev-parse --git-dir
[2025-09-05 15:22:32,739][INFO][omni.repo.man.nvenv.execute_git:284] Calling Git with args: "rev-parse --short=8 HEAD". Try: 1. cwd: 'c:\projects\kit-app-template'
[2025-09-05 15:22:32,771][INFO][omni.repo.man.nvenv.execute_git:295] git call result:
	return code:0
	stdout: 72a92618

	stderr: 
[2025-09-05 15:22:32,771][INFO][omni.repo.man.utils.run_process_return_output:301] running process: C:/packman-repo/chk/git/2.28.0-windows-x86_64\bin/git.exe rev-parse --git-dir
[2025-09-05 15:22:32,799][INFO][omni.repo.man.nvenv.execute_git:284] Calling Git with args: "rev-parse --abbrev-ref HEAD". Try: 1. cwd: 'c:\projects\kit-app-template'
[2025-09-05 15:22:32,831][INFO][omni.repo.man.nvenv.execute_git:295] git call result:
	return code:0
	stdout: main

	stderr: 
[2025-09-05 15:22:32,831][INFO][omni.repo.man.build_number.print_log:182] Build number: '108.0+main.0.72a92618.local'
[2025-09-05 15:22:32,834][INFO][omni.repo.man.build_number.print_log:182] Written to file: 'c:\projects\kit-app-template\_build\windows-x86_64\debug\VERSION'
[2025-09-05 15:22:33,699][INFO][omni.repo.man.entry.run:133] Running repo tool: repo_build_number@1.88.2. args: ['build_number', '-o', 'c:/projects/kit-app-template/_build/windows-x86_64/release/VERSION']
[2025-09-05 15:22:33,699][INFO][omni.repo.man.nvenv.get_git_hash:352] Getting Git hash for directory c:\projects\kit-app-template
[2025-09-05 15:22:33,699][INFO][omni.repo.man.nvenv.find_git_path:186] Searching for the location of Git
[2025-09-05 15:22:33,700][INFO][omni.repo.man.nvenv.find_git_path:201] Git 2.28.0-windows-x86_64 fetched by packman
[2025-09-05 15:22:33,701][INFO][omni.repo.man.nvenv.find_git_path:249] Git location: C:/packman-repo/chk/git/2.28.0-windows-x86_64\bin/git.exe
[2025-09-05 15:22:33,701][INFO][omni.repo.man.utils.run_process_return_output:301] running process: C:/packman-repo/chk/git/2.28.0-windows-x86_64\bin/git.exe rev-parse --git-dir
[2025-09-05 15:22:33,738][INFO][omni.repo.man.nvenv.execute_git:284] Calling Git with args: "rev-parse --short=8 HEAD". Try: 1. cwd: 'c:\projects\kit-app-template'
[2025-09-05 15:22:33,768][INFO][omni.repo.man.nvenv.execute_git:295] git call result:
	return code:0
	stdout: 72a92618

	stderr: 
[2025-09-05 15:22:33,769][INFO][omni.repo.man.utils.run_process_return_output:301] running process: C:/packman-repo/chk/git/2.28.0-windows-x86_64\bin/git.exe rev-parse --git-dir
[2025-09-05 15:22:33,800][INFO][omni.repo.man.nvenv.execute_git:284] Calling Git with args: "rev-parse --abbrev-ref HEAD". Try: 1. cwd: 'c:\projects\kit-app-template'
[2025-09-05 15:22:33,833][INFO][omni.repo.man.nvenv.execute_git:295] git call result:
	return code:0
	stdout: main

	stderr: 
[2025-09-05 15:22:33,833][INFO][omni.repo.man.build_number.print_log:182] Build number: '108.0+main.0.72a92618.local'
[2025-09-05 15:22:33,836][INFO][omni.repo.man.build_number.print_log:182] Written to file: 'c:\projects\kit-app-template\_build\windows-x86_64\release\VERSION'
[2025-09-05 15:22:33,903][INFO][omni.repo.man.fileutils.copy_and_link_using_dict:532] Copy of 0 files took: 0.000 milliseconds.
[2025-09-05 15:22:33,903][INFO][omni.repo.man.fileutils.copy_and_link_using_dict:542] Creating links of 0 folders took: 0.000 milliseconds.
[2025-09-05 15:22:33,908][INFO][omni.repo.man.fileutils.copy_and_link_using_dict:532] Copy of 9 files took: 4.001 milliseconds.
[2025-09-05 15:22:33,917][INFO][omni.repo.man.fileutils.copy_and_link_using_dict:542] Creating links of 13 folders took: 8.164 milliseconds.
[2025-09-05 15:22:37,416][INFO][omni.repo.man.entry.run:133] Running repo tool: repo_launch@None. args: ['launch']
[2025-09-05 15:27:17,080][INFO][omni.repo.man.entry.run:133] Running repo tool: repo_build@1.13.2. args: ['build']
[2025-09-05 15:27:17,080][INFO][omni.repo.man.configuration.set_token:231] Token: 'platform_target' set to 'windows-x86_64'
[2025-09-05 15:27:17,080][INFO][omni.repo.man.configuration.set_token:231] Token: 'platform_target_abi' set to 'windows-x86_64'
[2025-09-05 15:27:17,081][INFO][omni.repo.man.utils.run_process:241] running process: powershell -Command "New-Item -ItemType Directory -Path C:/projects/kit-app-template/source/apps -ErrorAction SilentlyContinue" ; "Write-Host 'Done'"
[2025-09-05 15:27:17,270][INFO][omni.repo.build.dependencies.pull_files:275] Skipping project file (doesn't exist): C:/projects/kit-app-template/deps/host-deps.packman.xml
[2025-09-05 15:27:17,277][INFO][omni.repo.man.utils.run_process:241] running process: C:/projects/kit-app-template/repo.bat precache_exts -c release
[2025-09-05 15:27:18,115][INFO][omni.repo.man.entry.run:133] Running repo tool: repo_precache_exts@None. args: ['precache_exts', '-c', 'release']
[2025-09-05 15:27:18,117][INFO][omni.repo.precache_exts.run:315] precaching app: C:\projects\kit-app-template\source\apps\my_company.my_editor.kit
[2025-09-05 15:27:18,118][INFO][omni.repo.man.utils.run_process:241] running process: C:\projects\kit-app-template\_build\windows-x86_64\release\kit\kit.exe C:\projects\kit-app-template\source\apps\my_company.my_editor.kit --allow-root --portable --ext-precache-mode --/crashreporter/gatherUserStory=0 --/app/settings/persistent=0 --/app/settings/loadUserConfig=0 --/app/extensions/generateVersionLock=1 --/app/extensions/parallelPullEnabled=1 --/app/enableStdoutOutput=1 --/app/extensions/detailedSolverExplanation=1 --/app/extensions/registryEnabled=1 --/app/extensions/mkdirExtFolders=0 --/app/extensions/registryCacheFull='C:\projects\kit-app-template\_build\windows-x86_64\release\extscache' --/log/flushStandardStreamOutput=1 --/exts/omni.kit.registry.nucleus/registries/0/name=\"kit/default\" --/exts/omni.kit.registry.nucleus/registries/0/url=\"https://ovextensionsprod.blob.core.windows.net/exts/kit/prod/${kit_version_major}/shared\" --/exts/omni.kit.registry.nucleus/registries/1/name=\"kit/sdk\" --/exts/omni.kit.registry.nucleus/registries/1/url=\"https://ovextensionsprod.blob.core.windows.net/exts/kit/prod/sdk/${kit_version_short}/${kit_git_hash}\" --/exts/omni.kit.registry.nucleus/registries/2/name=\"kit/community\" --/exts/omni.kit.registry.nucleus/registries/2/url=\"https://dw290v42wisod.cloudfront.net/exts/kit/community\" --/app/extensions/target/config=release --ext-folder C:\projects\kit-app-template\source\extensions --ext-folder C:\projects\kit-app-template\source\apps --portable-root C:/projects/kit-app-template/_build/windows-x86_64/release --/app/extensions/generateVersionLockSkipLocalExts=1
[2025-09-05 15:27:18,445][INFO][omni.repo.build.pippull.pull_pip_dependencies:403] Skip pip pull of because is most recent config (['C:/projects/kit-app-template/tools/deps/pip.toml']) is older than 'C:/projects/kit-app-template/_build\.lastpippull'.
[2025-09-05 15:27:18,445][INFO][omni.repo.build.build.generate_projects:263] generating project from: C:/projects/kit-app-template/premake5.lua
[2025-09-05 15:27:18,445][INFO][omni.repo.man.utils.run_process:241] running process: C:/projects/kit-app-template/_build/host-deps\premake\bin\premake5.exe --file=C:/projects/kit-app-template/premake5.lua no-compile --platform-host=windows-x86_64 --scripts=C:\packman-repo\chk\repo_build\1.13.2\lua --platform-target=windows-x86_64 --linux-x86_64-cxx11-abi=True --solution-name=kit-app-template
[2025-09-05 15:27:19,349][INFO][omni.repo.man.entry.run:133] Running repo tool: repo_kit_pull_extensions@1.10.0. args: ['pull_extensions', 'setup']
[2025-09-05 15:27:19,350][INFO][omni.repo.man.configuration.set_token:231] Token: 'config' set to 'debug'
[2025-09-05 15:27:19,355][INFO][omni.repo.man.configuration.set_token:231] Token: 'config' set to 'release'
[2025-09-05 15:27:20,226][INFO][omni.repo.man.entry.run:133] Running repo tool: repo_build_number@1.88.2. args: ['build_number', '-o', 'c:/projects/kit-app-template/_build/windows-x86_64/debug/VERSION']
[2025-09-05 15:27:20,227][INFO][omni.repo.man.nvenv.get_git_hash:352] Getting Git hash for directory c:\projects\kit-app-template
[2025-09-05 15:27:20,227][INFO][omni.repo.man.nvenv.find_git_path:186] Searching for the location of Git
[2025-09-05 15:27:20,228][INFO][omni.repo.man.nvenv.find_git_path:201] Git 2.28.0-windows-x86_64 fetched by packman
[2025-09-05 15:27:20,228][INFO][omni.repo.man.nvenv.find_git_path:249] Git location: C:/packman-repo/chk/git/2.28.0-windows-x86_64\bin/git.exe
[2025-09-05 15:27:20,228][INFO][omni.repo.man.utils.run_process_return_output:301] running process: C:/packman-repo/chk/git/2.28.0-windows-x86_64\bin/git.exe rev-parse --git-dir
[2025-09-05 15:27:20,323][INFO][omni.repo.man.nvenv.execute_git:284] Calling Git with args: "rev-parse --short=8 HEAD". Try: 1. cwd: 'c:\projects\kit-app-template'
[2025-09-05 15:27:20,354][INFO][omni.repo.man.nvenv.execute_git:295] git call result:
	return code:0
	stdout: 72a92618

	stderr: 
[2025-09-05 15:27:20,354][INFO][omni.repo.man.utils.run_process_return_output:301] running process: C:/packman-repo/chk/git/2.28.0-windows-x86_64\bin/git.exe rev-parse --git-dir
[2025-09-05 15:27:20,384][INFO][omni.repo.man.nvenv.execute_git:284] Calling Git with args: "rev-parse --abbrev-ref HEAD". Try: 1. cwd: 'c:\projects\kit-app-template'
[2025-09-05 15:27:20,415][INFO][omni.repo.man.nvenv.execute_git:295] git call result:
	return code:0
	stdout: main

	stderr: 
[2025-09-05 15:27:20,415][INFO][omni.repo.man.build_number.print_log:182] Build number: '108.0+main.0.72a92618.local'
[2025-09-05 15:27:20,417][INFO][omni.repo.man.build_number.print_log:182] Written to file: 'c:\projects\kit-app-template\_build\windows-x86_64\debug\VERSION'
[2025-09-05 15:27:21,280][INFO][omni.repo.man.entry.run:133] Running repo tool: repo_build_number@1.88.2. args: ['build_number', '-o', 'c:/projects/kit-app-template/_build/windows-x86_64/release/VERSION']
[2025-09-05 15:27:21,281][INFO][omni.repo.man.nvenv.get_git_hash:352] Getting Git hash for directory c:\projects\kit-app-template
[2025-09-05 15:27:21,281][INFO][omni.repo.man.nvenv.find_git_path:186] Searching for the location of Git
[2025-09-05 15:27:21,282][INFO][omni.repo.man.nvenv.find_git_path:201] Git 2.28.0-windows-x86_64 fetched by packman
[2025-09-05 15:27:21,282][INFO][omni.repo.man.nvenv.find_git_path:249] Git location: C:/packman-repo/chk/git/2.28.0-windows-x86_64\bin/git.exe
[2025-09-05 15:27:21,282][INFO][omni.repo.man.utils.run_process_return_output:301] running process: C:/packman-repo/chk/git/2.28.0-windows-x86_64\bin/git.exe rev-parse --git-dir
[2025-09-05 15:27:21,317][INFO][omni.repo.man.nvenv.execute_git:284] Calling Git with args: "rev-parse --short=8 HEAD". Try: 1. cwd: 'c:\projects\kit-app-template'
[2025-09-05 15:27:21,352][INFO][omni.repo.man.nvenv.execute_git:295] git call result:
	return code:0
	stdout: 72a92618

	stderr: 
[2025-09-05 15:27:21,353][INFO][omni.repo.man.utils.run_process_return_output:301] running process: C:/packman-repo/chk/git/2.28.0-windows-x86_64\bin/git.exe rev-parse --git-dir
[2025-09-05 15:27:21,380][INFO][omni.repo.man.nvenv.execute_git:284] Calling Git with args: "rev-parse --abbrev-ref HEAD". Try: 1. cwd: 'c:\projects\kit-app-template'
[2025-09-05 15:27:21,409][INFO][omni.repo.man.nvenv.execute_git:295] git call result:
	return code:0
	stdout: main

	stderr: 
[2025-09-05 15:27:21,409][INFO][omni.repo.man.build_number.print_log:182] Build number: '108.0+main.0.72a92618.local'
[2025-09-05 15:27:21,411][INFO][omni.repo.man.build_number.print_log:182] Written to file: 'c:\projects\kit-app-template\_build\windows-x86_64\release\VERSION'
[2025-09-05 15:27:21,492][INFO][omni.repo.man.fileutils.copy_and_link_using_dict:532] Copy of 0 files took: 0.000 milliseconds.
[2025-09-05 15:27:21,492][INFO][omni.repo.man.fileutils.copy_and_link_using_dict:542] Creating links of 0 folders took: 0.000 milliseconds.
[2025-09-05 15:27:21,498][INFO][omni.repo.man.fileutils.copy_and_link_using_dict:532] Copy of 9 files took: 5.008 milliseconds.
[2025-09-05 15:27:21,508][INFO][omni.repo.man.fileutils.copy_and_link_using_dict:542] Creating links of 13 folders took: 10.000 milliseconds.
[2025-09-05 15:27:24,944][INFO][omni.repo.man.entry.run:133] Running repo tool: repo_launch@None. args: ['launch']
[2025-09-05 15:34:37,481][INFO][omni.repo.man.entry.run:133] Running repo tool: repo_build@1.13.2. args: ['build']
[2025-09-05 15:34:37,481][INFO][omni.repo.man.configuration.set_token:231] Token: 'platform_target' set to 'windows-x86_64'
[2025-09-05 15:34:37,481][INFO][omni.repo.man.configuration.set_token:231] Token: 'platform_target_abi' set to 'windows-x86_64'
[2025-09-05 15:34:37,482][INFO][omni.repo.man.utils.run_process:241] running process: powershell -Command "New-Item -ItemType Directory -Path C:/projects/kit-app-template/source/apps -ErrorAction SilentlyContinue" ; "Write-Host 'Done'"
[2025-09-05 15:34:37,686][INFO][omni.repo.build.dependencies.pull_files:275] Skipping project file (doesn't exist): C:/projects/kit-app-template/deps/host-deps.packman.xml
[2025-09-05 15:34:37,694][INFO][omni.repo.man.utils.run_process:241] running process: C:/projects/kit-app-template/repo.bat precache_exts -c release
[2025-09-05 15:34:38,509][INFO][omni.repo.man.entry.run:133] Running repo tool: repo_precache_exts@None. args: ['precache_exts', '-c', 'release']
[2025-09-05 15:34:38,510][INFO][omni.repo.precache_exts.run:315] precaching app: C:\projects\kit-app-template\source\apps\my_company.my_editor.kit
[2025-09-05 15:34:38,511][INFO][omni.repo.man.utils.run_process:241] running process: C:\projects\kit-app-template\_build\windows-x86_64\release\kit\kit.exe C:\projects\kit-app-template\source\apps\my_company.my_editor.kit --allow-root --portable --ext-precache-mode --/crashreporter/gatherUserStory=0 --/app/settings/persistent=0 --/app/settings/loadUserConfig=0 --/app/extensions/generateVersionLock=1 --/app/extensions/parallelPullEnabled=1 --/app/enableStdoutOutput=1 --/app/extensions/detailedSolverExplanation=1 --/app/extensions/registryEnabled=1 --/app/extensions/mkdirExtFolders=0 --/app/extensions/registryCacheFull='C:\projects\kit-app-template\_build\windows-x86_64\release\extscache' --/log/flushStandardStreamOutput=1 --/exts/omni.kit.registry.nucleus/registries/0/name=\"kit/default\" --/exts/omni.kit.registry.nucleus/registries/0/url=\"https://ovextensionsprod.blob.core.windows.net/exts/kit/prod/${kit_version_major}/shared\" --/exts/omni.kit.registry.nucleus/registries/1/name=\"kit/sdk\" --/exts/omni.kit.registry.nucleus/registries/1/url=\"https://ovextensionsprod.blob.core.windows.net/exts/kit/prod/sdk/${kit_version_short}/${kit_git_hash}\" --/exts/omni.kit.registry.nucleus/registries/2/name=\"kit/community\" --/exts/omni.kit.registry.nucleus/registries/2/url=\"https://dw290v42wisod.cloudfront.net/exts/kit/community\" --/app/extensions/target/config=release --ext-folder C:\projects\kit-app-template\source\extensions --ext-folder C:\projects\kit-app-template\source\apps --portable-root C:/projects/kit-app-template/_build/windows-x86_64/release --/app/extensions/generateVersionLockSkipLocalExts=1
[2025-09-05 15:34:38,833][INFO][omni.repo.build.pippull.pull_pip_dependencies:403] Skip pip pull of because is most recent config (['C:/projects/kit-app-template/tools/deps/pip.toml']) is older than 'C:/projects/kit-app-template/_build\.lastpippull'.
[2025-09-05 15:34:38,833][INFO][omni.repo.build.build.generate_projects:263] generating project from: C:/projects/kit-app-template/premake5.lua
[2025-09-05 15:34:38,833][INFO][omni.repo.man.utils.run_process:241] running process: C:/projects/kit-app-template/_build/host-deps\premake\bin\premake5.exe --file=C:/projects/kit-app-template/premake5.lua no-compile --platform-host=windows-x86_64 --scripts=C:\packman-repo\chk\repo_build\1.13.2\lua --platform-target=windows-x86_64 --linux-x86_64-cxx11-abi=True --solution-name=kit-app-template
[2025-09-05 15:34:39,733][INFO][omni.repo.man.entry.run:133] Running repo tool: repo_kit_pull_extensions@1.10.0. args: ['pull_extensions', 'setup']
[2025-09-05 15:34:39,734][INFO][omni.repo.man.configuration.set_token:231] Token: 'config' set to 'debug'
[2025-09-05 15:34:39,736][INFO][omni.repo.man.configuration.set_token:231] Token: 'config' set to 'release'
[2025-09-05 15:34:40,621][INFO][omni.repo.man.entry.run:133] Running repo tool: repo_build_number@1.88.2. args: ['build_number', '-o', 'c:/projects/kit-app-template/_build/windows-x86_64/debug/VERSION']
[2025-09-05 15:34:40,622][INFO][omni.repo.man.nvenv.get_git_hash:352] Getting Git hash for directory c:\projects\kit-app-template
[2025-09-05 15:34:40,622][INFO][omni.repo.man.nvenv.find_git_path:186] Searching for the location of Git
[2025-09-05 15:34:40,623][INFO][omni.repo.man.nvenv.find_git_path:201] Git 2.28.0-windows-x86_64 fetched by packman
[2025-09-05 15:34:40,623][INFO][omni.repo.man.nvenv.find_git_path:249] Git location: C:/packman-repo/chk/git/2.28.0-windows-x86_64\bin/git.exe
[2025-09-05 15:34:40,623][INFO][omni.repo.man.utils.run_process_return_output:301] running process: C:/packman-repo/chk/git/2.28.0-windows-x86_64\bin/git.exe rev-parse --git-dir
[2025-09-05 15:34:40,708][INFO][omni.repo.man.nvenv.execute_git:284] Calling Git with args: "rev-parse --short=8 HEAD". Try: 1. cwd: 'c:\projects\kit-app-template'
[2025-09-05 15:34:40,741][INFO][omni.repo.man.nvenv.execute_git:295] git call result:
	return code:0
	stdout: 72a92618

	stderr: 
[2025-09-05 15:34:40,743][INFO][omni.repo.man.utils.run_process_return_output:301] running process: C:/packman-repo/chk/git/2.28.0-windows-x86_64\bin/git.exe rev-parse --git-dir
[2025-09-05 15:34:40,769][INFO][omni.repo.man.nvenv.execute_git:284] Calling Git with args: "rev-parse --abbrev-ref HEAD". Try: 1. cwd: 'c:\projects\kit-app-template'
[2025-09-05 15:34:40,798][INFO][omni.repo.man.nvenv.execute_git:295] git call result:
	return code:0
	stdout: main

	stderr: 
[2025-09-05 15:34:40,799][INFO][omni.repo.man.build_number.print_log:182] Build number: '108.0+main.0.72a92618.local'
[2025-09-05 15:34:40,801][INFO][omni.repo.man.build_number.print_log:182] Written to file: 'c:\projects\kit-app-template\_build\windows-x86_64\debug\VERSION'
[2025-09-05 15:34:41,669][INFO][omni.repo.man.entry.run:133] Running repo tool: repo_build_number@1.88.2. args: ['build_number', '-o', 'c:/projects/kit-app-template/_build/windows-x86_64/release/VERSION']
[2025-09-05 15:34:41,669][INFO][omni.repo.man.nvenv.get_git_hash:352] Getting Git hash for directory c:\projects\kit-app-template
[2025-09-05 15:34:41,669][INFO][omni.repo.man.nvenv.find_git_path:186] Searching for the location of Git
[2025-09-05 15:34:41,671][INFO][omni.repo.man.nvenv.find_git_path:201] Git 2.28.0-windows-x86_64 fetched by packman
[2025-09-05 15:34:41,671][INFO][omni.repo.man.nvenv.find_git_path:249] Git location: C:/packman-repo/chk/git/2.28.0-windows-x86_64\bin/git.exe
[2025-09-05 15:34:41,671][INFO][omni.repo.man.utils.run_process_return_output:301] running process: C:/packman-repo/chk/git/2.28.0-windows-x86_64\bin/git.exe rev-parse --git-dir
[2025-09-05 15:34:41,704][INFO][omni.repo.man.nvenv.execute_git:284] Calling Git with args: "rev-parse --short=8 HEAD". Try: 1. cwd: 'c:\projects\kit-app-template'
[2025-09-05 15:34:41,744][INFO][omni.repo.man.nvenv.execute_git:295] git call result:
	return code:0
	stdout: 72a92618

	stderr: 
[2025-09-05 15:34:41,744][INFO][omni.repo.man.utils.run_process_return_output:301] running process: C:/packman-repo/chk/git/2.28.0-windows-x86_64\bin/git.exe rev-parse --git-dir
[2025-09-05 15:34:41,770][INFO][omni.repo.man.nvenv.execute_git:284] Calling Git with args: "rev-parse --abbrev-ref HEAD". Try: 1. cwd: 'c:\projects\kit-app-template'
[2025-09-05 15:34:41,801][INFO][omni.repo.man.nvenv.execute_git:295] git call result:
	return code:0
	stdout: main

	stderr: 
[2025-09-05 15:34:41,801][INFO][omni.repo.man.build_number.print_log:182] Build number: '108.0+main.0.72a92618.local'
[2025-09-05 15:34:41,803][INFO][omni.repo.man.build_number.print_log:182] Written to file: 'c:\projects\kit-app-template\_build\windows-x86_64\release\VERSION'
[2025-09-05 15:34:41,872][INFO][omni.repo.man.fileutils.copy_and_link_using_dict:532] Copy of 0 files took: 0.000 milliseconds.
[2025-09-05 15:34:41,873][INFO][omni.repo.man.fileutils.copy_and_link_using_dict:542] Creating links of 0 folders took: 0.000 milliseconds.
[2025-09-05 15:34:41,882][INFO][omni.repo.man.fileutils.copy_and_link_using_dict:532] Copy of 9 files took: 6.512 milliseconds.
[2025-09-05 15:34:41,887][INFO][omni.repo.man.fileutils.copy_and_link_using_dict:542] Creating links of 13 folders took: 5.007 milliseconds.
[2025-09-05 15:34:47,271][INFO][omni.repo.man.entry.run:133] Running repo tool: repo_launch@None. args: ['launch']
[2025-09-05 15:40:03,534][INFO][omni.repo.man.entry.run:133] Running repo tool: repo_build@1.13.2. args: ['build']
[2025-09-05 15:40:03,535][INFO][omni.repo.man.configuration.set_token:231] Token: 'platform_target' set to 'windows-x86_64'
[2025-09-05 15:40:03,535][INFO][omni.repo.man.configuration.set_token:231] Token: 'platform_target_abi' set to 'windows-x86_64'
[2025-09-05 15:40:03,535][INFO][omni.repo.man.utils.run_process:241] running process: powershell -Command "New-Item -ItemType Directory -Path C:/projects/kit-app-template/source/apps -ErrorAction SilentlyContinue" ; "Write-Host 'Done'"
[2025-09-05 15:40:03,725][INFO][omni.repo.build.dependencies.pull_files:275] Skipping project file (doesn't exist): C:/projects/kit-app-template/deps/host-deps.packman.xml
[2025-09-05 15:40:03,733][INFO][omni.repo.man.utils.run_process:241] running process: C:/projects/kit-app-template/repo.bat precache_exts -c release
[2025-09-05 15:40:04,552][INFO][omni.repo.man.entry.run:133] Running repo tool: repo_precache_exts@None. args: ['precache_exts', '-c', 'release']
[2025-09-05 15:40:04,554][INFO][omni.repo.precache_exts.run:315] precaching app: C:\projects\kit-app-template\source\apps\my_company.my_editor.kit
[2025-09-05 15:40:04,555][INFO][omni.repo.man.utils.run_process:241] running process: C:\projects\kit-app-template\_build\windows-x86_64\release\kit\kit.exe C:\projects\kit-app-template\source\apps\my_company.my_editor.kit --allow-root --portable --ext-precache-mode --/crashreporter/gatherUserStory=0 --/app/settings/persistent=0 --/app/settings/loadUserConfig=0 --/app/extensions/generateVersionLock=1 --/app/extensions/parallelPullEnabled=1 --/app/enableStdoutOutput=1 --/app/extensions/detailedSolverExplanation=1 --/app/extensions/registryEnabled=1 --/app/extensions/mkdirExtFolders=0 --/app/extensions/registryCacheFull='C:\projects\kit-app-template\_build\windows-x86_64\release\extscache' --/log/flushStandardStreamOutput=1 --/exts/omni.kit.registry.nucleus/registries/0/name=\"kit/default\" --/exts/omni.kit.registry.nucleus/registries/0/url=\"https://ovextensionsprod.blob.core.windows.net/exts/kit/prod/${kit_version_major}/shared\" --/exts/omni.kit.registry.nucleus/registries/1/name=\"kit/sdk\" --/exts/omni.kit.registry.nucleus/registries/1/url=\"https://ovextensionsprod.blob.core.windows.net/exts/kit/prod/sdk/${kit_version_short}/${kit_git_hash}\" --/exts/omni.kit.registry.nucleus/registries/2/name=\"kit/community\" --/exts/omni.kit.registry.nucleus/registries/2/url=\"https://dw290v42wisod.cloudfront.net/exts/kit/community\" --/app/extensions/target/config=release --ext-folder C:\projects\kit-app-template\source\extensions --ext-folder C:\projects\kit-app-template\source\apps --portable-root C:/projects/kit-app-template/_build/windows-x86_64/release --/app/extensions/generateVersionLockSkipLocalExts=1
[2025-09-05 15:40:04,868][INFO][omni.repo.build.pippull.pull_pip_dependencies:403] Skip pip pull of because is most recent config (['C:/projects/kit-app-template/tools/deps/pip.toml']) is older than 'C:/projects/kit-app-template/_build\.lastpippull'.
[2025-09-05 15:40:04,868][INFO][omni.repo.build.build.generate_projects:263] generating project from: C:/projects/kit-app-template/premake5.lua
[2025-09-05 15:40:04,868][INFO][omni.repo.man.utils.run_process:241] running process: C:/projects/kit-app-template/_build/host-deps\premake\bin\premake5.exe --file=C:/projects/kit-app-template/premake5.lua no-compile --platform-host=windows-x86_64 --scripts=C:\packman-repo\chk\repo_build\1.13.2\lua --platform-target=windows-x86_64 --linux-x86_64-cxx11-abi=True --solution-name=kit-app-template
[2025-09-05 15:40:05,759][INFO][omni.repo.man.entry.run:133] Running repo tool: repo_kit_pull_extensions@1.10.0. args: ['pull_extensions', 'setup']
[2025-09-05 15:40:05,760][INFO][omni.repo.man.configuration.set_token:231] Token: 'config' set to 'debug'
[2025-09-05 15:40:05,762][INFO][omni.repo.man.configuration.set_token:231] Token: 'config' set to 'release'
[2025-09-05 15:40:06,610][INFO][omni.repo.man.entry.run:133] Running repo tool: repo_build_number@1.88.2. args: ['build_number', '-o', 'c:/projects/kit-app-template/_build/windows-x86_64/debug/VERSION']
[2025-09-05 15:40:06,610][INFO][omni.repo.man.nvenv.get_git_hash:352] Getting Git hash for directory c:\projects\kit-app-template
[2025-09-05 15:40:06,610][INFO][omni.repo.man.nvenv.find_git_path:186] Searching for the location of Git
[2025-09-05 15:40:06,611][INFO][omni.repo.man.nvenv.find_git_path:201] Git 2.28.0-windows-x86_64 fetched by packman
[2025-09-05 15:40:06,611][INFO][omni.repo.man.nvenv.find_git_path:249] Git location: C:/packman-repo/chk/git/2.28.0-windows-x86_64\bin/git.exe
[2025-09-05 15:40:06,612][INFO][omni.repo.man.utils.run_process_return_output:301] running process: C:/packman-repo/chk/git/2.28.0-windows-x86_64\bin/git.exe rev-parse --git-dir
[2025-09-05 15:40:06,912][INFO][omni.repo.man.nvenv.execute_git:284] Calling Git with args: "rev-parse --short=8 HEAD". Try: 1. cwd: 'c:\projects\kit-app-template'
[2025-09-05 15:40:06,945][INFO][omni.repo.man.nvenv.execute_git:295] git call result:
	return code:0
	stdout: 72a92618

	stderr: 
[2025-09-05 15:40:06,945][INFO][omni.repo.man.utils.run_process_return_output:301] running process: C:/packman-repo/chk/git/2.28.0-windows-x86_64\bin/git.exe rev-parse --git-dir
[2025-09-05 15:40:06,973][INFO][omni.repo.man.nvenv.execute_git:284] Calling Git with args: "rev-parse --abbrev-ref HEAD". Try: 1. cwd: 'c:\projects\kit-app-template'
[2025-09-05 15:40:07,003][INFO][omni.repo.man.nvenv.execute_git:295] git call result:
	return code:0
	stdout: main

	stderr: 
[2025-09-05 15:40:07,004][INFO][omni.repo.man.build_number.print_log:182] Build number: '108.0+main.0.72a92618.local'
[2025-09-05 15:40:07,006][INFO][omni.repo.man.build_number.print_log:182] Written to file: 'c:\projects\kit-app-template\_build\windows-x86_64\debug\VERSION'
[2025-09-05 15:40:07,858][INFO][omni.repo.man.entry.run:133] Running repo tool: repo_build_number@1.88.2. args: ['build_number', '-o', 'c:/projects/kit-app-template/_build/windows-x86_64/release/VERSION']
[2025-09-05 15:40:07,859][INFO][omni.repo.man.nvenv.get_git_hash:352] Getting Git hash for directory c:\projects\kit-app-template
[2025-09-05 15:40:07,859][INFO][omni.repo.man.nvenv.find_git_path:186] Searching for the location of Git
[2025-09-05 15:40:07,860][INFO][omni.repo.man.nvenv.find_git_path:201] Git 2.28.0-windows-x86_64 fetched by packman
[2025-09-05 15:40:07,860][INFO][omni.repo.man.nvenv.find_git_path:249] Git location: C:/packman-repo/chk/git/2.28.0-windows-x86_64\bin/git.exe
[2025-09-05 15:40:07,860][INFO][omni.repo.man.utils.run_process_return_output:301] running process: C:/packman-repo/chk/git/2.28.0-windows-x86_64\bin/git.exe rev-parse --git-dir
[2025-09-05 15:40:07,891][INFO][omni.repo.man.nvenv.execute_git:284] Calling Git with args: "rev-parse --short=8 HEAD". Try: 1. cwd: 'c:\projects\kit-app-template'
[2025-09-05 15:40:07,923][INFO][omni.repo.man.nvenv.execute_git:295] git call result:
	return code:0
	stdout: 72a92618

	stderr: 
[2025-09-05 15:40:07,923][INFO][omni.repo.man.utils.run_process_return_output:301] running process: C:/packman-repo/chk/git/2.28.0-windows-x86_64\bin/git.exe rev-parse --git-dir
[2025-09-05 15:40:07,953][INFO][omni.repo.man.nvenv.execute_git:284] Calling Git with args: "rev-parse --abbrev-ref HEAD". Try: 1. cwd: 'c:\projects\kit-app-template'
[2025-09-05 15:40:07,987][INFO][omni.repo.man.nvenv.execute_git:295] git call result:
	return code:0
	stdout: main

	stderr: 
[2025-09-05 15:40:07,987][INFO][omni.repo.man.build_number.print_log:182] Build number: '108.0+main.0.72a92618.local'
[2025-09-05 15:40:07,989][INFO][omni.repo.man.build_number.print_log:182] Written to file: 'c:\projects\kit-app-template\_build\windows-x86_64\release\VERSION'
[2025-09-05 15:40:08,067][INFO][omni.repo.man.fileutils.copy_and_link_using_dict:532] Copy of 0 files took: 0.000 milliseconds.
[2025-09-05 15:40:08,067][INFO][omni.repo.man.fileutils.copy_and_link_using_dict:542] Creating links of 0 folders took: 0.000 milliseconds.
[2025-09-05 15:40:08,073][INFO][omni.repo.man.fileutils.copy_and_link_using_dict:532] Copy of 9 files took: 4.992 milliseconds.
[2025-09-05 15:40:08,085][INFO][omni.repo.man.fileutils.copy_and_link_using_dict:542] Creating links of 13 folders took: 10.001 milliseconds.
[2025-09-05 15:40:10,595][INFO][omni.repo.man.entry.run:133] Running repo tool: repo_launch@None. args: ['launch']
[2025-09-05 15:44:12,274][INFO][omni.repo.man.entry.run:133] Running repo tool: repo_build@1.13.2. args: ['build']
[2025-09-05 15:44:12,274][INFO][omni.repo.man.configuration.set_token:231] Token: 'platform_target' set to 'windows-x86_64'
[2025-09-05 15:44:12,274][INFO][omni.repo.man.configuration.set_token:231] Token: 'platform_target_abi' set to 'windows-x86_64'
[2025-09-05 15:44:12,275][INFO][omni.repo.man.utils.run_process:241] running process: powershell -Command "New-Item -ItemType Directory -Path C:/projects/kit-app-template/source/apps -ErrorAction SilentlyContinue" ; "Write-Host 'Done'"
[2025-09-05 15:44:12,446][INFO][omni.repo.build.dependencies.pull_files:275] Skipping project file (doesn't exist): C:/projects/kit-app-template/deps/host-deps.packman.xml
[2025-09-05 15:44:12,456][INFO][omni.repo.man.utils.run_process:241] running process: C:/projects/kit-app-template/repo.bat precache_exts -c release
[2025-09-05 15:44:13,241][INFO][omni.repo.man.entry.run:133] Running repo tool: repo_precache_exts@None. args: ['precache_exts', '-c', 'release']
[2025-09-05 15:44:13,243][INFO][omni.repo.precache_exts.run:315] precaching app: C:\projects\kit-app-template\source\apps\my_company.my_editor.kit
[2025-09-05 15:44:13,244][INFO][omni.repo.man.utils.run_process:241] running process: C:\projects\kit-app-template\_build\windows-x86_64\release\kit\kit.exe C:\projects\kit-app-template\source\apps\my_company.my_editor.kit --allow-root --portable --ext-precache-mode --/crashreporter/gatherUserStory=0 --/app/settings/persistent=0 --/app/settings/loadUserConfig=0 --/app/extensions/generateVersionLock=1 --/app/extensions/parallelPullEnabled=1 --/app/enableStdoutOutput=1 --/app/extensions/detailedSolverExplanation=1 --/app/extensions/registryEnabled=1 --/app/extensions/mkdirExtFolders=0 --/app/extensions/registryCacheFull='C:\projects\kit-app-template\_build\windows-x86_64\release\extscache' --/log/flushStandardStreamOutput=1 --/exts/omni.kit.registry.nucleus/registries/0/name=\"kit/default\" --/exts/omni.kit.registry.nucleus/registries/0/url=\"https://ovextensionsprod.blob.core.windows.net/exts/kit/prod/${kit_version_major}/shared\" --/exts/omni.kit.registry.nucleus/registries/1/name=\"kit/sdk\" --/exts/omni.kit.registry.nucleus/registries/1/url=\"https://ovextensionsprod.blob.core.windows.net/exts/kit/prod/sdk/${kit_version_short}/${kit_git_hash}\" --/exts/omni.kit.registry.nucleus/registries/2/name=\"kit/community\" --/exts/omni.kit.registry.nucleus/registries/2/url=\"https://dw290v42wisod.cloudfront.net/exts/kit/community\" --/app/extensions/target/config=release --ext-folder C:\projects\kit-app-template\source\extensions --ext-folder C:\projects\kit-app-template\source\apps --portable-root C:/projects/kit-app-template/_build/windows-x86_64/release --/app/extensions/generateVersionLockSkipLocalExts=1
[2025-09-05 15:44:13,563][INFO][omni.repo.build.pippull.pull_pip_dependencies:403] Skip pip pull of because is most recent config (['C:/projects/kit-app-template/tools/deps/pip.toml']) is older than 'C:/projects/kit-app-template/_build\.lastpippull'.
[2025-09-05 15:44:13,563][INFO][omni.repo.build.build.generate_projects:263] generating project from: C:/projects/kit-app-template/premake5.lua
[2025-09-05 15:44:13,563][INFO][omni.repo.man.utils.run_process:241] running process: C:/projects/kit-app-template/_build/host-deps\premake\bin\premake5.exe --file=C:/projects/kit-app-template/premake5.lua no-compile --platform-host=windows-x86_64 --scripts=C:\packman-repo\chk\repo_build\1.13.2\lua --platform-target=windows-x86_64 --linux-x86_64-cxx11-abi=True --solution-name=kit-app-template
[2025-09-05 15:44:14,436][INFO][omni.repo.man.entry.run:133] Running repo tool: repo_kit_pull_extensions@1.10.0. args: ['pull_extensions', 'setup']
[2025-09-05 15:44:14,437][INFO][omni.repo.man.configuration.set_token:231] Token: 'config' set to 'debug'
[2025-09-05 15:44:14,440][INFO][omni.repo.man.configuration.set_token:231] Token: 'config' set to 'release'
[2025-09-05 15:44:15,303][INFO][omni.repo.man.entry.run:133] Running repo tool: repo_build_number@1.88.2. args: ['build_number', '-o', 'c:/projects/kit-app-template/_build/windows-x86_64/debug/VERSION']
[2025-09-05 15:44:15,303][INFO][omni.repo.man.nvenv.get_git_hash:352] Getting Git hash for directory c:\projects\kit-app-template
[2025-09-05 15:44:15,304][INFO][omni.repo.man.nvenv.find_git_path:186] Searching for the location of Git
[2025-09-05 15:44:15,305][INFO][omni.repo.man.nvenv.find_git_path:201] Git 2.28.0-windows-x86_64 fetched by packman
[2025-09-05 15:44:15,305][INFO][omni.repo.man.nvenv.find_git_path:249] Git location: C:/packman-repo/chk/git/2.28.0-windows-x86_64\bin/git.exe
[2025-09-05 15:44:15,305][INFO][omni.repo.man.utils.run_process_return_output:301] running process: C:/packman-repo/chk/git/2.28.0-windows-x86_64\bin/git.exe rev-parse --git-dir
[2025-09-05 15:44:15,346][INFO][omni.repo.man.nvenv.execute_git:284] Calling Git with args: "rev-parse --short=8 HEAD". Try: 1. cwd: 'c:\projects\kit-app-template'
[2025-09-05 15:44:15,376][INFO][omni.repo.man.nvenv.execute_git:295] git call result:
	return code:0
	stdout: 72a92618

	stderr: 
[2025-09-05 15:44:15,377][INFO][omni.repo.man.utils.run_process_return_output:301] running process: C:/packman-repo/chk/git/2.28.0-windows-x86_64\bin/git.exe rev-parse --git-dir
[2025-09-05 15:44:15,404][INFO][omni.repo.man.nvenv.execute_git:284] Calling Git with args: "rev-parse --abbrev-ref HEAD". Try: 1. cwd: 'c:\projects\kit-app-template'
[2025-09-05 15:44:15,436][INFO][omni.repo.man.nvenv.execute_git:295] git call result:
	return code:0
	stdout: main

	stderr: 
[2025-09-05 15:44:15,437][INFO][omni.repo.man.build_number.print_log:182] Build number: '108.0+main.0.72a92618.local'
[2025-09-05 15:44:15,439][INFO][omni.repo.man.build_number.print_log:182] Written to file: 'c:\projects\kit-app-template\_build\windows-x86_64\debug\VERSION'
[2025-09-05 15:44:16,269][INFO][omni.repo.man.entry.run:133] Running repo tool: repo_build_number@1.88.2. args: ['build_number', '-o', 'c:/projects/kit-app-template/_build/windows-x86_64/release/VERSION']
[2025-09-05 15:44:16,269][INFO][omni.repo.man.nvenv.get_git_hash:352] Getting Git hash for directory c:\projects\kit-app-template
[2025-09-05 15:44:16,269][INFO][omni.repo.man.nvenv.find_git_path:186] Searching for the location of Git
[2025-09-05 15:44:16,271][INFO][omni.repo.man.nvenv.find_git_path:201] Git 2.28.0-windows-x86_64 fetched by packman
[2025-09-05 15:44:16,271][INFO][omni.repo.man.nvenv.find_git_path:249] Git location: C:/packman-repo/chk/git/2.28.0-windows-x86_64\bin/git.exe
[2025-09-05 15:44:16,271][INFO][omni.repo.man.utils.run_process_return_output:301] running process: C:/packman-repo/chk/git/2.28.0-windows-x86_64\bin/git.exe rev-parse --git-dir
[2025-09-05 15:44:16,300][INFO][omni.repo.man.nvenv.execute_git:284] Calling Git with args: "rev-parse --short=8 HEAD". Try: 1. cwd: 'c:\projects\kit-app-template'
[2025-09-05 15:44:16,331][INFO][omni.repo.man.nvenv.execute_git:295] git call result:
	return code:0
	stdout: 72a92618

	stderr: 
[2025-09-05 15:44:16,331][INFO][omni.repo.man.utils.run_process_return_output:301] running process: C:/packman-repo/chk/git/2.28.0-windows-x86_64\bin/git.exe rev-parse --git-dir
[2025-09-05 15:44:16,358][INFO][omni.repo.man.nvenv.execute_git:284] Calling Git with args: "rev-parse --abbrev-ref HEAD". Try: 1. cwd: 'c:\projects\kit-app-template'
[2025-09-05 15:44:16,388][INFO][omni.repo.man.nvenv.execute_git:295] git call result:
	return code:0
	stdout: main

	stderr: 
[2025-09-05 15:44:16,389][INFO][omni.repo.man.build_number.print_log:182] Build number: '108.0+main.0.72a92618.local'
[2025-09-05 15:44:16,391][INFO][omni.repo.man.build_number.print_log:182] Written to file: 'c:\projects\kit-app-template\_build\windows-x86_64\release\VERSION'
[2025-09-05 15:44:16,457][INFO][omni.repo.man.fileutils.copy_and_link_using_dict:532] Copy of 0 files took: 0.000 milliseconds.
[2025-09-05 15:44:16,458][INFO][omni.repo.man.fileutils.copy_and_link_using_dict:542] Creating links of 0 folders took: 0.000 milliseconds.
[2025-09-05 15:44:16,463][INFO][omni.repo.man.fileutils.copy_and_link_using_dict:532] Copy of 9 files took: 5.001 milliseconds.
[2025-09-05 15:44:16,474][INFO][omni.repo.man.fileutils.copy_and_link_using_dict:542] Creating links of 13 folders took: 10.002 milliseconds.
[2025-09-05 15:44:21,231][INFO][omni.repo.man.entry.run:133] Running repo tool: repo_launch@None. args: ['launch']
[2025-09-05 15:49:35,520][INFO][omni.repo.man.entry.run:133] Running repo tool: repo_build@1.13.2. args: ['build']
[2025-09-05 15:49:35,521][INFO][omni.repo.man.configuration.set_token:231] Token: 'platform_target' set to 'windows-x86_64'
[2025-09-05 15:49:35,521][INFO][omni.repo.man.configuration.set_token:231] Token: 'platform_target_abi' set to 'windows-x86_64'
[2025-09-05 15:49:35,521][INFO][omni.repo.man.utils.run_process:241] running process: powershell -Command "New-Item -ItemType Directory -Path C:/projects/kit-app-template/source/apps -ErrorAction SilentlyContinue" ; "Write-Host 'Done'"
[2025-09-05 15:49:35,693][INFO][omni.repo.build.dependencies.pull_files:275] Skipping project file (doesn't exist): C:/projects/kit-app-template/deps/host-deps.packman.xml
[2025-09-05 15:49:35,700][INFO][omni.repo.man.utils.run_process:241] running process: C:/projects/kit-app-template/repo.bat precache_exts -c release
[2025-09-05 15:49:36,509][INFO][omni.repo.man.entry.run:133] Running repo tool: repo_precache_exts@None. args: ['precache_exts', '-c', 'release']
[2025-09-05 15:49:36,511][INFO][omni.repo.precache_exts.run:315] precaching app: C:\projects\kit-app-template\source\apps\my_company.my_editor.kit
[2025-09-05 15:49:36,511][INFO][omni.repo.man.utils.run_process:241] running process: C:\projects\kit-app-template\_build\windows-x86_64\release\kit\kit.exe C:\projects\kit-app-template\source\apps\my_company.my_editor.kit --allow-root --portable --ext-precache-mode --/crashreporter/gatherUserStory=0 --/app/settings/persistent=0 --/app/settings/loadUserConfig=0 --/app/extensions/generateVersionLock=1 --/app/extensions/parallelPullEnabled=1 --/app/enableStdoutOutput=1 --/app/extensions/detailedSolverExplanation=1 --/app/extensions/registryEnabled=1 --/app/extensions/mkdirExtFolders=0 --/app/extensions/registryCacheFull='C:\projects\kit-app-template\_build\windows-x86_64\release\extscache' --/log/flushStandardStreamOutput=1 --/exts/omni.kit.registry.nucleus/registries/0/name=\"kit/default\" --/exts/omni.kit.registry.nucleus/registries/0/url=\"https://ovextensionsprod.blob.core.windows.net/exts/kit/prod/${kit_version_major}/shared\" --/exts/omni.kit.registry.nucleus/registries/1/name=\"kit/sdk\" --/exts/omni.kit.registry.nucleus/registries/1/url=\"https://ovextensionsprod.blob.core.windows.net/exts/kit/prod/sdk/${kit_version_short}/${kit_git_hash}\" --/exts/omni.kit.registry.nucleus/registries/2/name=\"kit/community\" --/exts/omni.kit.registry.nucleus/registries/2/url=\"https://dw290v42wisod.cloudfront.net/exts/kit/community\" --/app/extensions/target/config=release --ext-folder C:\projects\kit-app-template\source\extensions --ext-folder C:\projects\kit-app-template\source\apps --portable-root C:/projects/kit-app-template/_build/windows-x86_64/release --/app/extensions/generateVersionLockSkipLocalExts=1
[2025-09-05 15:49:36,806][INFO][omni.repo.build.pippull.pull_pip_dependencies:403] Skip pip pull of because is most recent config (['C:/projects/kit-app-template/tools/deps/pip.toml']) is older than 'C:/projects/kit-app-template/_build\.lastpippull'.
[2025-09-05 15:49:36,807][INFO][omni.repo.build.build.generate_projects:263] generating project from: C:/projects/kit-app-template/premake5.lua
[2025-09-05 15:49:36,807][INFO][omni.repo.man.utils.run_process:241] running process: C:/projects/kit-app-template/_build/host-deps\premake\bin\premake5.exe --file=C:/projects/kit-app-template/premake5.lua no-compile --platform-host=windows-x86_64 --scripts=C:\packman-repo\chk\repo_build\1.13.2\lua --platform-target=windows-x86_64 --linux-x86_64-cxx11-abi=True --solution-name=kit-app-template
[2025-09-05 15:49:37,681][INFO][omni.repo.man.entry.run:133] Running repo tool: repo_kit_pull_extensions@1.10.0. args: ['pull_extensions', 'setup']
[2025-09-05 15:49:37,682][INFO][omni.repo.man.configuration.set_token:231] Token: 'config' set to 'debug'
[2025-09-05 15:49:37,684][INFO][omni.repo.man.configuration.set_token:231] Token: 'config' set to 'release'
[2025-09-05 15:49:38,517][INFO][omni.repo.man.entry.run:133] Running repo tool: repo_build_number@1.88.2. args: ['build_number', '-o', 'c:/projects/kit-app-template/_build/windows-x86_64/debug/VERSION']
[2025-09-05 15:49:38,517][INFO][omni.repo.man.nvenv.get_git_hash:352] Getting Git hash for directory c:\projects\kit-app-template
[2025-09-05 15:49:38,517][INFO][omni.repo.man.nvenv.find_git_path:186] Searching for the location of Git
[2025-09-05 15:49:38,518][INFO][omni.repo.man.nvenv.find_git_path:201] Git 2.28.0-windows-x86_64 fetched by packman
[2025-09-05 15:49:38,519][INFO][omni.repo.man.nvenv.find_git_path:249] Git location: C:/packman-repo/chk/git/2.28.0-windows-x86_64\bin/git.exe
[2025-09-05 15:49:38,519][INFO][omni.repo.man.utils.run_process_return_output:301] running process: C:/packman-repo/chk/git/2.28.0-windows-x86_64\bin/git.exe rev-parse --git-dir
[2025-09-05 15:49:38,606][INFO][omni.repo.man.nvenv.execute_git:284] Calling Git with args: "rev-parse --short=8 HEAD". Try: 1. cwd: 'c:\projects\kit-app-template'
[2025-09-05 15:49:38,635][INFO][omni.repo.man.nvenv.execute_git:295] git call result:
	return code:0
	stdout: 72a92618

	stderr: 
[2025-09-05 15:49:38,636][INFO][omni.repo.man.utils.run_process_return_output:301] running process: C:/packman-repo/chk/git/2.28.0-windows-x86_64\bin/git.exe rev-parse --git-dir
[2025-09-05 15:49:38,663][INFO][omni.repo.man.nvenv.execute_git:284] Calling Git with args: "rev-parse --abbrev-ref HEAD". Try: 1. cwd: 'c:\projects\kit-app-template'
[2025-09-05 15:49:38,693][INFO][omni.repo.man.nvenv.execute_git:295] git call result:
	return code:0
	stdout: main

	stderr: 
[2025-09-05 15:49:38,693][INFO][omni.repo.man.build_number.print_log:182] Build number: '108.0+main.0.72a92618.local'
[2025-09-05 15:49:38,696][INFO][omni.repo.man.build_number.print_log:182] Written to file: 'c:\projects\kit-app-template\_build\windows-x86_64\debug\VERSION'
[2025-09-05 15:49:39,537][INFO][omni.repo.man.entry.run:133] Running repo tool: repo_build_number@1.88.2. args: ['build_number', '-o', 'c:/projects/kit-app-template/_build/windows-x86_64/release/VERSION']
[2025-09-05 15:49:39,538][INFO][omni.repo.man.nvenv.get_git_hash:352] Getting Git hash for directory c:\projects\kit-app-template
[2025-09-05 15:49:39,538][INFO][omni.repo.man.nvenv.find_git_path:186] Searching for the location of Git
[2025-09-05 15:49:39,539][INFO][omni.repo.man.nvenv.find_git_path:201] Git 2.28.0-windows-x86_64 fetched by packman
[2025-09-05 15:49:39,539][INFO][omni.repo.man.nvenv.find_git_path:249] Git location: C:/packman-repo/chk/git/2.28.0-windows-x86_64\bin/git.exe
[2025-09-05 15:49:39,539][INFO][omni.repo.man.utils.run_process_return_output:301] running process: C:/packman-repo/chk/git/2.28.0-windows-x86_64\bin/git.exe rev-parse --git-dir
[2025-09-05 15:49:39,569][INFO][omni.repo.man.nvenv.execute_git:284] Calling Git with args: "rev-parse --short=8 HEAD". Try: 1. cwd: 'c:\projects\kit-app-template'
[2025-09-05 15:49:39,601][INFO][omni.repo.man.nvenv.execute_git:295] git call result:
	return code:0
	stdout: 72a92618

	stderr: 
[2025-09-05 15:49:39,602][INFO][omni.repo.man.utils.run_process_return_output:301] running process: C:/packman-repo/chk/git/2.28.0-windows-x86_64\bin/git.exe rev-parse --git-dir
[2025-09-05 15:49:39,628][INFO][omni.repo.man.nvenv.execute_git:284] Calling Git with args: "rev-parse --abbrev-ref HEAD". Try: 1. cwd: 'c:\projects\kit-app-template'
[2025-09-05 15:49:39,658][INFO][omni.repo.man.nvenv.execute_git:295] git call result:
	return code:0
	stdout: main

	stderr: 
[2025-09-05 15:49:39,658][INFO][omni.repo.man.build_number.print_log:182] Build number: '108.0+main.0.72a92618.local'
[2025-09-05 15:49:39,660][INFO][omni.repo.man.build_number.print_log:182] Written to file: 'c:\projects\kit-app-template\_build\windows-x86_64\release\VERSION'
[2025-09-05 15:49:39,725][INFO][omni.repo.man.fileutils.copy_and_link_using_dict:532] Copy of 0 files took: 0.000 milliseconds.
[2025-09-05 15:49:39,725][INFO][omni.repo.man.fileutils.copy_and_link_using_dict:542] Creating links of 0 folders took: 0.000 milliseconds.
[2025-09-05 15:49:39,727][INFO][omni.repo.man.fileutils.copy_and_link_using_dict:532] Copy of 9 files took: 2.242 milliseconds.
[2025-09-05 15:49:39,731][INFO][omni.repo.man.fileutils.copy_and_link_using_dict:542] Creating links of 13 folders took: 4.362 milliseconds.
[2025-09-05 15:49:43,212][INFO][omni.repo.man.entry.run:133] Running repo tool: repo_launch@None. args: ['launch']
[2025-09-05 17:02:53,213][INFO][omni.repo.man.entry.run:133] Running repo tool: repo_build@1.13.2. args: ['build']
[2025-09-05 17:02:53,214][INFO][omni.repo.man.configuration.set_token:231] Token: 'platform_target' set to 'windows-x86_64'
[2025-09-05 17:02:53,214][INFO][omni.repo.man.configuration.set_token:231] Token: 'platform_target_abi' set to 'windows-x86_64'
[2025-09-05 17:02:53,215][INFO][omni.repo.man.utils.run_process:241] running process: powershell -Command "New-Item -ItemType Directory -Path C:/projects/kit-app-template/source/apps -ErrorAction SilentlyContinue" ; "Write-Host 'Done'"
[2025-09-05 17:02:53,463][INFO][omni.repo.build.dependencies.pull_files:275] Skipping project file (doesn't exist): C:/projects/kit-app-template/deps/host-deps.packman.xml
[2025-09-05 17:02:53,471][INFO][omni.repo.man.utils.run_process:241] running process: C:/projects/kit-app-template/repo.bat precache_exts -c release
[2025-09-05 17:02:54,302][INFO][omni.repo.man.entry.run:133] Running repo tool: repo_precache_exts@None. args: ['precache_exts', '-c', 'release']
[2025-09-05 17:02:54,303][INFO][omni.repo.precache_exts.run:315] precaching app: C:\projects\kit-app-template\source\apps\my_company.my_editor.kit
[2025-09-05 17:02:54,304][INFO][omni.repo.man.utils.run_process:241] running process: C:\projects\kit-app-template\_build\windows-x86_64\release\kit\kit.exe C:\projects\kit-app-template\source\apps\my_company.my_editor.kit --allow-root --portable --ext-precache-mode --/crashreporter/gatherUserStory=0 --/app/settings/persistent=0 --/app/settings/loadUserConfig=0 --/app/extensions/generateVersionLock=1 --/app/extensions/parallelPullEnabled=1 --/app/enableStdoutOutput=1 --/app/extensions/detailedSolverExplanation=1 --/app/extensions/registryEnabled=1 --/app/extensions/mkdirExtFolders=0 --/app/extensions/registryCacheFull='C:\projects\kit-app-template\_build\windows-x86_64\release\extscache' --/log/flushStandardStreamOutput=1 --/exts/omni.kit.registry.nucleus/registries/0/name=\"kit/default\" --/exts/omni.kit.registry.nucleus/registries/0/url=\"https://ovextensionsprod.blob.core.windows.net/exts/kit/prod/${kit_version_major}/shared\" --/exts/omni.kit.registry.nucleus/registries/1/name=\"kit/sdk\" --/exts/omni.kit.registry.nucleus/registries/1/url=\"https://ovextensionsprod.blob.core.windows.net/exts/kit/prod/sdk/${kit_version_short}/${kit_git_hash}\" --/exts/omni.kit.registry.nucleus/registries/2/name=\"kit/community\" --/exts/omni.kit.registry.nucleus/registries/2/url=\"https://dw290v42wisod.cloudfront.net/exts/kit/community\" --/app/extensions/target/config=release --ext-folder C:\projects\kit-app-template\source\extensions --ext-folder C:\projects\kit-app-template\source\apps --portable-root C:/projects/kit-app-template/_build/windows-x86_64/release --/app/extensions/generateVersionLockSkipLocalExts=1
[2025-09-05 17:02:54,615][INFO][omni.repo.build.pippull.pull_pip_dependencies:403] Skip pip pull of because is most recent config (['C:/projects/kit-app-template/tools/deps/pip.toml']) is older than 'C:/projects/kit-app-template/_build\.lastpippull'.
[2025-09-05 17:02:54,615][INFO][omni.repo.build.build.generate_projects:263] generating project from: C:/projects/kit-app-template/premake5.lua
[2025-09-05 17:02:54,615][INFO][omni.repo.man.utils.run_process:241] running process: C:/projects/kit-app-template/_build/host-deps\premake\bin\premake5.exe --file=C:/projects/kit-app-template/premake5.lua no-compile --platform-host=windows-x86_64 --scripts=C:\packman-repo\chk\repo_build\1.13.2\lua --platform-target=windows-x86_64 --linux-x86_64-cxx11-abi=True --solution-name=kit-app-template
[2025-09-05 17:02:55,524][INFO][omni.repo.man.entry.run:133] Running repo tool: repo_kit_pull_extensions@1.10.0. args: ['pull_extensions', 'setup']
[2025-09-05 17:02:55,524][INFO][omni.repo.man.configuration.set_token:231] Token: 'config' set to 'debug'
[2025-09-05 17:02:55,527][INFO][omni.repo.man.configuration.set_token:231] Token: 'config' set to 'release'
[2025-09-05 17:02:56,387][INFO][omni.repo.man.entry.run:133] Running repo tool: repo_build_number@1.88.2. args: ['build_number', '-o', 'c:/projects/kit-app-template/_build/windows-x86_64/debug/VERSION']
[2025-09-05 17:02:56,387][INFO][omni.repo.man.nvenv.get_git_hash:352] Getting Git hash for directory c:\projects\kit-app-template
[2025-09-05 17:02:56,387][INFO][omni.repo.man.nvenv.find_git_path:186] Searching for the location of Git
[2025-09-05 17:02:56,389][INFO][omni.repo.man.nvenv.find_git_path:201] Git 2.28.0-windows-x86_64 fetched by packman
[2025-09-05 17:02:56,389][INFO][omni.repo.man.nvenv.find_git_path:249] Git location: C:/packman-repo/chk/git/2.28.0-windows-x86_64\bin/git.exe
[2025-09-05 17:02:56,389][INFO][omni.repo.man.utils.run_process_return_output:301] running process: C:/packman-repo/chk/git/2.28.0-windows-x86_64\bin/git.exe rev-parse --git-dir
[2025-09-05 17:02:56,513][INFO][omni.repo.man.nvenv.execute_git:284] Calling Git with args: "rev-parse --short=8 HEAD". Try: 1. cwd: 'c:\projects\kit-app-template'
[2025-09-05 17:02:56,546][INFO][omni.repo.man.nvenv.execute_git:295] git call result:
	return code:0
	stdout: 72a92618

	stderr: 
[2025-09-05 17:02:56,547][INFO][omni.repo.man.utils.run_process_return_output:301] running process: C:/packman-repo/chk/git/2.28.0-windows-x86_64\bin/git.exe rev-parse --git-dir
[2025-09-05 17:02:56,573][INFO][omni.repo.man.nvenv.execute_git:284] Calling Git with args: "rev-parse --abbrev-ref HEAD". Try: 1. cwd: 'c:\projects\kit-app-template'
[2025-09-05 17:02:56,604][INFO][omni.repo.man.nvenv.execute_git:295] git call result:
	return code:0
	stdout: main

	stderr: 
[2025-09-05 17:02:56,604][INFO][omni.repo.man.build_number.print_log:182] Build number: '108.0+main.0.72a92618.local'
[2025-09-05 17:02:56,606][INFO][omni.repo.man.build_number.print_log:182] Written to file: 'c:\projects\kit-app-template\_build\windows-x86_64\debug\VERSION'
[2025-09-05 17:02:57,492][INFO][omni.repo.man.entry.run:133] Running repo tool: repo_build_number@1.88.2. args: ['build_number', '-o', 'c:/projects/kit-app-template/_build/windows-x86_64/release/VERSION']
[2025-09-05 17:02:57,492][INFO][omni.repo.man.nvenv.get_git_hash:352] Getting Git hash for directory c:\projects\kit-app-template
[2025-09-05 17:02:57,492][INFO][omni.repo.man.nvenv.find_git_path:186] Searching for the location of Git
[2025-09-05 17:02:57,493][INFO][omni.repo.man.nvenv.find_git_path:201] Git 2.28.0-windows-x86_64 fetched by packman
[2025-09-05 17:02:57,493][INFO][omni.repo.man.nvenv.find_git_path:249] Git location: C:/packman-repo/chk/git/2.28.0-windows-x86_64\bin/git.exe
[2025-09-05 17:02:57,493][INFO][omni.repo.man.utils.run_process_return_output:301] running process: C:/packman-repo/chk/git/2.28.0-windows-x86_64\bin/git.exe rev-parse --git-dir
[2025-09-05 17:02:57,532][INFO][omni.repo.man.nvenv.execute_git:284] Calling Git with args: "rev-parse --short=8 HEAD". Try: 1. cwd: 'c:\projects\kit-app-template'
[2025-09-05 17:02:57,562][INFO][omni.repo.man.nvenv.execute_git:295] git call result:
	return code:0
	stdout: 72a92618

	stderr: 
[2025-09-05 17:02:57,562][INFO][omni.repo.man.utils.run_process_return_output:301] running process: C:/packman-repo/chk/git/2.28.0-windows-x86_64\bin/git.exe rev-parse --git-dir
[2025-09-05 17:02:57,596][INFO][omni.repo.man.nvenv.execute_git:284] Calling Git with args: "rev-parse --abbrev-ref HEAD". Try: 1. cwd: 'c:\projects\kit-app-template'
[2025-09-05 17:02:57,629][INFO][omni.repo.man.nvenv.execute_git:295] git call result:
	return code:0
	stdout: main

	stderr: 
[2025-09-05 17:02:57,630][INFO][omni.repo.man.build_number.print_log:182] Build number: '108.0+main.0.72a92618.local'
[2025-09-05 17:02:57,632][INFO][omni.repo.man.build_number.print_log:182] Written to file: 'c:\projects\kit-app-template\_build\windows-x86_64\release\VERSION'
[2025-09-05 17:02:57,725][INFO][omni.repo.man.fileutils.copy_and_link_using_dict:532] Copy of 0 files took: 0.000 milliseconds.
[2025-09-05 17:02:57,726][INFO][omni.repo.man.fileutils.copy_and_link_using_dict:542] Creating links of 0 folders took: 0.000 milliseconds.
[2025-09-05 17:02:57,728][INFO][omni.repo.man.fileutils.copy_and_link_using_dict:532] Copy of 9 files took: 1.993 milliseconds.
[2025-09-05 17:02:57,736][INFO][omni.repo.man.fileutils.copy_and_link_using_dict:542] Creating links of 13 folders took: 8.896 milliseconds.
[2025-09-05 17:03:59,192][INFO][omni.repo.man.entry.run:133] Running repo tool: repo_launch@None. args: ['launch']
[2025-09-05 17:04:55,798][INFO][omni.repo.man.entry.run:133] Running repo tool: repo_build@1.13.2. args: ['build']
[2025-09-05 17:04:55,800][INFO][omni.repo.man.utils.set_niceness:1013] set IO niceness to 3 (idle)
[2025-09-05 17:04:55,801][INFO][omni.repo.man.utils.set_niceness:1027] set process niceness to 19 (max)
[2025-09-05 17:04:55,801][INFO][omni.repo.man.configuration.set_token:231] Token: 'platform_target' set to 'linux-x86_64'
[2025-09-05 17:04:55,801][INFO][omni.repo.man.configuration.set_token:231] Token: 'platform_target_abi' set to 'manylinux_2_35_x86_64'
[2025-09-05 17:04:55,802][INFO][omni.repo.man.utils.run_process:241] running process: mkdir --parents /mnt/c/projects/kit-app-template/source/apps
[2025-09-05 17:04:55,805][INFO][omni.repo.build.dependencies.pull_files:275] Skipping project file (doesn't exist): /mnt/c/projects/kit-app-template/deps/host-deps.packman.xml
[2025-09-05 17:04:55,863][INFO][omni.repo.man.utils.run_process:241] running process: /mnt/c/projects/kit-app-template/repo.sh precache_exts -c release
[2025-09-05 17:04:56,674][INFO][omni.repo.man.entry.run:133] Running repo tool: repo_precache_exts@None. args: ['precache_exts', '-c', 'release']
[2025-09-05 17:04:56,689][INFO][omni.repo.precache_exts.run:315] precaching app: /mnt/c/projects/kit-app-template/source/apps/my_company.my_editor.kit
[2025-09-05 17:04:56,691][INFO][omni.repo.man.utils.run_process:241] running process: /mnt/c/projects/kit-app-template/_build/linux-x86_64/release/kit/kit /mnt/c/projects/kit-app-template/source/apps/my_company.my_editor.kit --allow-root --portable --ext-precache-mode --/crashreporter/gatherUserStory=0 --/app/settings/persistent=0 --/app/settings/loadUserConfig=0 --/app/extensions/generateVersionLock=1 --/app/extensions/parallelPullEnabled=1 --/app/enableStdoutOutput=1 --/app/extensions/detailedSolverExplanation=1 --/app/extensions/registryEnabled=1 --/app/extensions/mkdirExtFolders=0 '--/app/extensions/registryCacheFull='"'"'/mnt/c/projects/kit-app-template/_build/linux-x86_64/release/extscache'"'"'' --/log/flushStandardStreamOutput=1 '--/exts/omni.kit.registry.nucleus/registries/0/name="kit/default"' '--/exts/omni.kit.registry.nucleus/registries/0/url="https://ovextensionsprod.blob.core.windows.net/exts/kit/prod/${kit_version_major}/shared"' '--/exts/omni.kit.registry.nucleus/registries/1/name="kit/sdk"' '--/exts/omni.kit.registry.nucleus/registries/1/url="https://ovextensionsprod.blob.core.windows.net/exts/kit/prod/sdk/${kit_version_short}/${kit_git_hash}"' '--/exts/omni.kit.registry.nucleus/registries/2/name="kit/community"' '--/exts/omni.kit.registry.nucleus/registries/2/url="https://dw290v42wisod.cloudfront.net/exts/kit/community"' --/app/extensions/target/config=release --ext-folder /mnt/c/projects/kit-app-template/source/extensions --ext-folder /mnt/c/projects/kit-app-template/source/apps --portable-root /mnt/c/projects/kit-app-template/_build/linux-x86_64/release --/app/extensions/generateVersionLockSkipLocalExts=1
[2025-09-05 17:04:57,317][INFO][omni.repo.build.pippull.pull_pip_dependencies:403] Skip pip pull of because is most recent config (['/mnt/c/projects/kit-app-template/tools/deps/pip.toml']) is older than '/mnt/c/projects/kit-app-template/_build/.lastpippull'.
[2025-09-05 17:04:57,321][INFO][omni.repo.build.build.generate_projects:263] generating project from: /mnt/c/projects/kit-app-template/premake5.lua
[2025-09-05 17:04:57,321][INFO][omni.repo.man.utils.run_process:241] running process: /mnt/c/projects/kit-app-template/_build/host-deps/premake/bin/premake5 --file=/mnt/c/projects/kit-app-template/premake5.lua gmake2 --platform-host=linux-x86_64 --scripts=/home/kamran/.cache/packman/chk/repo_build/1.13.2/lua --platform-target=linux-x86_64 --linux-x86_64-cxx11-abi=True --solution-name=kit-app-template --os=linux
[2025-09-05 17:04:58,435][INFO][omni.repo.man.entry.run:133] Running repo tool: repo_kit_pull_extensions@1.10.0. args: ['pull_extensions', 'setup']
[2025-09-05 17:04:58,441][INFO][omni.repo.man.configuration.set_token:231] Token: 'config' set to 'debug'
[2025-09-05 17:04:58,465][INFO][omni.repo.man.configuration.set_token:231] Token: 'config' set to 'release'
[2025-09-05 17:04:59,491][INFO][omni.repo.man.entry.run:133] Running repo tool: repo_build_number@1.88.2. args: ['build_number', '-o', '/mnt/c/projects/kit-app-template/_build/linux-x86_64/debug/VERSION']
[2025-09-05 17:04:59,494][INFO][omni.repo.man.nvenv.get_git_hash:352] Getting Git hash for directory /mnt/c/projects/kit-app-template
[2025-09-05 17:04:59,494][INFO][omni.repo.man.nvenv.find_git_path:186] Searching for the location of Git
[2025-09-05 17:04:59,495][INFO][omni.repo.man.utils.run_process_return_output:301] running process: which git
[2025-09-05 17:04:59,496][INFO][omni.repo.man.nvenv.find_git_path:249] Git location: git
[2025-09-05 17:04:59,496][INFO][omni.repo.man.utils.run_process_return_output:301] running process: git rev-parse --git-dir
[2025-09-05 17:04:59,513][INFO][omni.repo.man.nvenv.execute_git:284] Calling Git with args: "rev-parse --short=8 HEAD". Try: 1. cwd: '/mnt/c/projects/kit-app-template'
[2025-09-05 17:04:59,545][INFO][omni.repo.man.nvenv.execute_git:295] git call result:
	return code:0
	stdout: 72a92618

	stderr: 
[2025-09-05 17:04:59,546][INFO][omni.repo.man.utils.run_process_return_output:301] running process: git rev-parse --git-dir
[2025-09-05 17:04:59,558][INFO][omni.repo.man.nvenv.execute_git:284] Calling Git with args: "rev-parse --abbrev-ref HEAD". Try: 1. cwd: '/mnt/c/projects/kit-app-template'
[2025-09-05 17:04:59,589][INFO][omni.repo.man.nvenv.execute_git:295] git call result:
	return code:0
	stdout: main

	stderr: 
[2025-09-05 17:04:59,589][INFO][omni.repo.man.build_number.print_log:182] Build number: '108.0+main.0.72a92618.local'
[2025-09-05 17:04:59,593][INFO][omni.repo.man.build_number.print_log:182] Written to file: '/mnt/c/projects/kit-app-template/_build/linux-x86_64/debug/VERSION'
[2025-09-05 17:05:00,690][INFO][omni.repo.man.entry.run:133] Running repo tool: repo_build_number@1.88.2. args: ['build_number', '-o', '/mnt/c/projects/kit-app-template/_build/linux-x86_64/release/VERSION']
[2025-09-05 17:05:00,692][INFO][omni.repo.man.nvenv.get_git_hash:352] Getting Git hash for directory /mnt/c/projects/kit-app-template
[2025-09-05 17:05:00,692][INFO][omni.repo.man.nvenv.find_git_path:186] Searching for the location of Git
[2025-09-05 17:05:00,693][INFO][omni.repo.man.utils.run_process_return_output:301] running process: which git
[2025-09-05 17:05:00,694][INFO][omni.repo.man.nvenv.find_git_path:249] Git location: git
[2025-09-05 17:05:00,694][INFO][omni.repo.man.utils.run_process_return_output:301] running process: git rev-parse --git-dir
[2025-09-05 17:05:00,720][INFO][omni.repo.man.nvenv.execute_git:284] Calling Git with args: "rev-parse --short=8 HEAD". Try: 1. cwd: '/mnt/c/projects/kit-app-template'
[2025-09-05 17:05:00,740][INFO][omni.repo.man.nvenv.execute_git:295] git call result:
	return code:0
	stdout: 72a92618

	stderr: 
[2025-09-05 17:05:00,741][INFO][omni.repo.man.utils.run_process_return_output:301] running process: git rev-parse --git-dir
[2025-09-05 17:05:00,747][INFO][omni.repo.man.nvenv.execute_git:284] Calling Git with args: "rev-parse --abbrev-ref HEAD". Try: 1. cwd: '/mnt/c/projects/kit-app-template'
[2025-09-05 17:05:00,788][INFO][omni.repo.man.nvenv.execute_git:295] git call result:
	return code:0
	stdout: main

	stderr: 
[2025-09-05 17:05:00,788][INFO][omni.repo.man.build_number.print_log:182] Build number: '108.0+main.0.72a92618.local'
[2025-09-05 17:05:00,793][INFO][omni.repo.man.build_number.print_log:182] Written to file: '/mnt/c/projects/kit-app-template/_build/linux-x86_64/release/VERSION'
[2025-09-05 17:05:00,885][INFO][omni.repo.man.fileutils.copy_and_link_using_dict:532] Copy of 0 files took: 0.002 milliseconds.
[2025-09-05 17:05:00,886][INFO][omni.repo.man.fileutils.copy_and_link_using_dict:542] Creating links of 0 folders took: 0.173 milliseconds.
[2025-09-05 17:05:00,960][INFO][omni.repo.man.fileutils.copy_and_link_using_dict:532] Copy of 9 files took: 73.151 milliseconds.
[2025-09-05 17:05:00,979][INFO][omni.repo.man.fileutils.copy_and_link_using_dict:542] Creating links of 13 folders took: 18.733 milliseconds.
[2025-09-05 17:05:01,055][INFO][omni.repo.man.container_utils.get_cgroup_cpu_count:147] Using host CPU count: 32
[2025-09-05 17:05:01,056][INFO][omni.repo.man.container_utils.get_cgroup_memory_limit:219] Could not find cgroup memory limit
[2025-09-05 17:05:01,056][INFO][omni.repo.build.main.compute_job_count:1608] Default job count requested. Setting to all host cores: 7 jobs.
[2025-09-05 17:05:01,057][INFO][omni.repo.man.utils.run_process_return_output:301] running process: make --directory=/mnt/c/projects/kit-app-template/_compiler/gmake2 --stop config=release_x86_64 -j7 --output-sync
[2025-09-05 17:05:01,078][INFO][omni.repo.man.utils.run_process_return_output:301] running process: getconf GNU_LIBC_VERSION
[2025-09-05 17:05:01,090][INFO][omni.repo.man.utils.run_process:241] running process: /mnt/c/projects/kit-app-template/repo.sh stubgen -c release
[2025-09-05 17:05:02,093][INFO][omni.repo.man.entry.run:133] Running repo tool: repo_stubgen@None. args: ['stubgen', '-c', 'release']
[2025-09-05 17:05:02,295][INFO][omni.repo.man.fileutils.copy_and_link_using_dict:532] Copy of 0 files took: 0.000 milliseconds.
[2025-09-05 17:05:02,298][INFO][omni.repo.man.fileutils.copy_and_link_using_dict:542] Creating links of 0 folders took: 0.042 milliseconds.
[2025-09-05 17:05:27,341][INFO][omni.repo.man.entry.run:133] Running repo tool: repo_build@1.13.2. args: ['build']
[2025-09-05 17:05:27,341][INFO][omni.repo.man.configuration.set_token:231] Token: 'platform_target' set to 'windows-x86_64'
[2025-09-05 17:05:27,342][INFO][omni.repo.man.configuration.set_token:231] Token: 'platform_target_abi' set to 'windows-x86_64'
[2025-09-05 17:05:27,342][INFO][omni.repo.man.utils.run_process:241] running process: powershell -Command "New-Item -ItemType Directory -Path C:/projects/kit-app-template/source/apps -ErrorAction SilentlyContinue" ; "Write-Host 'Done'"
[2025-09-05 17:05:27,541][INFO][omni.repo.build.dependencies.pull_files:275] Skipping project file (doesn't exist): C:/projects/kit-app-template/deps/host-deps.packman.xml
[2025-09-05 17:05:27,614][INFO][omni.repo.man.utils.run_process:241] running process: C:/projects/kit-app-template/repo.bat precache_exts -c release
[2025-09-05 17:05:28,415][INFO][omni.repo.man.entry.run:133] Running repo tool: repo_precache_exts@None. args: ['precache_exts', '-c', 'release']
[2025-09-05 17:05:28,417][INFO][omni.repo.precache_exts.run:315] precaching app: C:\projects\kit-app-template\source\apps\my_company.my_editor.kit
[2025-09-05 17:05:28,417][INFO][omni.repo.man.utils.run_process:241] running process: C:\projects\kit-app-template\_build\windows-x86_64\release\kit\kit.exe C:\projects\kit-app-template\source\apps\my_company.my_editor.kit --allow-root --portable --ext-precache-mode --/crashreporter/gatherUserStory=0 --/app/settings/persistent=0 --/app/settings/loadUserConfig=0 --/app/extensions/generateVersionLock=1 --/app/extensions/parallelPullEnabled=1 --/app/enableStdoutOutput=1 --/app/extensions/detailedSolverExplanation=1 --/app/extensions/registryEnabled=1 --/app/extensions/mkdirExtFolders=0 --/app/extensions/registryCacheFull='C:\projects\kit-app-template\_build\windows-x86_64\release\extscache' --/log/flushStandardStreamOutput=1 --/exts/omni.kit.registry.nucleus/registries/0/name=\"kit/default\" --/exts/omni.kit.registry.nucleus/registries/0/url=\"https://ovextensionsprod.blob.core.windows.net/exts/kit/prod/${kit_version_major}/shared\" --/exts/omni.kit.registry.nucleus/registries/1/name=\"kit/sdk\" --/exts/omni.kit.registry.nucleus/registries/1/url=\"https://ovextensionsprod.blob.core.windows.net/exts/kit/prod/sdk/${kit_version_short}/${kit_git_hash}\" --/exts/omni.kit.registry.nucleus/registries/2/name=\"kit/community\" --/exts/omni.kit.registry.nucleus/registries/2/url=\"https://dw290v42wisod.cloudfront.net/exts/kit/community\" --/app/extensions/target/config=release --ext-folder C:\projects\kit-app-template\source\extensions --ext-folder C:\projects\kit-app-template\source\apps --portable-root C:/projects/kit-app-template/_build/windows-x86_64/release --/app/extensions/generateVersionLockSkipLocalExts=1
[2025-09-05 17:05:28,706][INFO][omni.repo.build.pippull.pull_pip_dependencies:403] Skip pip pull of because is most recent config (['C:/projects/kit-app-template/tools/deps/pip.toml']) is older than 'C:/projects/kit-app-template/_build\.lastpippull'.
[2025-09-05 17:05:28,706][INFO][omni.repo.build.build.generate_projects:263] generating project from: C:/projects/kit-app-template/premake5.lua
[2025-09-05 17:05:28,706][INFO][omni.repo.man.utils.run_process:241] running process: C:/projects/kit-app-template/_build/host-deps\premake\bin\premake5.exe --file=C:/projects/kit-app-template/premake5.lua no-compile --platform-host=windows-x86_64 --scripts=C:\packman-repo\chk\repo_build\1.13.2\lua --platform-target=windows-x86_64 --linux-x86_64-cxx11-abi=True --solution-name=kit-app-template
[2025-09-05 17:05:29,620][INFO][omni.repo.man.entry.run:133] Running repo tool: repo_kit_pull_extensions@1.10.0. args: ['pull_extensions', 'setup']
[2025-09-05 17:05:29,620][INFO][omni.repo.man.configuration.set_token:231] Token: 'config' set to 'debug'
[2025-09-05 17:05:29,623][INFO][omni.repo.man.configuration.set_token:231] Token: 'config' set to 'release'
[2025-09-05 17:05:30,483][INFO][omni.repo.man.entry.run:133] Running repo tool: repo_build_number@1.88.2. args: ['build_number', '-o', 'c:/projects/kit-app-template/_build/windows-x86_64/debug/VERSION']
[2025-09-05 17:05:30,483][INFO][omni.repo.man.nvenv.get_git_hash:352] Getting Git hash for directory c:\projects\kit-app-template
[2025-09-05 17:05:30,483][INFO][omni.repo.man.nvenv.find_git_path:186] Searching for the location of Git
[2025-09-05 17:05:30,484][INFO][omni.repo.man.nvenv.find_git_path:201] Git 2.28.0-windows-x86_64 fetched by packman
[2025-09-05 17:05:30,484][INFO][omni.repo.man.nvenv.find_git_path:249] Git location: C:/packman-repo/chk/git/2.28.0-windows-x86_64\bin/git.exe
[2025-09-05 17:05:30,484][INFO][omni.repo.man.utils.run_process_return_output:301] running process: C:/packman-repo/chk/git/2.28.0-windows-x86_64\bin/git.exe rev-parse --git-dir
[2025-09-05 17:05:30,524][INFO][omni.repo.man.nvenv.execute_git:284] Calling Git with args: "rev-parse --short=8 HEAD". Try: 1. cwd: 'c:\projects\kit-app-template'
[2025-09-05 17:05:30,554][INFO][omni.repo.man.nvenv.execute_git:295] git call result:
	return code:0
	stdout: 72a92618

	stderr: 
[2025-09-05 17:05:30,554][INFO][omni.repo.man.utils.run_process_return_output:301] running process: C:/packman-repo/chk/git/2.28.0-windows-x86_64\bin/git.exe rev-parse --git-dir
[2025-09-05 17:05:30,581][INFO][omni.repo.man.nvenv.execute_git:284] Calling Git with args: "rev-parse --abbrev-ref HEAD". Try: 1. cwd: 'c:\projects\kit-app-template'
[2025-09-05 17:05:30,612][INFO][omni.repo.man.nvenv.execute_git:295] git call result:
	return code:0
	stdout: main

	stderr: 
[2025-09-05 17:05:30,612][INFO][omni.repo.man.build_number.print_log:182] Build number: '108.0+main.0.72a92618.local'
[2025-09-05 17:05:30,615][INFO][omni.repo.man.build_number.print_log:182] Written to file: 'c:\projects\kit-app-template\_build\windows-x86_64\debug\VERSION'
[2025-09-05 17:05:31,463][INFO][omni.repo.man.entry.run:133] Running repo tool: repo_build_number@1.88.2. args: ['build_number', '-o', 'c:/projects/kit-app-template/_build/windows-x86_64/release/VERSION']
[2025-09-05 17:05:31,463][INFO][omni.repo.man.nvenv.get_git_hash:352] Getting Git hash for directory c:\projects\kit-app-template
[2025-09-05 17:05:31,463][INFO][omni.repo.man.nvenv.find_git_path:186] Searching for the location of Git
[2025-09-05 17:05:31,465][INFO][omni.repo.man.nvenv.find_git_path:201] Git 2.28.0-windows-x86_64 fetched by packman
[2025-09-05 17:05:31,465][INFO][omni.repo.man.nvenv.find_git_path:249] Git location: C:/packman-repo/chk/git/2.28.0-windows-x86_64\bin/git.exe
[2025-09-05 17:05:31,465][INFO][omni.repo.man.utils.run_process_return_output:301] running process: C:/packman-repo/chk/git/2.28.0-windows-x86_64\bin/git.exe rev-parse --git-dir
[2025-09-05 17:05:31,498][INFO][omni.repo.man.nvenv.execute_git:284] Calling Git with args: "rev-parse --short=8 HEAD". Try: 1. cwd: 'c:\projects\kit-app-template'
[2025-09-05 17:05:31,530][INFO][omni.repo.man.nvenv.execute_git:295] git call result:
	return code:0
	stdout: 72a92618

	stderr: 
[2025-09-05 17:05:31,530][INFO][omni.repo.man.utils.run_process_return_output:301] running process: C:/packman-repo/chk/git/2.28.0-windows-x86_64\bin/git.exe rev-parse --git-dir
[2025-09-05 17:05:31,558][INFO][omni.repo.man.nvenv.execute_git:284] Calling Git with args: "rev-parse --abbrev-ref HEAD". Try: 1. cwd: 'c:\projects\kit-app-template'
[2025-09-05 17:05:31,590][INFO][omni.repo.man.nvenv.execute_git:295] git call result:
	return code:0
	stdout: main

	stderr: 
[2025-09-05 17:05:31,590][INFO][omni.repo.man.build_number.print_log:182] Build number: '108.0+main.0.72a92618.local'
[2025-09-05 17:05:31,592][INFO][omni.repo.man.build_number.print_log:182] Written to file: 'c:\projects\kit-app-template\_build\windows-x86_64\release\VERSION'
[2025-09-05 17:05:31,660][INFO][omni.repo.man.fileutils.copy_and_link_using_dict:532] Copy of 0 files took: 0.000 milliseconds.
[2025-09-05 17:05:31,661][INFO][omni.repo.man.fileutils.copy_and_link_using_dict:542] Creating links of 0 folders took: 0.000 milliseconds.
[2025-09-05 17:05:31,665][INFO][omni.repo.man.fileutils.copy_and_link_using_dict:532] Copy of 9 files took: 4.000 milliseconds.
[2025-09-05 17:05:31,675][INFO][omni.repo.man.fileutils.copy_and_link_using_dict:542] Creating links of 13 folders took: 9.073 milliseconds.
[2025-09-05 17:05:34,779][INFO][omni.repo.man.entry.run:133] Running repo tool: repo_launch@None. args: ['launch']
[2025-09-05 17:07:09,687][INFO][omni.repo.man.entry.run:133] Running repo tool: repo_build@1.13.2. args: ['build']
[2025-09-05 17:07:09,689][INFO][omni.repo.man.utils.set_niceness:1013] set IO niceness to 3 (idle)
[2025-09-05 17:07:09,691][INFO][omni.repo.man.utils.set_niceness:1027] set process niceness to 19 (max)
[2025-09-05 17:07:09,691][INFO][omni.repo.man.configuration.set_token:231] Token: 'platform_target' set to 'linux-x86_64'
[2025-09-05 17:07:09,691][INFO][omni.repo.man.configuration.set_token:231] Token: 'platform_target_abi' set to 'manylinux_2_35_x86_64'
[2025-09-05 17:07:09,692][INFO][omni.repo.man.utils.run_process:241] running process: mkdir --parents /mnt/c/projects/kit-app-template/source/apps
[2025-09-05 17:07:09,694][INFO][omni.repo.build.dependencies.pull_files:275] Skipping project file (doesn't exist): /mnt/c/projects/kit-app-template/deps/host-deps.packman.xml
[2025-09-05 17:07:09,763][INFO][omni.repo.man.utils.run_process:241] running process: /mnt/c/projects/kit-app-template/repo.sh precache_exts -c release
[2025-09-05 17:07:10,629][INFO][omni.repo.man.entry.run:133] Running repo tool: repo_precache_exts@None. args: ['precache_exts', '-c', 'release']
[2025-09-05 17:07:10,645][INFO][omni.repo.precache_exts.run:315] precaching app: /mnt/c/projects/kit-app-template/source/apps/my_company.my_editor.kit
[2025-09-05 17:07:10,649][INFO][omni.repo.man.utils.run_process:241] running process: /mnt/c/projects/kit-app-template/_build/linux-x86_64/release/kit/kit /mnt/c/projects/kit-app-template/source/apps/my_company.my_editor.kit --allow-root --portable --ext-precache-mode --/crashreporter/gatherUserStory=0 --/app/settings/persistent=0 --/app/settings/loadUserConfig=0 --/app/extensions/generateVersionLock=1 --/app/extensions/parallelPullEnabled=1 --/app/enableStdoutOutput=1 --/app/extensions/detailedSolverExplanation=1 --/app/extensions/registryEnabled=1 --/app/extensions/mkdirExtFolders=0 '--/app/extensions/registryCacheFull='"'"'/mnt/c/projects/kit-app-template/_build/linux-x86_64/release/extscache'"'"'' --/log/flushStandardStreamOutput=1 '--/exts/omni.kit.registry.nucleus/registries/0/name="kit/default"' '--/exts/omni.kit.registry.nucleus/registries/0/url="https://ovextensionsprod.blob.core.windows.net/exts/kit/prod/${kit_version_major}/shared"' '--/exts/omni.kit.registry.nucleus/registries/1/name="kit/sdk"' '--/exts/omni.kit.registry.nucleus/registries/1/url="https://ovextensionsprod.blob.core.windows.net/exts/kit/prod/sdk/${kit_version_short}/${kit_git_hash}"' '--/exts/omni.kit.registry.nucleus/registries/2/name="kit/community"' '--/exts/omni.kit.registry.nucleus/registries/2/url="https://dw290v42wisod.cloudfront.net/exts/kit/community"' --/app/extensions/target/config=release --ext-folder /mnt/c/projects/kit-app-template/source/extensions --ext-folder /mnt/c/projects/kit-app-template/source/apps --portable-root /mnt/c/projects/kit-app-template/_build/linux-x86_64/release --/app/extensions/generateVersionLockSkipLocalExts=1
[2025-09-05 17:07:11,229][INFO][omni.repo.build.pippull.pull_pip_dependencies:403] Skip pip pull of because is most recent config (['/mnt/c/projects/kit-app-template/tools/deps/pip.toml']) is older than '/mnt/c/projects/kit-app-template/_build/.lastpippull'.
[2025-09-05 17:07:11,234][INFO][omni.repo.build.build.generate_projects:263] generating project from: /mnt/c/projects/kit-app-template/premake5.lua
[2025-09-05 17:07:11,234][INFO][omni.repo.man.utils.run_process:241] running process: /mnt/c/projects/kit-app-template/_build/host-deps/premake/bin/premake5 --file=/mnt/c/projects/kit-app-template/premake5.lua gmake2 --platform-host=linux-x86_64 --scripts=/home/kamran/.cache/packman/chk/repo_build/1.13.2/lua --platform-target=linux-x86_64 --linux-x86_64-cxx11-abi=True --solution-name=kit-app-template --os=linux
[2025-09-05 17:07:12,305][INFO][omni.repo.man.entry.run:133] Running repo tool: repo_kit_pull_extensions@1.10.0. args: ['pull_extensions', 'setup']
[2025-09-05 17:07:12,309][INFO][omni.repo.man.configuration.set_token:231] Token: 'config' set to 'debug'
[2025-09-05 17:07:12,330][INFO][omni.repo.man.configuration.set_token:231] Token: 'config' set to 'release'
[2025-09-05 17:07:13,418][INFO][omni.repo.man.entry.run:133] Running repo tool: repo_build_number@1.88.2. args: ['build_number', '-o', '/mnt/c/projects/kit-app-template/_build/linux-x86_64/debug/VERSION']
[2025-09-05 17:07:13,420][INFO][omni.repo.man.nvenv.get_git_hash:352] Getting Git hash for directory /mnt/c/projects/kit-app-template
[2025-09-05 17:07:13,421][INFO][omni.repo.man.nvenv.find_git_path:186] Searching for the location of Git
[2025-09-05 17:07:13,421][INFO][omni.repo.man.utils.run_process_return_output:301] running process: which git
[2025-09-05 17:07:13,423][INFO][omni.repo.man.nvenv.find_git_path:249] Git location: git
[2025-09-05 17:07:13,423][INFO][omni.repo.man.utils.run_process_return_output:301] running process: git rev-parse --git-dir
[2025-09-05 17:07:13,436][INFO][omni.repo.man.nvenv.execute_git:284] Calling Git with args: "rev-parse --short=8 HEAD". Try: 1. cwd: '/mnt/c/projects/kit-app-template'
[2025-09-05 17:07:13,468][INFO][omni.repo.man.nvenv.execute_git:295] git call result:
	return code:0
	stdout: 72a92618

	stderr: 
[2025-09-05 17:07:13,469][INFO][omni.repo.man.utils.run_process_return_output:301] running process: git rev-parse --git-dir
[2025-09-05 17:07:13,480][INFO][omni.repo.man.nvenv.execute_git:284] Calling Git with args: "rev-parse --abbrev-ref HEAD". Try: 1. cwd: '/mnt/c/projects/kit-app-template'
[2025-09-05 17:07:13,527][INFO][omni.repo.man.nvenv.execute_git:295] git call result:
	return code:0
	stdout: main

	stderr: 
[2025-09-05 17:07:13,528][INFO][omni.repo.man.build_number.print_log:182] Build number: '108.0+main.0.72a92618.local'
[2025-09-05 17:07:13,531][INFO][omni.repo.man.build_number.print_log:182] Written to file: '/mnt/c/projects/kit-app-template/_build/linux-x86_64/debug/VERSION'
[2025-09-05 17:07:14,500][INFO][omni.repo.man.entry.run:133] Running repo tool: repo_build_number@1.88.2. args: ['build_number', '-o', '/mnt/c/projects/kit-app-template/_build/linux-x86_64/release/VERSION']
[2025-09-05 17:07:14,502][INFO][omni.repo.man.nvenv.get_git_hash:352] Getting Git hash for directory /mnt/c/projects/kit-app-template
[2025-09-05 17:07:14,502][INFO][omni.repo.man.nvenv.find_git_path:186] Searching for the location of Git
[2025-09-05 17:07:14,502][INFO][omni.repo.man.utils.run_process_return_output:301] running process: which git
[2025-09-05 17:07:14,504][INFO][omni.repo.man.nvenv.find_git_path:249] Git location: git
[2025-09-05 17:07:14,504][INFO][omni.repo.man.utils.run_process_return_output:301] running process: git rev-parse --git-dir
[2025-09-05 17:07:14,515][INFO][omni.repo.man.nvenv.execute_git:284] Calling Git with args: "rev-parse --short=8 HEAD". Try: 1. cwd: '/mnt/c/projects/kit-app-template'
[2025-09-05 17:07:14,545][INFO][omni.repo.man.nvenv.execute_git:295] git call result:
	return code:0
	stdout: 72a92618

	stderr: 
[2025-09-05 17:07:14,545][INFO][omni.repo.man.utils.run_process_return_output:301] running process: git rev-parse --git-dir
[2025-09-05 17:07:14,556][INFO][omni.repo.man.nvenv.execute_git:284] Calling Git with args: "rev-parse --abbrev-ref HEAD". Try: 1. cwd: '/mnt/c/projects/kit-app-template'
[2025-09-05 17:07:14,600][INFO][omni.repo.man.nvenv.execute_git:295] git call result:
	return code:0
	stdout: main

	stderr: 
[2025-09-05 17:07:14,600][INFO][omni.repo.man.build_number.print_log:182] Build number: '108.0+main.0.72a92618.local'
[2025-09-05 17:07:14,603][INFO][omni.repo.man.build_number.print_log:182] Written to file: '/mnt/c/projects/kit-app-template/_build/linux-x86_64/release/VERSION'
[2025-09-05 17:07:14,693][INFO][omni.repo.man.fileutils.copy_and_link_using_dict:532] Copy of 0 files took: 0.002 milliseconds.
[2025-09-05 17:07:14,693][INFO][omni.repo.man.fileutils.copy_and_link_using_dict:542] Creating links of 0 folders took: 0.064 milliseconds.
[2025-09-05 17:07:14,763][INFO][omni.repo.man.fileutils.copy_and_link_using_dict:532] Copy of 9 files took: 67.570 milliseconds.
[2025-09-05 17:07:14,781][INFO][omni.repo.man.fileutils.copy_and_link_using_dict:542] Creating links of 13 folders took: 18.139 milliseconds.
[2025-09-05 17:07:14,867][INFO][omni.repo.man.container_utils.get_cgroup_cpu_count:147] Using host CPU count: 32
[2025-09-05 17:07:14,868][INFO][omni.repo.man.container_utils.get_cgroup_memory_limit:219] Could not find cgroup memory limit
[2025-09-05 17:07:14,868][INFO][omni.repo.build.main.compute_job_count:1608] Default job count requested. Setting to all host cores: 7 jobs.
[2025-09-05 17:07:14,869][INFO][omni.repo.man.utils.run_process_return_output:301] running process: make --directory=/mnt/c/projects/kit-app-template/_compiler/gmake2 --stop config=release_x86_64 -j7 --output-sync
[2025-09-05 17:07:14,875][INFO][omni.repo.man.utils.run_process_return_output:301] running process: getconf GNU_LIBC_VERSION
[2025-09-05 17:07:14,879][INFO][omni.repo.man.utils.run_process:241] running process: /mnt/c/projects/kit-app-template/repo.sh stubgen -c release
[2025-09-05 17:07:15,803][INFO][omni.repo.man.entry.run:133] Running repo tool: repo_stubgen@None. args: ['stubgen', '-c', 'release']
[2025-09-05 17:07:16,014][INFO][omni.repo.man.fileutils.copy_and_link_using_dict:532] Copy of 0 files took: 0.000 milliseconds.
[2025-09-05 17:07:16,014][INFO][omni.repo.man.fileutils.copy_and_link_using_dict:542] Creating links of 0 folders took: 0.040 milliseconds.
[2025-09-05 17:08:33,431][INFO][omni.repo.man.entry.run:133] Running repo tool: repo_build@1.13.2. args: ['build']
[2025-09-05 17:08:33,433][INFO][omni.repo.man.utils.set_niceness:1013] set IO niceness to 3 (idle)
[2025-09-05 17:08:33,435][INFO][omni.repo.man.utils.set_niceness:1027] set process niceness to 19 (max)
[2025-09-05 17:08:33,435][INFO][omni.repo.man.configuration.set_token:231] Token: 'platform_target' set to 'linux-x86_64'
[2025-09-05 17:08:33,436][INFO][omni.repo.man.configuration.set_token:231] Token: 'platform_target_abi' set to 'manylinux_2_35_x86_64'
[2025-09-05 17:08:33,436][INFO][omni.repo.man.utils.run_process:241] running process: mkdir --parents /mnt/c/projects/kit-app-template/source/apps
[2025-09-05 17:08:33,438][INFO][omni.repo.build.dependencies.pull_files:275] Skipping project file (doesn't exist): /mnt/c/projects/kit-app-template/deps/host-deps.packman.xml
[2025-09-05 17:08:33,493][INFO][omni.repo.man.utils.run_process:241] running process: /mnt/c/projects/kit-app-template/repo.sh precache_exts -c release
[2025-09-05 17:08:34,369][INFO][omni.repo.man.entry.run:133] Running repo tool: repo_precache_exts@None. args: ['precache_exts', '-c', 'release']
[2025-09-05 17:08:34,383][INFO][omni.repo.precache_exts.run:315] precaching app: /mnt/c/projects/kit-app-template/source/apps/my_company.my_editor.kit
[2025-09-05 17:08:34,387][INFO][omni.repo.man.utils.run_process:241] running process: /mnt/c/projects/kit-app-template/_build/linux-x86_64/release/kit/kit /mnt/c/projects/kit-app-template/source/apps/my_company.my_editor.kit --allow-root --portable --ext-precache-mode --/crashreporter/gatherUserStory=0 --/app/settings/persistent=0 --/app/settings/loadUserConfig=0 --/app/extensions/generateVersionLock=1 --/app/extensions/parallelPullEnabled=1 --/app/enableStdoutOutput=1 --/app/extensions/detailedSolverExplanation=1 --/app/extensions/registryEnabled=1 --/app/extensions/mkdirExtFolders=0 '--/app/extensions/registryCacheFull='"'"'/mnt/c/projects/kit-app-template/_build/linux-x86_64/release/extscache'"'"'' --/log/flushStandardStreamOutput=1 '--/exts/omni.kit.registry.nucleus/registries/0/name="kit/default"' '--/exts/omni.kit.registry.nucleus/registries/0/url="https://ovextensionsprod.blob.core.windows.net/exts/kit/prod/${kit_version_major}/shared"' '--/exts/omni.kit.registry.nucleus/registries/1/name="kit/sdk"' '--/exts/omni.kit.registry.nucleus/registries/1/url="https://ovextensionsprod.blob.core.windows.net/exts/kit/prod/sdk/${kit_version_short}/${kit_git_hash}"' '--/exts/omni.kit.registry.nucleus/registries/2/name="kit/community"' '--/exts/omni.kit.registry.nucleus/registries/2/url="https://dw290v42wisod.cloudfront.net/exts/kit/community"' --/app/extensions/target/config=release --ext-folder /mnt/c/projects/kit-app-template/source/extensions --ext-folder /mnt/c/projects/kit-app-template/source/apps --portable-root /mnt/c/projects/kit-app-template/_build/linux-x86_64/release --/app/extensions/generateVersionLockSkipLocalExts=1
[2025-09-05 17:08:34,987][INFO][omni.repo.build.pippull.pull_pip_dependencies:403] Skip pip pull of because is most recent config (['/mnt/c/projects/kit-app-template/tools/deps/pip.toml']) is older than '/mnt/c/projects/kit-app-template/_build/.lastpippull'.
[2025-09-05 17:08:34,990][INFO][omni.repo.build.build.generate_projects:263] generating project from: /mnt/c/projects/kit-app-template/premake5.lua
[2025-09-05 17:08:34,991][INFO][omni.repo.man.utils.run_process:241] running process: /mnt/c/projects/kit-app-template/_build/host-deps/premake/bin/premake5 --file=/mnt/c/projects/kit-app-template/premake5.lua gmake2 --platform-host=linux-x86_64 --scripts=/home/kamran/.cache/packman/chk/repo_build/1.13.2/lua --platform-target=linux-x86_64 --linux-x86_64-cxx11-abi=True --solution-name=kit-app-template --os=linux
[2025-09-05 17:08:36,040][INFO][omni.repo.man.entry.run:133] Running repo tool: repo_kit_pull_extensions@1.10.0. args: ['pull_extensions', 'setup']
[2025-09-05 17:08:36,044][INFO][omni.repo.man.configuration.set_token:231] Token: 'config' set to 'debug'
[2025-09-05 17:08:36,063][INFO][omni.repo.man.configuration.set_token:231] Token: 'config' set to 'release'
[2025-09-05 17:08:37,028][INFO][omni.repo.man.entry.run:133] Running repo tool: repo_build_number@1.88.2. args: ['build_number', '-o', '/mnt/c/projects/kit-app-template/_build/linux-x86_64/debug/VERSION']
[2025-09-05 17:08:37,030][INFO][omni.repo.man.nvenv.get_git_hash:352] Getting Git hash for directory /mnt/c/projects/kit-app-template
[2025-09-05 17:08:37,030][INFO][omni.repo.man.nvenv.find_git_path:186] Searching for the location of Git
[2025-09-05 17:08:37,031][INFO][omni.repo.man.utils.run_process_return_output:301] running process: which git
[2025-09-05 17:08:37,032][INFO][omni.repo.man.nvenv.find_git_path:249] Git location: git
[2025-09-05 17:08:37,032][INFO][omni.repo.man.utils.run_process_return_output:301] running process: git rev-parse --git-dir
[2025-09-05 17:08:37,041][INFO][omni.repo.man.nvenv.execute_git:284] Calling Git with args: "rev-parse --short=8 HEAD". Try: 1. cwd: '/mnt/c/projects/kit-app-template'
[2025-09-05 17:08:37,070][INFO][omni.repo.man.nvenv.execute_git:295] git call result:
	return code:0
	stdout: 72a92618

	stderr: 
[2025-09-05 17:08:37,071][INFO][omni.repo.man.utils.run_process_return_output:301] running process: git rev-parse --git-dir
[2025-09-05 17:08:37,081][INFO][omni.repo.man.nvenv.execute_git:284] Calling Git with args: "rev-parse --abbrev-ref HEAD". Try: 1. cwd: '/mnt/c/projects/kit-app-template'
[2025-09-05 17:08:37,121][INFO][omni.repo.man.nvenv.execute_git:295] git call result:
	return code:0
	stdout: main

	stderr: 
[2025-09-05 17:08:37,121][INFO][omni.repo.man.build_number.print_log:182] Build number: '108.0+main.0.72a92618.local'
[2025-09-05 17:08:37,125][INFO][omni.repo.man.build_number.print_log:182] Written to file: '/mnt/c/projects/kit-app-template/_build/linux-x86_64/debug/VERSION'
[2025-09-05 17:08:38,040][INFO][omni.repo.man.entry.run:133] Running repo tool: repo_build_number@1.88.2. args: ['build_number', '-o', '/mnt/c/projects/kit-app-template/_build/linux-x86_64/release/VERSION']
[2025-09-05 17:08:38,041][INFO][omni.repo.man.nvenv.get_git_hash:352] Getting Git hash for directory /mnt/c/projects/kit-app-template
[2025-09-05 17:08:38,042][INFO][omni.repo.man.nvenv.find_git_path:186] Searching for the location of Git
[2025-09-05 17:08:38,042][INFO][omni.repo.man.utils.run_process_return_output:301] running process: which git
[2025-09-05 17:08:38,043][INFO][omni.repo.man.nvenv.find_git_path:249] Git location: git
[2025-09-05 17:08:38,043][INFO][omni.repo.man.utils.run_process_return_output:301] running process: git rev-parse --git-dir
[2025-09-05 17:08:38,054][INFO][omni.repo.man.nvenv.execute_git:284] Calling Git with args: "rev-parse --short=8 HEAD". Try: 1. cwd: '/mnt/c/projects/kit-app-template'
[2025-09-05 17:08:38,082][INFO][omni.repo.man.nvenv.execute_git:295] git call result:
	return code:0
	stdout: 72a92618

	stderr: 
[2025-09-05 17:08:38,083][INFO][omni.repo.man.utils.run_process_return_output:301] running process: git rev-parse --git-dir
[2025-09-05 17:08:38,093][INFO][omni.repo.man.nvenv.execute_git:284] Calling Git with args: "rev-parse --abbrev-ref HEAD". Try: 1. cwd: '/mnt/c/projects/kit-app-template'
[2025-09-05 17:08:38,133][INFO][omni.repo.man.nvenv.execute_git:295] git call result:
	return code:0
	stdout: main

	stderr: 
[2025-09-05 17:08:38,134][INFO][omni.repo.man.build_number.print_log:182] Build number: '108.0+main.0.72a92618.local'
[2025-09-05 17:08:38,137][INFO][omni.repo.man.build_number.print_log:182] Written to file: '/mnt/c/projects/kit-app-template/_build/linux-x86_64/release/VERSION'
[2025-09-05 17:08:38,223][INFO][omni.repo.man.fileutils.copy_and_link_using_dict:532] Copy of 0 files took: 0.002 milliseconds.
[2025-09-05 17:08:38,223][INFO][omni.repo.man.fileutils.copy_and_link_using_dict:542] Creating links of 0 folders took: 0.074 milliseconds.
[2025-09-05 17:08:38,287][INFO][omni.repo.man.fileutils.copy_and_link_using_dict:532] Copy of 9 files took: 61.411 milliseconds.
[2025-09-05 17:08:38,305][INFO][omni.repo.man.fileutils.copy_and_link_using_dict:542] Creating links of 13 folders took: 17.531 milliseconds.
[2025-09-05 17:08:38,384][INFO][omni.repo.man.container_utils.get_cgroup_cpu_count:147] Using host CPU count: 32
[2025-09-05 17:08:38,384][INFO][omni.repo.man.container_utils.get_cgroup_memory_limit:219] Could not find cgroup memory limit
[2025-09-05 17:08:38,386][INFO][omni.repo.build.main.compute_job_count:1608] Default job count requested. Setting to all host cores: 7 jobs.
[2025-09-05 17:08:38,386][INFO][omni.repo.man.utils.run_process_return_output:301] running process: make --directory=/mnt/c/projects/kit-app-template/_compiler/gmake2 --stop config=release_x86_64 -j7 --output-sync
[2025-09-05 17:08:38,392][INFO][omni.repo.man.utils.run_process_return_output:301] running process: getconf GNU_LIBC_VERSION
[2025-09-05 17:08:38,398][INFO][omni.repo.man.utils.run_process:241] running process: /mnt/c/projects/kit-app-template/repo.sh stubgen -c release
[2025-09-05 17:08:39,264][INFO][omni.repo.man.entry.run:133] Running repo tool: repo_stubgen@None. args: ['stubgen', '-c', 'release']
[2025-09-05 17:08:39,453][INFO][omni.repo.man.fileutils.copy_and_link_using_dict:532] Copy of 0 files took: 0.000 milliseconds.
[2025-09-05 17:08:39,454][INFO][omni.repo.man.fileutils.copy_and_link_using_dict:542] Creating links of 0 folders took: 0.047 milliseconds.
[2025-09-05 17:09:08,629][INFO][omni.repo.man.entry.run:133] Running repo tool: repo_build@1.13.2. args: ['build']
[2025-09-05 17:09:08,629][INFO][omni.repo.man.configuration.set_token:231] Token: 'platform_target' set to 'windows-x86_64'
[2025-09-05 17:09:08,630][INFO][omni.repo.man.configuration.set_token:231] Token: 'platform_target_abi' set to 'windows-x86_64'
[2025-09-05 17:09:08,630][INFO][omni.repo.man.utils.run_process:241] running process: powershell -Command "New-Item -ItemType Directory -Path C:/projects/kit-app-template/source/apps -ErrorAction SilentlyContinue" ; "Write-Host 'Done'"
[2025-09-05 17:09:08,876][INFO][omni.repo.build.dependencies.pull_files:275] Skipping project file (doesn't exist): C:/projects/kit-app-template/deps/host-deps.packman.xml
[2025-09-05 17:09:08,947][INFO][omni.repo.man.utils.run_process:241] running process: C:/projects/kit-app-template/repo.bat precache_exts -c release
[2025-09-05 17:09:09,785][INFO][omni.repo.man.entry.run:133] Running repo tool: repo_precache_exts@None. args: ['precache_exts', '-c', 'release']
[2025-09-05 17:09:09,786][INFO][omni.repo.precache_exts.run:315] precaching app: C:\projects\kit-app-template\source\apps\my_company.my_editor.kit
[2025-09-05 17:09:09,787][INFO][omni.repo.man.utils.run_process:241] running process: C:\projects\kit-app-template\_build\windows-x86_64\release\kit\kit.exe C:\projects\kit-app-template\source\apps\my_company.my_editor.kit --allow-root --portable --ext-precache-mode --/crashreporter/gatherUserStory=0 --/app/settings/persistent=0 --/app/settings/loadUserConfig=0 --/app/extensions/generateVersionLock=1 --/app/extensions/parallelPullEnabled=1 --/app/enableStdoutOutput=1 --/app/extensions/detailedSolverExplanation=1 --/app/extensions/registryEnabled=1 --/app/extensions/mkdirExtFolders=0 --/app/extensions/registryCacheFull='C:\projects\kit-app-template\_build\windows-x86_64\release\extscache' --/log/flushStandardStreamOutput=1 --/exts/omni.kit.registry.nucleus/registries/0/name=\"kit/default\" --/exts/omni.kit.registry.nucleus/registries/0/url=\"https://ovextensionsprod.blob.core.windows.net/exts/kit/prod/${kit_version_major}/shared\" --/exts/omni.kit.registry.nucleus/registries/1/name=\"kit/sdk\" --/exts/omni.kit.registry.nucleus/registries/1/url=\"https://ovextensionsprod.blob.core.windows.net/exts/kit/prod/sdk/${kit_version_short}/${kit_git_hash}\" --/exts/omni.kit.registry.nucleus/registries/2/name=\"kit/community\" --/exts/omni.kit.registry.nucleus/registries/2/url=\"https://dw290v42wisod.cloudfront.net/exts/kit/community\" --/app/extensions/target/config=release --ext-folder C:\projects\kit-app-template\source\extensions --ext-folder C:\projects\kit-app-template\source\apps --portable-root C:/projects/kit-app-template/_build/windows-x86_64/release --/app/extensions/generateVersionLockSkipLocalExts=1
[2025-09-05 17:09:10,110][INFO][omni.repo.build.pippull.pull_pip_dependencies:403] Skip pip pull of because is most recent config (['C:/projects/kit-app-template/tools/deps/pip.toml']) is older than 'C:/projects/kit-app-template/_build\.lastpippull'.
[2025-09-05 17:09:10,110][INFO][omni.repo.build.build.generate_projects:263] generating project from: C:/projects/kit-app-template/premake5.lua
[2025-09-05 17:09:10,110][INFO][omni.repo.man.utils.run_process:241] running process: C:/projects/kit-app-template/_build/host-deps\premake\bin\premake5.exe --file=C:/projects/kit-app-template/premake5.lua no-compile --platform-host=windows-x86_64 --scripts=C:\packman-repo\chk\repo_build\1.13.2\lua --platform-target=windows-x86_64 --linux-x86_64-cxx11-abi=True --solution-name=kit-app-template
[2025-09-05 17:09:11,026][INFO][omni.repo.man.entry.run:133] Running repo tool: repo_kit_pull_extensions@1.10.0. args: ['pull_extensions', 'setup']
[2025-09-05 17:09:11,027][INFO][omni.repo.man.configuration.set_token:231] Token: 'config' set to 'debug'
[2025-09-05 17:09:11,029][INFO][omni.repo.man.configuration.set_token:231] Token: 'config' set to 'release'
[2025-09-05 17:09:11,896][INFO][omni.repo.man.entry.run:133] Running repo tool: repo_build_number@1.88.2. args: ['build_number', '-o', 'c:/projects/kit-app-template/_build/windows-x86_64/debug/VERSION']
[2025-09-05 17:09:11,897][INFO][omni.repo.man.nvenv.get_git_hash:352] Getting Git hash for directory c:\projects\kit-app-template
[2025-09-05 17:09:11,897][INFO][omni.repo.man.nvenv.find_git_path:186] Searching for the location of Git
[2025-09-05 17:09:11,898][INFO][omni.repo.man.nvenv.find_git_path:201] Git 2.28.0-windows-x86_64 fetched by packman
[2025-09-05 17:09:11,898][INFO][omni.repo.man.nvenv.find_git_path:249] Git location: C:/packman-repo/chk/git/2.28.0-windows-x86_64\bin/git.exe
[2025-09-05 17:09:11,898][INFO][omni.repo.man.utils.run_process_return_output:301] running process: C:/packman-repo/chk/git/2.28.0-windows-x86_64\bin/git.exe rev-parse --git-dir
[2025-09-05 17:09:11,996][INFO][omni.repo.man.nvenv.execute_git:284] Calling Git with args: "rev-parse --short=8 HEAD". Try: 1. cwd: 'c:\projects\kit-app-template'
[2025-09-05 17:09:12,027][INFO][omni.repo.man.nvenv.execute_git:295] git call result:
	return code:0
	stdout: 72a92618

	stderr: 
[2025-09-05 17:09:12,027][INFO][omni.repo.man.utils.run_process_return_output:301] running process: C:/packman-repo/chk/git/2.28.0-windows-x86_64\bin/git.exe rev-parse --git-dir
[2025-09-05 17:09:12,057][INFO][omni.repo.man.nvenv.execute_git:284] Calling Git with args: "rev-parse --abbrev-ref HEAD". Try: 1. cwd: 'c:\projects\kit-app-template'
[2025-09-05 17:09:12,088][INFO][omni.repo.man.nvenv.execute_git:295] git call result:
	return code:0
	stdout: main

	stderr: 
[2025-09-05 17:09:12,088][INFO][omni.repo.man.build_number.print_log:182] Build number: '108.0+main.0.72a92618.local'
[2025-09-05 17:09:12,090][INFO][omni.repo.man.build_number.print_log:182] Written to file: 'c:\projects\kit-app-template\_build\windows-x86_64\debug\VERSION'
[2025-09-05 17:09:12,954][INFO][omni.repo.man.entry.run:133] Running repo tool: repo_build_number@1.88.2. args: ['build_number', '-o', 'c:/projects/kit-app-template/_build/windows-x86_64/release/VERSION']
[2025-09-05 17:09:12,954][INFO][omni.repo.man.nvenv.get_git_hash:352] Getting Git hash for directory c:\projects\kit-app-template
[2025-09-05 17:09:12,954][INFO][omni.repo.man.nvenv.find_git_path:186] Searching for the location of Git
[2025-09-05 17:09:12,955][INFO][omni.repo.man.nvenv.find_git_path:201] Git 2.28.0-windows-x86_64 fetched by packman
[2025-09-05 17:09:12,955][INFO][omni.repo.man.nvenv.find_git_path:249] Git location: C:/packman-repo/chk/git/2.28.0-windows-x86_64\bin/git.exe
[2025-09-05 17:09:12,955][INFO][omni.repo.man.utils.run_process_return_output:301] running process: C:/packman-repo/chk/git/2.28.0-windows-x86_64\bin/git.exe rev-parse --git-dir
[2025-09-05 17:09:12,995][INFO][omni.repo.man.nvenv.execute_git:284] Calling Git with args: "rev-parse --short=8 HEAD". Try: 1. cwd: 'c:\projects\kit-app-template'
[2025-09-05 17:09:13,025][INFO][omni.repo.man.nvenv.execute_git:295] git call result:
	return code:0
	stdout: 72a92618

	stderr: 
[2025-09-05 17:09:13,026][INFO][omni.repo.man.utils.run_process_return_output:301] running process: C:/packman-repo/chk/git/2.28.0-windows-x86_64\bin/git.exe rev-parse --git-dir
[2025-09-05 17:09:13,053][INFO][omni.repo.man.nvenv.execute_git:284] Calling Git with args: "rev-parse --abbrev-ref HEAD". Try: 1. cwd: 'c:\projects\kit-app-template'
[2025-09-05 17:09:13,084][INFO][omni.repo.man.nvenv.execute_git:295] git call result:
	return code:0
	stdout: main

	stderr: 
[2025-09-05 17:09:13,084][INFO][omni.repo.man.build_number.print_log:182] Build number: '108.0+main.0.72a92618.local'
[2025-09-05 17:09:13,087][INFO][omni.repo.man.build_number.print_log:182] Written to file: 'c:\projects\kit-app-template\_build\windows-x86_64\release\VERSION'
[2025-09-05 17:09:13,169][INFO][omni.repo.man.fileutils.copy_and_link_using_dict:532] Copy of 0 files took: 0.000 milliseconds.
[2025-09-05 17:09:13,169][INFO][omni.repo.man.fileutils.copy_and_link_using_dict:542] Creating links of 0 folders took: 0.000 milliseconds.
[2025-09-05 17:09:13,174][INFO][omni.repo.man.fileutils.copy_and_link_using_dict:532] Copy of 9 files took: 3.999 milliseconds.
[2025-09-05 17:09:13,182][INFO][omni.repo.man.fileutils.copy_and_link_using_dict:542] Creating links of 13 folders took: 8.010 milliseconds.
[2025-09-05 17:09:16,527][INFO][omni.repo.man.entry.run:133] Running repo tool: repo_launch@None. args: ['launch']
[2025-09-05 17:13:26,295][INFO][omni.repo.man.entry.run:133] Running repo tool: repo_build@1.13.2. args: ['build']
[2025-09-05 17:13:26,297][INFO][omni.repo.man.utils.set_niceness:1013] set IO niceness to 3 (idle)
[2025-09-05 17:13:26,298][INFO][omni.repo.man.utils.set_niceness:1027] set process niceness to 19 (max)
[2025-09-05 17:13:26,298][INFO][omni.repo.man.configuration.set_token:231] Token: 'platform_target' set to 'linux-x86_64'
[2025-09-05 17:13:26,299][INFO][omni.repo.man.configuration.set_token:231] Token: 'platform_target_abi' set to 'manylinux_2_35_x86_64'
[2025-09-05 17:13:26,299][INFO][omni.repo.man.utils.run_process:241] running process: mkdir --parents /mnt/c/projects/kit-app-template/source/apps
[2025-09-05 17:13:26,301][INFO][omni.repo.build.dependencies.pull_files:275] Skipping project file (doesn't exist): /mnt/c/projects/kit-app-template/deps/host-deps.packman.xml
[2025-09-05 17:13:26,374][INFO][omni.repo.man.utils.run_process:241] running process: /mnt/c/projects/kit-app-template/repo.sh precache_exts -c release
[2025-09-05 17:13:27,276][INFO][omni.repo.man.entry.run:133] Running repo tool: repo_precache_exts@None. args: ['precache_exts', '-c', 'release']
[2025-09-05 17:13:27,292][INFO][omni.repo.precache_exts.run:315] precaching app: /mnt/c/projects/kit-app-template/source/apps/my_company.my_editor.kit
[2025-09-05 17:13:27,295][INFO][omni.repo.man.utils.run_process:241] running process: /mnt/c/projects/kit-app-template/_build/linux-x86_64/release/kit/kit /mnt/c/projects/kit-app-template/source/apps/my_company.my_editor.kit --allow-root --portable --ext-precache-mode --/crashreporter/gatherUserStory=0 --/app/settings/persistent=0 --/app/settings/loadUserConfig=0 --/app/extensions/generateVersionLock=1 --/app/extensions/parallelPullEnabled=1 --/app/enableStdoutOutput=1 --/app/extensions/detailedSolverExplanation=1 --/app/extensions/registryEnabled=1 --/app/extensions/mkdirExtFolders=0 '--/app/extensions/registryCacheFull='"'"'/mnt/c/projects/kit-app-template/_build/linux-x86_64/release/extscache'"'"'' --/log/flushStandardStreamOutput=1 '--/exts/omni.kit.registry.nucleus/registries/0/name="kit/default"' '--/exts/omni.kit.registry.nucleus/registries/0/url="https://ovextensionsprod.blob.core.windows.net/exts/kit/prod/${kit_version_major}/shared"' '--/exts/omni.kit.registry.nucleus/registries/1/name="kit/sdk"' '--/exts/omni.kit.registry.nucleus/registries/1/url="https://ovextensionsprod.blob.core.windows.net/exts/kit/prod/sdk/${kit_version_short}/${kit_git_hash}"' '--/exts/omni.kit.registry.nucleus/registries/2/name="kit/community"' '--/exts/omni.kit.registry.nucleus/registries/2/url="https://dw290v42wisod.cloudfront.net/exts/kit/community"' --/app/extensions/target/config=release --ext-folder /mnt/c/projects/kit-app-template/source/extensions --ext-folder /mnt/c/projects/kit-app-template/source/apps --portable-root /mnt/c/projects/kit-app-template/_build/linux-x86_64/release --/app/extensions/generateVersionLockSkipLocalExts=1
[2025-09-05 17:13:27,897][INFO][omni.repo.build.pippull.pull_pip_dependencies:403] Skip pip pull of because is most recent config (['/mnt/c/projects/kit-app-template/tools/deps/pip.toml']) is older than '/mnt/c/projects/kit-app-template/_build/.lastpippull'.
[2025-09-05 17:13:27,901][INFO][omni.repo.build.build.generate_projects:263] generating project from: /mnt/c/projects/kit-app-template/premake5.lua
[2025-09-05 17:13:27,902][INFO][omni.repo.man.utils.run_process:241] running process: /mnt/c/projects/kit-app-template/_build/host-deps/premake/bin/premake5 --file=/mnt/c/projects/kit-app-template/premake5.lua gmake2 --platform-host=linux-x86_64 --scripts=/home/kamran/.cache/packman/chk/repo_build/1.13.2/lua --platform-target=linux-x86_64 --linux-x86_64-cxx11-abi=True --solution-name=kit-app-template --os=linux
[2025-09-05 17:13:28,999][INFO][omni.repo.man.entry.run:133] Running repo tool: repo_kit_pull_extensions@1.10.0. args: ['pull_extensions', 'setup']
[2025-09-05 17:13:29,004][INFO][omni.repo.man.configuration.set_token:231] Token: 'config' set to 'debug'
[2025-09-05 17:13:29,026][INFO][omni.repo.man.configuration.set_token:231] Token: 'config' set to 'release'
[2025-09-05 17:13:30,053][INFO][omni.repo.man.entry.run:133] Running repo tool: repo_build_number@1.88.2. args: ['build_number', '-o', '/mnt/c/projects/kit-app-template/_build/linux-x86_64/debug/VERSION']
[2025-09-05 17:13:30,056][INFO][omni.repo.man.nvenv.get_git_hash:352] Getting Git hash for directory /mnt/c/projects/kit-app-template
[2025-09-05 17:13:30,057][INFO][omni.repo.man.nvenv.find_git_path:186] Searching for the location of Git
[2025-09-05 17:13:30,057][INFO][omni.repo.man.utils.run_process_return_output:301] running process: which git
[2025-09-05 17:13:30,058][INFO][omni.repo.man.nvenv.find_git_path:249] Git location: git
[2025-09-05 17:13:30,059][INFO][omni.repo.man.utils.run_process_return_output:301] running process: git rev-parse --git-dir
[2025-09-05 17:13:30,069][INFO][omni.repo.man.nvenv.execute_git:284] Calling Git with args: "rev-parse --short=8 HEAD". Try: 1. cwd: '/mnt/c/projects/kit-app-template'
[2025-09-05 17:13:30,099][INFO][omni.repo.man.nvenv.execute_git:295] git call result:
	return code:0
	stdout: 72a92618

	stderr: 
[2025-09-05 17:13:30,100][INFO][omni.repo.man.utils.run_process_return_output:301] running process: git rev-parse --git-dir
[2025-09-05 17:13:30,111][INFO][omni.repo.man.nvenv.execute_git:284] Calling Git with args: "rev-parse --abbrev-ref HEAD". Try: 1. cwd: '/mnt/c/projects/kit-app-template'
[2025-09-05 17:13:30,154][INFO][omni.repo.man.nvenv.execute_git:295] git call result:
	return code:0
	stdout: main

	stderr: 
[2025-09-05 17:13:30,155][INFO][omni.repo.man.build_number.print_log:182] Build number: '108.0+main.0.72a92618.local'
[2025-09-05 17:13:30,159][INFO][omni.repo.man.build_number.print_log:182] Written to file: '/mnt/c/projects/kit-app-template/_build/linux-x86_64/debug/VERSION'
[2025-09-05 17:13:31,120][INFO][omni.repo.man.entry.run:133] Running repo tool: repo_build_number@1.88.2. args: ['build_number', '-o', '/mnt/c/projects/kit-app-template/_build/linux-x86_64/release/VERSION']
[2025-09-05 17:13:31,122][INFO][omni.repo.man.nvenv.get_git_hash:352] Getting Git hash for directory /mnt/c/projects/kit-app-template
[2025-09-05 17:13:31,122][INFO][omni.repo.man.nvenv.find_git_path:186] Searching for the location of Git
[2025-09-05 17:13:31,123][INFO][omni.repo.man.utils.run_process_return_output:301] running process: which git
[2025-09-05 17:13:31,124][INFO][omni.repo.man.nvenv.find_git_path:249] Git location: git
[2025-09-05 17:13:31,125][INFO][omni.repo.man.utils.run_process_return_output:301] running process: git rev-parse --git-dir
[2025-09-05 17:13:31,138][INFO][omni.repo.man.nvenv.execute_git:284] Calling Git with args: "rev-parse --short=8 HEAD". Try: 1. cwd: '/mnt/c/projects/kit-app-template'
[2025-09-05 17:13:31,167][INFO][omni.repo.man.nvenv.execute_git:295] git call result:
	return code:0
	stdout: 72a92618

	stderr: 
[2025-09-05 17:13:31,167][INFO][omni.repo.man.utils.run_process_return_output:301] running process: git rev-parse --git-dir
[2025-09-05 17:13:31,180][INFO][omni.repo.man.nvenv.execute_git:284] Calling Git with args: "rev-parse --abbrev-ref HEAD". Try: 1. cwd: '/mnt/c/projects/kit-app-template'
[2025-09-05 17:13:31,224][INFO][omni.repo.man.nvenv.execute_git:295] git call result:
	return code:0
	stdout: main

	stderr: 
[2025-09-05 17:13:31,224][INFO][omni.repo.man.build_number.print_log:182] Build number: '108.0+main.0.72a92618.local'
[2025-09-05 17:13:31,228][INFO][omni.repo.man.build_number.print_log:182] Written to file: '/mnt/c/projects/kit-app-template/_build/linux-x86_64/release/VERSION'
[2025-09-05 17:13:31,317][INFO][omni.repo.man.fileutils.copy_and_link_using_dict:532] Copy of 0 files took: 0.002 milliseconds.
[2025-09-05 17:13:31,318][INFO][omni.repo.man.fileutils.copy_and_link_using_dict:542] Creating links of 0 folders took: 0.042 milliseconds.
[2025-09-05 17:13:31,380][INFO][omni.repo.man.fileutils.copy_and_link_using_dict:532] Copy of 9 files took: 60.770 milliseconds.
[2025-09-05 17:13:31,399][INFO][omni.repo.man.fileutils.copy_and_link_using_dict:542] Creating links of 13 folders took: 17.543 milliseconds.
[2025-09-05 17:13:31,478][INFO][omni.repo.man.container_utils.get_cgroup_cpu_count:147] Using host CPU count: 32
[2025-09-05 17:13:31,479][INFO][omni.repo.man.container_utils.get_cgroup_memory_limit:219] Could not find cgroup memory limit
[2025-09-05 17:13:31,479][INFO][omni.repo.build.main.compute_job_count:1608] Default job count requested. Setting to all host cores: 7 jobs.
[2025-09-05 17:13:31,479][INFO][omni.repo.man.utils.run_process_return_output:301] running process: make --directory=/mnt/c/projects/kit-app-template/_compiler/gmake2 --stop config=release_x86_64 -j7 --output-sync
[2025-09-05 17:13:31,485][INFO][omni.repo.man.utils.run_process_return_output:301] running process: getconf GNU_LIBC_VERSION
[2025-09-05 17:13:31,489][INFO][omni.repo.man.utils.run_process:241] running process: /mnt/c/projects/kit-app-template/repo.sh stubgen -c release
[2025-09-05 17:13:32,428][INFO][omni.repo.man.entry.run:133] Running repo tool: repo_stubgen@None. args: ['stubgen', '-c', 'release']
[2025-09-05 17:13:32,647][INFO][omni.repo.man.fileutils.copy_and_link_using_dict:532] Copy of 0 files took: 0.000 milliseconds.
[2025-09-05 17:13:32,647][INFO][omni.repo.man.fileutils.copy_and_link_using_dict:542] Creating links of 0 folders took: 0.045 milliseconds.
[2025-09-05 17:13:58,929][INFO][omni.repo.man.entry.run:133] Running repo tool: repo_build@1.13.2. args: ['build']
[2025-09-05 17:13:58,929][INFO][omni.repo.man.configuration.set_token:231] Token: 'platform_target' set to 'windows-x86_64'
[2025-09-05 17:13:58,930][INFO][omni.repo.man.configuration.set_token:231] Token: 'platform_target_abi' set to 'windows-x86_64'
[2025-09-05 17:13:58,930][INFO][omni.repo.man.utils.run_process:241] running process: powershell -Command "New-Item -ItemType Directory -Path C:/projects/kit-app-template/source/apps -ErrorAction SilentlyContinue" ; "Write-Host 'Done'"
[2025-09-05 17:13:59,125][INFO][omni.repo.build.dependencies.pull_files:275] Skipping project file (doesn't exist): C:/projects/kit-app-template/deps/host-deps.packman.xml
[2025-09-05 17:13:59,198][INFO][omni.repo.man.utils.run_process:241] running process: C:/projects/kit-app-template/repo.bat precache_exts -c release
[2025-09-05 17:14:00,015][INFO][omni.repo.man.entry.run:133] Running repo tool: repo_precache_exts@None. args: ['precache_exts', '-c', 'release']
[2025-09-05 17:14:00,016][INFO][omni.repo.precache_exts.run:315] precaching app: C:\projects\kit-app-template\source\apps\my_company.my_editor.kit
[2025-09-05 17:14:00,017][INFO][omni.repo.man.utils.run_process:241] running process: C:\projects\kit-app-template\_build\windows-x86_64\release\kit\kit.exe C:\projects\kit-app-template\source\apps\my_company.my_editor.kit --allow-root --portable --ext-precache-mode --/crashreporter/gatherUserStory=0 --/app/settings/persistent=0 --/app/settings/loadUserConfig=0 --/app/extensions/generateVersionLock=1 --/app/extensions/parallelPullEnabled=1 --/app/enableStdoutOutput=1 --/app/extensions/detailedSolverExplanation=1 --/app/extensions/registryEnabled=1 --/app/extensions/mkdirExtFolders=0 --/app/extensions/registryCacheFull='C:\projects\kit-app-template\_build\windows-x86_64\release\extscache' --/log/flushStandardStreamOutput=1 --/exts/omni.kit.registry.nucleus/registries/0/name=\"kit/default\" --/exts/omni.kit.registry.nucleus/registries/0/url=\"https://ovextensionsprod.blob.core.windows.net/exts/kit/prod/${kit_version_major}/shared\" --/exts/omni.kit.registry.nucleus/registries/1/name=\"kit/sdk\" --/exts/omni.kit.registry.nucleus/registries/1/url=\"https://ovextensionsprod.blob.core.windows.net/exts/kit/prod/sdk/${kit_version_short}/${kit_git_hash}\" --/exts/omni.kit.registry.nucleus/registries/2/name=\"kit/community\" --/exts/omni.kit.registry.nucleus/registries/2/url=\"https://dw290v42wisod.cloudfront.net/exts/kit/community\" --/app/extensions/target/config=release --ext-folder C:\projects\kit-app-template\source\extensions --ext-folder C:\projects\kit-app-template\source\apps --portable-root C:/projects/kit-app-template/_build/windows-x86_64/release --/app/extensions/generateVersionLockSkipLocalExts=1
[2025-09-05 17:14:00,340][INFO][omni.repo.build.pippull.pull_pip_dependencies:403] Skip pip pull of because is most recent config (['C:/projects/kit-app-template/tools/deps/pip.toml']) is older than 'C:/projects/kit-app-template/_build\.lastpippull'.
[2025-09-05 17:14:00,340][INFO][omni.repo.build.build.generate_projects:263] generating project from: C:/projects/kit-app-template/premake5.lua
[2025-09-05 17:14:00,340][INFO][omni.repo.man.utils.run_process:241] running process: C:/projects/kit-app-template/_build/host-deps\premake\bin\premake5.exe --file=C:/projects/kit-app-template/premake5.lua no-compile --platform-host=windows-x86_64 --scripts=C:\packman-repo\chk\repo_build\1.13.2\lua --platform-target=windows-x86_64 --linux-x86_64-cxx11-abi=True --solution-name=kit-app-template
[2025-09-05 17:14:01,258][INFO][omni.repo.man.entry.run:133] Running repo tool: repo_kit_pull_extensions@1.10.0. args: ['pull_extensions', 'setup']
[2025-09-05 17:14:01,259][INFO][omni.repo.man.configuration.set_token:231] Token: 'config' set to 'debug'
[2025-09-05 17:14:01,262][INFO][omni.repo.man.configuration.set_token:231] Token: 'config' set to 'release'
[2025-09-05 17:14:02,121][INFO][omni.repo.man.entry.run:133] Running repo tool: repo_build_number@1.88.2. args: ['build_number', '-o', 'c:/projects/kit-app-template/_build/windows-x86_64/debug/VERSION']
[2025-09-05 17:14:02,121][INFO][omni.repo.man.nvenv.get_git_hash:352] Getting Git hash for directory c:\projects\kit-app-template
[2025-09-05 17:14:02,121][INFO][omni.repo.man.nvenv.find_git_path:186] Searching for the location of Git
[2025-09-05 17:14:02,122][INFO][omni.repo.man.nvenv.find_git_path:201] Git 2.28.0-windows-x86_64 fetched by packman
[2025-09-05 17:14:02,122][INFO][omni.repo.man.nvenv.find_git_path:249] Git location: C:/packman-repo/chk/git/2.28.0-windows-x86_64\bin/git.exe
[2025-09-05 17:14:02,123][INFO][omni.repo.man.utils.run_process_return_output:301] running process: C:/packman-repo/chk/git/2.28.0-windows-x86_64\bin/git.exe rev-parse --git-dir
[2025-09-05 17:14:02,161][INFO][omni.repo.man.nvenv.execute_git:284] Calling Git with args: "rev-parse --short=8 HEAD". Try: 1. cwd: 'c:\projects\kit-app-template'
[2025-09-05 17:14:02,193][INFO][omni.repo.man.nvenv.execute_git:295] git call result:
	return code:0
	stdout: 72a92618

	stderr: 
[2025-09-05 17:14:02,193][INFO][omni.repo.man.utils.run_process_return_output:301] running process: C:/packman-repo/chk/git/2.28.0-windows-x86_64\bin/git.exe rev-parse --git-dir
[2025-09-05 17:14:02,223][INFO][omni.repo.man.nvenv.execute_git:284] Calling Git with args: "rev-parse --abbrev-ref HEAD". Try: 1. cwd: 'c:\projects\kit-app-template'
[2025-09-05 17:14:02,253][INFO][omni.repo.man.nvenv.execute_git:295] git call result:
	return code:0
	stdout: main

	stderr: 
[2025-09-05 17:14:02,253][INFO][omni.repo.man.build_number.print_log:182] Build number: '108.0+main.0.72a92618.local'
[2025-09-05 17:14:02,256][INFO][omni.repo.man.build_number.print_log:182] Written to file: 'c:\projects\kit-app-template\_build\windows-x86_64\debug\VERSION'
[2025-09-05 17:14:03,105][INFO][omni.repo.man.entry.run:133] Running repo tool: repo_build_number@1.88.2. args: ['build_number', '-o', 'c:/projects/kit-app-template/_build/windows-x86_64/release/VERSION']
[2025-09-05 17:14:03,105][INFO][omni.repo.man.nvenv.get_git_hash:352] Getting Git hash for directory c:\projects\kit-app-template
[2025-09-05 17:14:03,105][INFO][omni.repo.man.nvenv.find_git_path:186] Searching for the location of Git
[2025-09-05 17:14:03,106][INFO][omni.repo.man.nvenv.find_git_path:201] Git 2.28.0-windows-x86_64 fetched by packman
[2025-09-05 17:14:03,106][INFO][omni.repo.man.nvenv.find_git_path:249] Git location: C:/packman-repo/chk/git/2.28.0-windows-x86_64\bin/git.exe
[2025-09-05 17:14:03,107][INFO][omni.repo.man.utils.run_process_return_output:301] running process: C:/packman-repo/chk/git/2.28.0-windows-x86_64\bin/git.exe rev-parse --git-dir
[2025-09-05 17:14:03,141][INFO][omni.repo.man.nvenv.execute_git:284] Calling Git with args: "rev-parse --short=8 HEAD". Try: 1. cwd: 'c:\projects\kit-app-template'
[2025-09-05 17:14:03,174][INFO][omni.repo.man.nvenv.execute_git:295] git call result:
	return code:0
	stdout: 72a92618

	stderr: 
[2025-09-05 17:14:03,175][INFO][omni.repo.man.utils.run_process_return_output:301] running process: C:/packman-repo/chk/git/2.28.0-windows-x86_64\bin/git.exe rev-parse --git-dir
[2025-09-05 17:14:03,203][INFO][omni.repo.man.nvenv.execute_git:284] Calling Git with args: "rev-parse --abbrev-ref HEAD". Try: 1. cwd: 'c:\projects\kit-app-template'
[2025-09-05 17:14:03,234][INFO][omni.repo.man.nvenv.execute_git:295] git call result:
	return code:0
	stdout: main

	stderr: 
[2025-09-05 17:14:03,234][INFO][omni.repo.man.build_number.print_log:182] Build number: '108.0+main.0.72a92618.local'
[2025-09-05 17:14:03,236][INFO][omni.repo.man.build_number.print_log:182] Written to file: 'c:\projects\kit-app-template\_build\windows-x86_64\release\VERSION'
[2025-09-05 17:14:03,304][INFO][omni.repo.man.fileutils.copy_and_link_using_dict:532] Copy of 0 files took: 0.000 milliseconds.
[2025-09-05 17:14:03,304][INFO][omni.repo.man.fileutils.copy_and_link_using_dict:542] Creating links of 0 folders took: 0.000 milliseconds.
[2025-09-05 17:14:03,308][INFO][omni.repo.man.fileutils.copy_and_link_using_dict:532] Copy of 9 files took: 3.008 milliseconds.
[2025-09-05 17:14:03,319][INFO][omni.repo.man.fileutils.copy_and_link_using_dict:542] Creating links of 13 folders took: 10.002 milliseconds.
[2025-09-05 17:14:06,229][INFO][omni.repo.man.entry.run:133] Running repo tool: repo_launch@None. args: ['launch']
[2025-09-05 17:15:31,987][INFO][omni.repo.man.entry.run:133] Running repo tool: repo_build@1.13.2. args: ['build']
[2025-09-05 17:15:31,987][INFO][omni.repo.man.configuration.set_token:231] Token: 'platform_target' set to 'windows-x86_64'
[2025-09-05 17:15:31,987][INFO][omni.repo.man.configuration.set_token:231] Token: 'platform_target_abi' set to 'windows-x86_64'
[2025-09-05 17:15:31,988][INFO][omni.repo.man.utils.run_process:241] running process: powershell -Command "New-Item -ItemType Directory -Path C:/projects/kit-app-template/source/apps -ErrorAction SilentlyContinue" ; "Write-Host 'Done'"
[2025-09-05 17:15:32,171][INFO][omni.repo.build.dependencies.pull_files:275] Skipping project file (doesn't exist): C:/projects/kit-app-template/deps/host-deps.packman.xml
[2025-09-05 17:15:32,179][INFO][omni.repo.man.utils.run_process:241] running process: C:/projects/kit-app-template/repo.bat precache_exts -c release
[2025-09-05 17:15:33,009][INFO][omni.repo.man.entry.run:133] Running repo tool: repo_precache_exts@None. args: ['precache_exts', '-c', 'release']
[2025-09-05 17:15:33,010][INFO][omni.repo.precache_exts.run:315] precaching app: C:\projects\kit-app-template\source\apps\my_company.my_editor.kit
[2025-09-05 17:15:33,011][INFO][omni.repo.man.utils.run_process:241] running process: C:\projects\kit-app-template\_build\windows-x86_64\release\kit\kit.exe C:\projects\kit-app-template\source\apps\my_company.my_editor.kit --allow-root --portable --ext-precache-mode --/crashreporter/gatherUserStory=0 --/app/settings/persistent=0 --/app/settings/loadUserConfig=0 --/app/extensions/generateVersionLock=1 --/app/extensions/parallelPullEnabled=1 --/app/enableStdoutOutput=1 --/app/extensions/detailedSolverExplanation=1 --/app/extensions/registryEnabled=1 --/app/extensions/mkdirExtFolders=0 --/app/extensions/registryCacheFull='C:\projects\kit-app-template\_build\windows-x86_64\release\extscache' --/log/flushStandardStreamOutput=1 --/exts/omni.kit.registry.nucleus/registries/0/name=\"kit/default\" --/exts/omni.kit.registry.nucleus/registries/0/url=\"https://ovextensionsprod.blob.core.windows.net/exts/kit/prod/${kit_version_major}/shared\" --/exts/omni.kit.registry.nucleus/registries/1/name=\"kit/sdk\" --/exts/omni.kit.registry.nucleus/registries/1/url=\"https://ovextensionsprod.blob.core.windows.net/exts/kit/prod/sdk/${kit_version_short}/${kit_git_hash}\" --/exts/omni.kit.registry.nucleus/registries/2/name=\"kit/community\" --/exts/omni.kit.registry.nucleus/registries/2/url=\"https://dw290v42wisod.cloudfront.net/exts/kit/community\" --/app/extensions/target/config=release --ext-folder C:\projects\kit-app-template\source\extensions --ext-folder C:\projects\kit-app-template\source\apps --portable-root C:/projects/kit-app-template/_build/windows-x86_64/release --/app/extensions/generateVersionLockSkipLocalExts=1
[2025-09-05 17:15:33,320][INFO][omni.repo.build.pippull.pull_pip_dependencies:403] Skip pip pull of because is most recent config (['C:/projects/kit-app-template/tools/deps/pip.toml']) is older than 'C:/projects/kit-app-template/_build\.lastpippull'.
[2025-09-05 17:15:33,320][INFO][omni.repo.build.build.generate_projects:263] generating project from: C:/projects/kit-app-template/premake5.lua
[2025-09-05 17:15:33,320][INFO][omni.repo.man.utils.run_process:241] running process: C:/projects/kit-app-template/_build/host-deps\premake\bin\premake5.exe --file=C:/projects/kit-app-template/premake5.lua no-compile --platform-host=windows-x86_64 --scripts=C:\packman-repo\chk\repo_build\1.13.2\lua --platform-target=windows-x86_64 --linux-x86_64-cxx11-abi=True --solution-name=kit-app-template
[2025-09-05 17:15:34,198][INFO][omni.repo.man.entry.run:133] Running repo tool: repo_kit_pull_extensions@1.10.0. args: ['pull_extensions', 'setup']
[2025-09-05 17:15:34,199][INFO][omni.repo.man.configuration.set_token:231] Token: 'config' set to 'debug'
[2025-09-05 17:15:34,201][INFO][omni.repo.man.configuration.set_token:231] Token: 'config' set to 'release'
[2025-09-05 17:15:35,057][INFO][omni.repo.man.entry.run:133] Running repo tool: repo_build_number@1.88.2. args: ['build_number', '-o', 'c:/projects/kit-app-template/_build/windows-x86_64/debug/VERSION']
[2025-09-05 17:15:35,058][INFO][omni.repo.man.nvenv.get_git_hash:352] Getting Git hash for directory c:\projects\kit-app-template
[2025-09-05 17:15:35,058][INFO][omni.repo.man.nvenv.find_git_path:186] Searching for the location of Git
[2025-09-05 17:15:35,059][INFO][omni.repo.man.nvenv.find_git_path:201] Git 2.28.0-windows-x86_64 fetched by packman
[2025-09-05 17:15:35,059][INFO][omni.repo.man.nvenv.find_git_path:249] Git location: C:/packman-repo/chk/git/2.28.0-windows-x86_64\bin/git.exe
[2025-09-05 17:15:35,059][INFO][omni.repo.man.utils.run_process_return_output:301] running process: C:/packman-repo/chk/git/2.28.0-windows-x86_64\bin/git.exe rev-parse --git-dir
[2025-09-05 17:15:35,155][INFO][omni.repo.man.nvenv.execute_git:284] Calling Git with args: "rev-parse --short=8 HEAD". Try: 1. cwd: 'c:\projects\kit-app-template'
[2025-09-05 17:15:35,185][INFO][omni.repo.man.nvenv.execute_git:295] git call result:
	return code:0
	stdout: 72a92618

	stderr: 
[2025-09-05 17:15:35,186][INFO][omni.repo.man.utils.run_process_return_output:301] running process: C:/packman-repo/chk/git/2.28.0-windows-x86_64\bin/git.exe rev-parse --git-dir
[2025-09-05 17:15:35,214][INFO][omni.repo.man.nvenv.execute_git:284] Calling Git with args: "rev-parse --abbrev-ref HEAD". Try: 1. cwd: 'c:\projects\kit-app-template'
[2025-09-05 17:15:35,246][INFO][omni.repo.man.nvenv.execute_git:295] git call result:
	return code:0
	stdout: main

	stderr: 
[2025-09-05 17:15:35,246][INFO][omni.repo.man.build_number.print_log:182] Build number: '108.0+main.0.72a92618.local'
[2025-09-05 17:15:35,248][INFO][omni.repo.man.build_number.print_log:182] Written to file: 'c:\projects\kit-app-template\_build\windows-x86_64\debug\VERSION'
[2025-09-05 17:15:36,113][INFO][omni.repo.man.entry.run:133] Running repo tool: repo_build_number@1.88.2. args: ['build_number', '-o', 'c:/projects/kit-app-template/_build/windows-x86_64/release/VERSION']
[2025-09-05 17:15:36,113][INFO][omni.repo.man.nvenv.get_git_hash:352] Getting Git hash for directory c:\projects\kit-app-template
[2025-09-05 17:15:36,113][INFO][omni.repo.man.nvenv.find_git_path:186] Searching for the location of Git
[2025-09-05 17:15:36,115][INFO][omni.repo.man.nvenv.find_git_path:201] Git 2.28.0-windows-x86_64 fetched by packman
[2025-09-05 17:15:36,115][INFO][omni.repo.man.nvenv.find_git_path:249] Git location: C:/packman-repo/chk/git/2.28.0-windows-x86_64\bin/git.exe
[2025-09-05 17:15:36,115][INFO][omni.repo.man.utils.run_process_return_output:301] running process: C:/packman-repo/chk/git/2.28.0-windows-x86_64\bin/git.exe rev-parse --git-dir
[2025-09-05 17:15:36,147][INFO][omni.repo.man.nvenv.execute_git:284] Calling Git with args: "rev-parse --short=8 HEAD". Try: 1. cwd: 'c:\projects\kit-app-template'
[2025-09-05 17:15:36,200][INFO][omni.repo.man.nvenv.execute_git:295] git call result:
	return code:0
	stdout: 72a92618

	stderr: 
[2025-09-05 17:15:36,200][INFO][omni.repo.man.utils.run_process_return_output:301] running process: C:/packman-repo/chk/git/2.28.0-windows-x86_64\bin/git.exe rev-parse --git-dir
[2025-09-05 17:15:36,233][INFO][omni.repo.man.nvenv.execute_git:284] Calling Git with args: "rev-parse --abbrev-ref HEAD". Try: 1. cwd: 'c:\projects\kit-app-template'
[2025-09-05 17:15:36,266][INFO][omni.repo.man.nvenv.execute_git:295] git call result:
	return code:0
	stdout: main

	stderr: 
[2025-09-05 17:15:36,267][INFO][omni.repo.man.build_number.print_log:182] Build number: '108.0+main.0.72a92618.local'
[2025-09-05 17:15:36,269][INFO][omni.repo.man.build_number.print_log:182] Written to file: 'c:\projects\kit-app-template\_build\windows-x86_64\release\VERSION'
[2025-09-05 17:15:36,342][INFO][omni.repo.man.fileutils.copy_and_link_using_dict:532] Copy of 0 files took: 0.000 milliseconds.
[2025-09-05 17:15:36,342][INFO][omni.repo.man.fileutils.copy_and_link_using_dict:542] Creating links of 0 folders took: 0.000 milliseconds.
[2025-09-05 17:15:36,347][INFO][omni.repo.man.fileutils.copy_and_link_using_dict:532] Copy of 9 files took: 4.008 milliseconds.
[2025-09-05 17:15:36,355][INFO][omni.repo.man.fileutils.copy_and_link_using_dict:542] Creating links of 13 folders took: 8.000 milliseconds.
[2025-09-05 17:15:39,455][INFO][omni.repo.man.entry.run:133] Running repo tool: repo_launch@None. args: ['launch']
[2025-09-05 17:17:47,453][INFO][omni.repo.man.entry.run:133] Running repo tool: repo_build@1.13.2. args: ['build']
[2025-09-05 17:17:47,454][INFO][omni.repo.man.utils.set_niceness:1013] set IO niceness to 3 (idle)
[2025-09-05 17:17:47,456][INFO][omni.repo.man.utils.set_niceness:1027] set process niceness to 19 (max)
[2025-09-05 17:17:47,456][INFO][omni.repo.man.configuration.set_token:231] Token: 'platform_target' set to 'linux-x86_64'
[2025-09-05 17:17:47,456][INFO][omni.repo.man.configuration.set_token:231] Token: 'platform_target_abi' set to 'manylinux_2_35_x86_64'
[2025-09-05 17:17:47,457][INFO][omni.repo.man.utils.run_process:241] running process: mkdir --parents /mnt/c/projects/kit-app-template/source/apps
[2025-09-05 17:17:47,461][INFO][omni.repo.build.dependencies.pull_files:275] Skipping project file (doesn't exist): /mnt/c/projects/kit-app-template/deps/host-deps.packman.xml
[2025-09-05 17:17:47,532][INFO][omni.repo.man.utils.run_process:241] running process: /mnt/c/projects/kit-app-template/repo.sh precache_exts -c release
[2025-09-05 17:17:48,466][INFO][omni.repo.man.entry.run:133] Running repo tool: repo_precache_exts@None. args: ['precache_exts', '-c', 'release']
[2025-09-05 17:17:48,484][INFO][omni.repo.precache_exts.run:315] precaching app: /mnt/c/projects/kit-app-template/source/apps/my_company.my_editor.kit
[2025-09-05 17:17:48,487][INFO][omni.repo.man.utils.run_process:241] running process: /mnt/c/projects/kit-app-template/_build/linux-x86_64/release/kit/kit /mnt/c/projects/kit-app-template/source/apps/my_company.my_editor.kit --allow-root --portable --ext-precache-mode --/crashreporter/gatherUserStory=0 --/app/settings/persistent=0 --/app/settings/loadUserConfig=0 --/app/extensions/generateVersionLock=1 --/app/extensions/parallelPullEnabled=1 --/app/enableStdoutOutput=1 --/app/extensions/detailedSolverExplanation=1 --/app/extensions/registryEnabled=1 --/app/extensions/mkdirExtFolders=0 '--/app/extensions/registryCacheFull='"'"'/mnt/c/projects/kit-app-template/_build/linux-x86_64/release/extscache'"'"'' --/log/flushStandardStreamOutput=1 '--/exts/omni.kit.registry.nucleus/registries/0/name="kit/default"' '--/exts/omni.kit.registry.nucleus/registries/0/url="https://ovextensionsprod.blob.core.windows.net/exts/kit/prod/${kit_version_major}/shared"' '--/exts/omni.kit.registry.nucleus/registries/1/name="kit/sdk"' '--/exts/omni.kit.registry.nucleus/registries/1/url="https://ovextensionsprod.blob.core.windows.net/exts/kit/prod/sdk/${kit_version_short}/${kit_git_hash}"' '--/exts/omni.kit.registry.nucleus/registries/2/name="kit/community"' '--/exts/omni.kit.registry.nucleus/registries/2/url="https://dw290v42wisod.cloudfront.net/exts/kit/community"' --/app/extensions/target/config=release --ext-folder /mnt/c/projects/kit-app-template/source/extensions --ext-folder /mnt/c/projects/kit-app-template/source/apps --portable-root /mnt/c/projects/kit-app-template/_build/linux-x86_64/release --/app/extensions/generateVersionLockSkipLocalExts=1
[2025-09-05 17:17:49,160][INFO][omni.repo.build.pippull.pull_pip_dependencies:403] Skip pip pull of because is most recent config (['/mnt/c/projects/kit-app-template/tools/deps/pip.toml']) is older than '/mnt/c/projects/kit-app-template/_build/.lastpippull'.
[2025-09-05 17:17:49,164][INFO][omni.repo.build.build.generate_projects:263] generating project from: /mnt/c/projects/kit-app-template/premake5.lua
[2025-09-05 17:17:49,165][INFO][omni.repo.man.utils.run_process:241] running process: /mnt/c/projects/kit-app-template/_build/host-deps/premake/bin/premake5 --file=/mnt/c/projects/kit-app-template/premake5.lua gmake2 --platform-host=linux-x86_64 --scripts=/home/kamran/.cache/packman/chk/repo_build/1.13.2/lua --platform-target=linux-x86_64 --linux-x86_64-cxx11-abi=True --solution-name=kit-app-template --os=linux
[2025-09-05 17:17:50,320][INFO][omni.repo.man.entry.run:133] Running repo tool: repo_kit_pull_extensions@1.10.0. args: ['pull_extensions', 'setup']
[2025-09-05 17:17:50,325][INFO][omni.repo.man.configuration.set_token:231] Token: 'config' set to 'debug'
[2025-09-05 17:17:50,349][INFO][omni.repo.man.configuration.set_token:231] Token: 'config' set to 'release'
[2025-09-05 17:17:51,387][INFO][omni.repo.man.entry.run:133] Running repo tool: repo_build_number@1.88.2. args: ['build_number', '-o', '/mnt/c/projects/kit-app-template/_build/linux-x86_64/debug/VERSION']
[2025-09-05 17:17:51,389][INFO][omni.repo.man.nvenv.get_git_hash:352] Getting Git hash for directory /mnt/c/projects/kit-app-template
[2025-09-05 17:17:51,389][INFO][omni.repo.man.nvenv.find_git_path:186] Searching for the location of Git
[2025-09-05 17:17:51,390][INFO][omni.repo.man.utils.run_process_return_output:301] running process: which git
[2025-09-05 17:17:51,391][INFO][omni.repo.man.nvenv.find_git_path:249] Git location: git
[2025-09-05 17:17:51,394][INFO][omni.repo.man.utils.run_process_return_output:301] running process: git rev-parse --git-dir
[2025-09-05 17:17:51,406][INFO][omni.repo.man.nvenv.execute_git:284] Calling Git with args: "rev-parse --short=8 HEAD". Try: 1. cwd: '/mnt/c/projects/kit-app-template'
[2025-09-05 17:17:51,435][INFO][omni.repo.man.nvenv.execute_git:295] git call result:
	return code:0
	stdout: 72a92618

	stderr: 
[2025-09-05 17:17:51,436][INFO][omni.repo.man.utils.run_process_return_output:301] running process: git rev-parse --git-dir
[2025-09-05 17:17:51,446][INFO][omni.repo.man.nvenv.execute_git:284] Calling Git with args: "rev-parse --abbrev-ref HEAD". Try: 1. cwd: '/mnt/c/projects/kit-app-template'
[2025-09-05 17:17:51,485][INFO][omni.repo.man.nvenv.execute_git:295] git call result:
	return code:0
	stdout: main

	stderr: 
[2025-09-05 17:17:51,486][INFO][omni.repo.man.build_number.print_log:182] Build number: '108.0+main.0.72a92618.local'
[2025-09-05 17:17:51,490][INFO][omni.repo.man.build_number.print_log:182] Written to file: '/mnt/c/projects/kit-app-template/_build/linux-x86_64/debug/VERSION'
[2025-09-05 17:17:52,444][INFO][omni.repo.man.entry.run:133] Running repo tool: repo_build_number@1.88.2. args: ['build_number', '-o', '/mnt/c/projects/kit-app-template/_build/linux-x86_64/release/VERSION']
[2025-09-05 17:17:52,446][INFO][omni.repo.man.nvenv.get_git_hash:352] Getting Git hash for directory /mnt/c/projects/kit-app-template
[2025-09-05 17:17:52,446][INFO][omni.repo.man.nvenv.find_git_path:186] Searching for the location of Git
[2025-09-05 17:17:52,446][INFO][omni.repo.man.utils.run_process_return_output:301] running process: which git
[2025-09-05 17:17:52,448][INFO][omni.repo.man.nvenv.find_git_path:249] Git location: git
[2025-09-05 17:17:52,448][INFO][omni.repo.man.utils.run_process_return_output:301] running process: git rev-parse --git-dir
[2025-09-05 17:17:52,458][INFO][omni.repo.man.nvenv.execute_git:284] Calling Git with args: "rev-parse --short=8 HEAD". Try: 1. cwd: '/mnt/c/projects/kit-app-template'
[2025-09-05 17:17:52,486][INFO][omni.repo.man.nvenv.execute_git:295] git call result:
	return code:0
	stdout: 72a92618

	stderr: 
[2025-09-05 17:17:52,487][INFO][omni.repo.man.utils.run_process_return_output:301] running process: git rev-parse --git-dir
[2025-09-05 17:17:52,497][INFO][omni.repo.man.nvenv.execute_git:284] Calling Git with args: "rev-parse --abbrev-ref HEAD". Try: 1. cwd: '/mnt/c/projects/kit-app-template'
[2025-09-05 17:17:52,535][INFO][omni.repo.man.nvenv.execute_git:295] git call result:
	return code:0
	stdout: main

	stderr: 
[2025-09-05 17:17:52,536][INFO][omni.repo.man.build_number.print_log:182] Build number: '108.0+main.0.72a92618.local'
[2025-09-05 17:17:52,539][INFO][omni.repo.man.build_number.print_log:182] Written to file: '/mnt/c/projects/kit-app-template/_build/linux-x86_64/release/VERSION'
[2025-09-05 17:17:52,624][INFO][omni.repo.man.fileutils.copy_and_link_using_dict:532] Copy of 0 files took: 0.002 milliseconds.
[2025-09-05 17:17:52,624][INFO][omni.repo.man.fileutils.copy_and_link_using_dict:542] Creating links of 0 folders took: 0.044 milliseconds.
[2025-09-05 17:17:52,681][INFO][omni.repo.man.fileutils.copy_and_link_using_dict:532] Copy of 9 files took: 55.132 milliseconds.
[2025-09-05 17:17:52,697][INFO][omni.repo.man.fileutils.copy_and_link_using_dict:542] Creating links of 13 folders took: 15.406 milliseconds.
[2025-09-05 17:17:52,770][INFO][omni.repo.man.container_utils.get_cgroup_cpu_count:147] Using host CPU count: 32
[2025-09-05 17:17:52,771][INFO][omni.repo.man.container_utils.get_cgroup_memory_limit:219] Could not find cgroup memory limit
[2025-09-05 17:17:52,771][INFO][omni.repo.build.main.compute_job_count:1608] Default job count requested. Setting to all host cores: 7 jobs.
[2025-09-05 17:17:52,771][INFO][omni.repo.man.utils.run_process_return_output:301] running process: make --directory=/mnt/c/projects/kit-app-template/_compiler/gmake2 --stop config=release_x86_64 -j7 --output-sync
[2025-09-05 17:17:52,776][INFO][omni.repo.man.utils.run_process_return_output:301] running process: getconf GNU_LIBC_VERSION
[2025-09-05 17:17:52,780][INFO][omni.repo.man.utils.run_process:241] running process: /mnt/c/projects/kit-app-template/repo.sh stubgen -c release
[2025-09-05 17:17:53,676][INFO][omni.repo.man.entry.run:133] Running repo tool: repo_stubgen@None. args: ['stubgen', '-c', 'release']
[2025-09-05 17:17:53,867][INFO][omni.repo.man.fileutils.copy_and_link_using_dict:532] Copy of 0 files took: 0.000 milliseconds.
[2025-09-05 17:17:53,867][INFO][omni.repo.man.fileutils.copy_and_link_using_dict:542] Creating links of 0 folders took: 0.041 milliseconds.
[2025-09-05 17:18:00,022][INFO][omni.repo.man.entry.run:133] Running repo tool: repo_build@1.13.2. args: ['build']
[2025-09-05 17:18:00,023][INFO][omni.repo.man.configuration.set_token:231] Token: 'platform_target' set to 'windows-x86_64'
[2025-09-05 17:18:00,023][INFO][omni.repo.man.configuration.set_token:231] Token: 'platform_target_abi' set to 'windows-x86_64'
[2025-09-05 17:18:00,024][INFO][omni.repo.man.utils.run_process:241] running process: powershell -Command "New-Item -ItemType Directory -Path C:/projects/kit-app-template/source/apps -ErrorAction SilentlyContinue" ; "Write-Host 'Done'"
[2025-09-05 17:18:00,196][INFO][omni.repo.build.dependencies.pull_files:275] Skipping project file (doesn't exist): C:/projects/kit-app-template/deps/host-deps.packman.xml
[2025-09-05 17:18:00,273][INFO][omni.repo.man.utils.run_process:241] running process: C:/projects/kit-app-template/repo.bat precache_exts -c release
[2025-09-05 17:18:01,102][INFO][omni.repo.man.entry.run:133] Running repo tool: repo_precache_exts@None. args: ['precache_exts', '-c', 'release']
[2025-09-05 17:18:01,104][INFO][omni.repo.precache_exts.run:315] precaching app: C:\projects\kit-app-template\source\apps\my_company.my_editor.kit
[2025-09-05 17:18:01,104][INFO][omni.repo.man.utils.run_process:241] running process: C:\projects\kit-app-template\_build\windows-x86_64\release\kit\kit.exe C:\projects\kit-app-template\source\apps\my_company.my_editor.kit --allow-root --portable --ext-precache-mode --/crashreporter/gatherUserStory=0 --/app/settings/persistent=0 --/app/settings/loadUserConfig=0 --/app/extensions/generateVersionLock=1 --/app/extensions/parallelPullEnabled=1 --/app/enableStdoutOutput=1 --/app/extensions/detailedSolverExplanation=1 --/app/extensions/registryEnabled=1 --/app/extensions/mkdirExtFolders=0 --/app/extensions/registryCacheFull='C:\projects\kit-app-template\_build\windows-x86_64\release\extscache' --/log/flushStandardStreamOutput=1 --/exts/omni.kit.registry.nucleus/registries/0/name=\"kit/default\" --/exts/omni.kit.registry.nucleus/registries/0/url=\"https://ovextensionsprod.blob.core.windows.net/exts/kit/prod/${kit_version_major}/shared\" --/exts/omni.kit.registry.nucleus/registries/1/name=\"kit/sdk\" --/exts/omni.kit.registry.nucleus/registries/1/url=\"https://ovextensionsprod.blob.core.windows.net/exts/kit/prod/sdk/${kit_version_short}/${kit_git_hash}\" --/exts/omni.kit.registry.nucleus/registries/2/name=\"kit/community\" --/exts/omni.kit.registry.nucleus/registries/2/url=\"https://dw290v42wisod.cloudfront.net/exts/kit/community\" --/app/extensions/target/config=release --ext-folder C:\projects\kit-app-template\source\extensions --ext-folder C:\projects\kit-app-template\source\apps --portable-root C:/projects/kit-app-template/_build/windows-x86_64/release --/app/extensions/generateVersionLockSkipLocalExts=1
[2025-09-05 17:18:01,404][INFO][omni.repo.build.pippull.pull_pip_dependencies:403] Skip pip pull of because is most recent config (['C:/projects/kit-app-template/tools/deps/pip.toml']) is older than 'C:/projects/kit-app-template/_build\.lastpippull'.
[2025-09-05 17:18:01,404][INFO][omni.repo.build.build.generate_projects:263] generating project from: C:/projects/kit-app-template/premake5.lua
[2025-09-05 17:18:01,404][INFO][omni.repo.man.utils.run_process:241] running process: C:/projects/kit-app-template/_build/host-deps\premake\bin\premake5.exe --file=C:/projects/kit-app-template/premake5.lua no-compile --platform-host=windows-x86_64 --scripts=C:\packman-repo\chk\repo_build\1.13.2\lua --platform-target=windows-x86_64 --linux-x86_64-cxx11-abi=True --solution-name=kit-app-template
[2025-09-05 17:18:02,325][INFO][omni.repo.man.entry.run:133] Running repo tool: repo_kit_pull_extensions@1.10.0. args: ['pull_extensions', 'setup']
[2025-09-05 17:18:02,326][INFO][omni.repo.man.configuration.set_token:231] Token: 'config' set to 'debug'
[2025-09-05 17:18:02,329][INFO][omni.repo.man.configuration.set_token:231] Token: 'config' set to 'release'
[2025-09-05 17:18:03,209][INFO][omni.repo.man.entry.run:133] Running repo tool: repo_build_number@1.88.2. args: ['build_number', '-o', 'c:/projects/kit-app-template/_build/windows-x86_64/debug/VERSION']
[2025-09-05 17:18:03,209][INFO][omni.repo.man.nvenv.get_git_hash:352] Getting Git hash for directory c:\projects\kit-app-template
[2025-09-05 17:18:03,209][INFO][omni.repo.man.nvenv.find_git_path:186] Searching for the location of Git
[2025-09-05 17:18:03,210][INFO][omni.repo.man.nvenv.find_git_path:201] Git 2.28.0-windows-x86_64 fetched by packman
[2025-09-05 17:18:03,210][INFO][omni.repo.man.nvenv.find_git_path:249] Git location: C:/packman-repo/chk/git/2.28.0-windows-x86_64\bin/git.exe
[2025-09-05 17:18:03,210][INFO][omni.repo.man.utils.run_process_return_output:301] running process: C:/packman-repo/chk/git/2.28.0-windows-x86_64\bin/git.exe rev-parse --git-dir
[2025-09-05 17:18:03,249][INFO][omni.repo.man.nvenv.execute_git:284] Calling Git with args: "rev-parse --short=8 HEAD". Try: 1. cwd: 'c:\projects\kit-app-template'
[2025-09-05 17:18:03,281][INFO][omni.repo.man.nvenv.execute_git:295] git call result:
	return code:0
	stdout: 72a92618

	stderr: 
[2025-09-05 17:18:03,281][INFO][omni.repo.man.utils.run_process_return_output:301] running process: C:/packman-repo/chk/git/2.28.0-windows-x86_64\bin/git.exe rev-parse --git-dir
[2025-09-05 17:18:03,309][INFO][omni.repo.man.nvenv.execute_git:284] Calling Git with args: "rev-parse --abbrev-ref HEAD". Try: 1. cwd: 'c:\projects\kit-app-template'
[2025-09-05 17:18:03,341][INFO][omni.repo.man.nvenv.execute_git:295] git call result:
	return code:0
	stdout: main

	stderr: 
[2025-09-05 17:18:03,341][INFO][omni.repo.man.build_number.print_log:182] Build number: '108.0+main.0.72a92618.local'
[2025-09-05 17:18:03,343][INFO][omni.repo.man.build_number.print_log:182] Written to file: 'c:\projects\kit-app-template\_build\windows-x86_64\debug\VERSION'
[2025-09-05 17:18:04,213][INFO][omni.repo.man.entry.run:133] Running repo tool: repo_build_number@1.88.2. args: ['build_number', '-o', 'c:/projects/kit-app-template/_build/windows-x86_64/release/VERSION']
[2025-09-05 17:18:04,214][INFO][omni.repo.man.nvenv.get_git_hash:352] Getting Git hash for directory c:\projects\kit-app-template
[2025-09-05 17:18:04,214][INFO][omni.repo.man.nvenv.find_git_path:186] Searching for the location of Git
[2025-09-05 17:18:04,215][INFO][omni.repo.man.nvenv.find_git_path:201] Git 2.28.0-windows-x86_64 fetched by packman
[2025-09-05 17:18:04,215][INFO][omni.repo.man.nvenv.find_git_path:249] Git location: C:/packman-repo/chk/git/2.28.0-windows-x86_64\bin/git.exe
[2025-09-05 17:18:04,215][INFO][omni.repo.man.utils.run_process_return_output:301] running process: C:/packman-repo/chk/git/2.28.0-windows-x86_64\bin/git.exe rev-parse --git-dir
[2025-09-05 17:18:04,246][INFO][omni.repo.man.nvenv.execute_git:284] Calling Git with args: "rev-parse --short=8 HEAD". Try: 1. cwd: 'c:\projects\kit-app-template'
[2025-09-05 17:18:04,286][INFO][omni.repo.man.nvenv.execute_git:295] git call result:
	return code:0
	stdout: 72a92618

	stderr: 
[2025-09-05 17:18:04,287][INFO][omni.repo.man.utils.run_process_return_output:301] running process: C:/packman-repo/chk/git/2.28.0-windows-x86_64\bin/git.exe rev-parse --git-dir
[2025-09-05 17:18:04,316][INFO][omni.repo.man.nvenv.execute_git:284] Calling Git with args: "rev-parse --abbrev-ref HEAD". Try: 1. cwd: 'c:\projects\kit-app-template'
[2025-09-05 17:18:04,347][INFO][omni.repo.man.nvenv.execute_git:295] git call result:
	return code:0
	stdout: main

	stderr: 
[2025-09-05 17:18:04,347][INFO][omni.repo.man.build_number.print_log:182] Build number: '108.0+main.0.72a92618.local'
[2025-09-05 17:18:04,350][INFO][omni.repo.man.build_number.print_log:182] Written to file: 'c:\projects\kit-app-template\_build\windows-x86_64\release\VERSION'
[2025-09-05 17:18:04,418][INFO][omni.repo.man.fileutils.copy_and_link_using_dict:532] Copy of 0 files took: 0.000 milliseconds.
[2025-09-05 17:18:04,418][INFO][omni.repo.man.fileutils.copy_and_link_using_dict:542] Creating links of 0 folders took: 0.000 milliseconds.
[2025-09-05 17:18:04,423][INFO][omni.repo.man.fileutils.copy_and_link_using_dict:532] Copy of 9 files took: 4.001 milliseconds.
[2025-09-05 17:18:04,432][INFO][omni.repo.man.fileutils.copy_and_link_using_dict:542] Creating links of 13 folders took: 8.991 milliseconds.
[2025-09-05 17:18:10,213][INFO][omni.repo.man.entry.run:133] Running repo tool: repo_launch@None. args: ['launch']
[2025-09-05 17:20:19,921][INFO][omni.repo.man.entry.run:133] Running repo tool: repo_build@1.13.2. args: ['build']
[2025-09-05 17:20:19,924][INFO][omni.repo.man.utils.set_niceness:1013] set IO niceness to 3 (idle)
[2025-09-05 17:20:19,925][INFO][omni.repo.man.utils.set_niceness:1027] set process niceness to 19 (max)
[2025-09-05 17:20:19,926][INFO][omni.repo.man.configuration.set_token:231] Token: 'platform_target' set to 'linux-x86_64'
[2025-09-05 17:20:19,926][INFO][omni.repo.man.configuration.set_token:231] Token: 'platform_target_abi' set to 'manylinux_2_35_x86_64'
[2025-09-05 17:20:19,926][INFO][omni.repo.man.utils.run_process:241] running process: mkdir --parents /mnt/c/projects/kit-app-template/source/apps
[2025-09-05 17:20:19,929][INFO][omni.repo.build.dependencies.pull_files:275] Skipping project file (doesn't exist): /mnt/c/projects/kit-app-template/deps/host-deps.packman.xml
[2025-09-05 17:20:20,005][INFO][omni.repo.man.utils.run_process:241] running process: /mnt/c/projects/kit-app-template/repo.sh precache_exts -c release
[2025-09-05 17:20:20,911][INFO][omni.repo.man.entry.run:133] Running repo tool: repo_precache_exts@None. args: ['precache_exts', '-c', 'release']
[2025-09-05 17:20:20,926][INFO][omni.repo.precache_exts.run:315] precaching app: /mnt/c/projects/kit-app-template/source/apps/my_company.my_editor.kit
[2025-09-05 17:20:20,930][INFO][omni.repo.man.utils.run_process:241] running process: /mnt/c/projects/kit-app-template/_build/linux-x86_64/release/kit/kit /mnt/c/projects/kit-app-template/source/apps/my_company.my_editor.kit --allow-root --portable --ext-precache-mode --/crashreporter/gatherUserStory=0 --/app/settings/persistent=0 --/app/settings/loadUserConfig=0 --/app/extensions/generateVersionLock=1 --/app/extensions/parallelPullEnabled=1 --/app/enableStdoutOutput=1 --/app/extensions/detailedSolverExplanation=1 --/app/extensions/registryEnabled=1 --/app/extensions/mkdirExtFolders=0 '--/app/extensions/registryCacheFull='"'"'/mnt/c/projects/kit-app-template/_build/linux-x86_64/release/extscache'"'"'' --/log/flushStandardStreamOutput=1 '--/exts/omni.kit.registry.nucleus/registries/0/name="kit/default"' '--/exts/omni.kit.registry.nucleus/registries/0/url="https://ovextensionsprod.blob.core.windows.net/exts/kit/prod/${kit_version_major}/shared"' '--/exts/omni.kit.registry.nucleus/registries/1/name="kit/sdk"' '--/exts/omni.kit.registry.nucleus/registries/1/url="https://ovextensionsprod.blob.core.windows.net/exts/kit/prod/sdk/${kit_version_short}/${kit_git_hash}"' '--/exts/omni.kit.registry.nucleus/registries/2/name="kit/community"' '--/exts/omni.kit.registry.nucleus/registries/2/url="https://dw290v42wisod.cloudfront.net/exts/kit/community"' --/app/extensions/target/config=release --ext-folder /mnt/c/projects/kit-app-template/source/extensions --ext-folder /mnt/c/projects/kit-app-template/source/apps --portable-root /mnt/c/projects/kit-app-template/_build/linux-x86_64/release --/app/extensions/generateVersionLockSkipLocalExts=1
[2025-09-05 17:20:21,626][INFO][omni.repo.build.pippull.pull_pip_dependencies:403] Skip pip pull of because is most recent config (['/mnt/c/projects/kit-app-template/tools/deps/pip.toml']) is older than '/mnt/c/projects/kit-app-template/_build/.lastpippull'.
[2025-09-05 17:20:21,630][INFO][omni.repo.build.build.generate_projects:263] generating project from: /mnt/c/projects/kit-app-template/premake5.lua
[2025-09-05 17:20:21,631][INFO][omni.repo.man.utils.run_process:241] running process: /mnt/c/projects/kit-app-template/_build/host-deps/premake/bin/premake5 --file=/mnt/c/projects/kit-app-template/premake5.lua gmake2 --platform-host=linux-x86_64 --scripts=/home/kamran/.cache/packman/chk/repo_build/1.13.2/lua --platform-target=linux-x86_64 --linux-x86_64-cxx11-abi=True --solution-name=kit-app-template --os=linux
[2025-09-05 17:20:22,657][INFO][omni.repo.man.entry.run:133] Running repo tool: repo_kit_pull_extensions@1.10.0. args: ['pull_extensions', 'setup']
[2025-09-05 17:20:22,661][INFO][omni.repo.man.configuration.set_token:231] Token: 'config' set to 'debug'
[2025-09-05 17:20:22,680][INFO][omni.repo.man.configuration.set_token:231] Token: 'config' set to 'release'
[2025-09-05 17:20:23,663][INFO][omni.repo.man.entry.run:133] Running repo tool: repo_build_number@1.88.2. args: ['build_number', '-o', '/mnt/c/projects/kit-app-template/_build/linux-x86_64/debug/VERSION']
[2025-09-05 17:20:23,665][INFO][omni.repo.man.nvenv.get_git_hash:352] Getting Git hash for directory /mnt/c/projects/kit-app-template
[2025-09-05 17:20:23,665][INFO][omni.repo.man.nvenv.find_git_path:186] Searching for the location of Git
[2025-09-05 17:20:23,665][INFO][omni.repo.man.utils.run_process_return_output:301] running process: which git
[2025-09-05 17:20:23,667][INFO][omni.repo.man.nvenv.find_git_path:249] Git location: git
[2025-09-05 17:20:23,667][INFO][omni.repo.man.utils.run_process_return_output:301] running process: git rev-parse --git-dir
[2025-09-05 17:20:23,674][INFO][omni.repo.man.nvenv.execute_git:284] Calling Git with args: "rev-parse --short=8 HEAD". Try: 1. cwd: '/mnt/c/projects/kit-app-template'
[2025-09-05 17:20:23,715][INFO][omni.repo.man.nvenv.execute_git:295] git call result:
	return code:0
	stdout: 72a92618

	stderr: 
[2025-09-05 17:20:23,716][INFO][omni.repo.man.utils.run_process_return_output:301] running process: git rev-parse --git-dir
[2025-09-05 17:20:23,725][INFO][omni.repo.man.nvenv.execute_git:284] Calling Git with args: "rev-parse --abbrev-ref HEAD". Try: 1. cwd: '/mnt/c/projects/kit-app-template'
[2025-09-05 17:20:23,753][INFO][omni.repo.man.nvenv.execute_git:295] git call result:
	return code:0
	stdout: main

	stderr: 
[2025-09-05 17:20:23,753][INFO][omni.repo.man.build_number.print_log:182] Build number: '108.0+main.0.72a92618.local'
[2025-09-05 17:20:23,756][INFO][omni.repo.man.build_number.print_log:182] Written to file: '/mnt/c/projects/kit-app-template/_build/linux-x86_64/debug/VERSION'
[2025-09-05 17:20:24,636][INFO][omni.repo.man.entry.run:133] Running repo tool: repo_build_number@1.88.2. args: ['build_number', '-o', '/mnt/c/projects/kit-app-template/_build/linux-x86_64/release/VERSION']
[2025-09-05 17:20:24,638][INFO][omni.repo.man.nvenv.get_git_hash:352] Getting Git hash for directory /mnt/c/projects/kit-app-template
[2025-09-05 17:20:24,638][INFO][omni.repo.man.nvenv.find_git_path:186] Searching for the location of Git
[2025-09-05 17:20:24,639][INFO][omni.repo.man.utils.run_process_return_output:301] running process: which git
[2025-09-05 17:20:24,640][INFO][omni.repo.man.nvenv.find_git_path:249] Git location: git
[2025-09-05 17:20:24,640][INFO][omni.repo.man.utils.run_process_return_output:301] running process: git rev-parse --git-dir
[2025-09-05 17:20:24,648][INFO][omni.repo.man.nvenv.execute_git:284] Calling Git with args: "rev-parse --short=8 HEAD". Try: 1. cwd: '/mnt/c/projects/kit-app-template'
[2025-09-05 17:20:24,669][INFO][omni.repo.man.nvenv.execute_git:295] git call result:
	return code:0
	stdout: 72a92618

	stderr: 
[2025-09-05 17:20:24,669][INFO][omni.repo.man.utils.run_process_return_output:301] running process: git rev-parse --git-dir
[2025-09-05 17:20:24,676][INFO][omni.repo.man.nvenv.execute_git:284] Calling Git with args: "rev-parse --abbrev-ref HEAD". Try: 1. cwd: '/mnt/c/projects/kit-app-template'
[2025-09-05 17:20:24,718][INFO][omni.repo.man.nvenv.execute_git:295] git call result:
	return code:0
	stdout: main

	stderr: 
[2025-09-05 17:20:24,719][INFO][omni.repo.man.build_number.print_log:182] Build number: '108.0+main.0.72a92618.local'
[2025-09-05 17:20:24,722][INFO][omni.repo.man.build_number.print_log:182] Written to file: '/mnt/c/projects/kit-app-template/_build/linux-x86_64/release/VERSION'
[2025-09-05 17:20:24,875][INFO][omni.repo.man.fileutils.copy_and_link_using_dict:532] Copy of 0 files took: 0.005 milliseconds.
[2025-09-05 17:20:24,876][INFO][omni.repo.man.fileutils.copy_and_link_using_dict:542] Creating links of 0 folders took: 0.050 milliseconds.
[2025-09-05 17:20:24,920][INFO][omni.repo.man.fileutils.copy_and_link_using_dict:532] Copy of 9 files took: 38.452 milliseconds.
[2025-09-05 17:20:24,943][INFO][omni.repo.man.fileutils.copy_and_link_using_dict:542] Creating links of 13 folders took: 22.477 milliseconds.
[2025-09-05 17:20:25,012][INFO][omni.repo.man.container_utils.get_cgroup_cpu_count:147] Using host CPU count: 32
[2025-09-05 17:20:25,012][INFO][omni.repo.man.container_utils.get_cgroup_memory_limit:219] Could not find cgroup memory limit
[2025-09-05 17:20:25,013][INFO][omni.repo.build.main.compute_job_count:1608] Default job count requested. Setting to all host cores: 7 jobs.
[2025-09-05 17:20:25,013][INFO][omni.repo.man.utils.run_process_return_output:301] running process: make --directory=/mnt/c/projects/kit-app-template/_compiler/gmake2 --stop config=release_x86_64 -j7 --output-sync
[2025-09-05 17:20:25,017][INFO][omni.repo.man.utils.run_process_return_output:301] running process: getconf GNU_LIBC_VERSION
[2025-09-05 17:20:25,020][INFO][omni.repo.man.utils.run_process:241] running process: /mnt/c/projects/kit-app-template/repo.sh stubgen -c release
[2025-09-05 17:20:25,790][INFO][omni.repo.man.entry.run:133] Running repo tool: repo_stubgen@None. args: ['stubgen', '-c', 'release']
[2025-09-05 17:20:25,961][INFO][omni.repo.man.fileutils.copy_and_link_using_dict:532] Copy of 0 files took: 0.000 milliseconds.
[2025-09-05 17:20:25,961][INFO][omni.repo.man.fileutils.copy_and_link_using_dict:542] Creating links of 0 folders took: 0.040 milliseconds.
[2025-09-05 17:20:28,958][INFO][omni.repo.man.entry.run:133] Running repo tool: repo_build@1.13.2. args: ['build']
[2025-09-05 17:20:28,958][INFO][omni.repo.man.configuration.set_token:231] Token: 'platform_target' set to 'windows-x86_64'
[2025-09-05 17:20:28,958][INFO][omni.repo.man.configuration.set_token:231] Token: 'platform_target_abi' set to 'windows-x86_64'
[2025-09-05 17:20:28,959][INFO][omni.repo.man.utils.run_process:241] running process: powershell -Command "New-Item -ItemType Directory -Path C:/projects/kit-app-template/source/apps -ErrorAction SilentlyContinue" ; "Write-Host 'Done'"
[2025-09-05 17:20:29,134][INFO][omni.repo.build.dependencies.pull_files:275] Skipping project file (doesn't exist): C:/projects/kit-app-template/deps/host-deps.packman.xml
[2025-09-05 17:20:29,212][INFO][omni.repo.man.utils.run_process:241] running process: C:/projects/kit-app-template/repo.bat precache_exts -c release
[2025-09-05 17:20:30,070][INFO][omni.repo.man.entry.run:133] Running repo tool: repo_precache_exts@None. args: ['precache_exts', '-c', 'release']
[2025-09-05 17:20:30,072][INFO][omni.repo.precache_exts.run:315] precaching app: C:\projects\kit-app-template\source\apps\my_company.my_editor.kit
[2025-09-05 17:20:30,072][INFO][omni.repo.man.utils.run_process:241] running process: C:\projects\kit-app-template\_build\windows-x86_64\release\kit\kit.exe C:\projects\kit-app-template\source\apps\my_company.my_editor.kit --allow-root --portable --ext-precache-mode --/crashreporter/gatherUserStory=0 --/app/settings/persistent=0 --/app/settings/loadUserConfig=0 --/app/extensions/generateVersionLock=1 --/app/extensions/parallelPullEnabled=1 --/app/enableStdoutOutput=1 --/app/extensions/detailedSolverExplanation=1 --/app/extensions/registryEnabled=1 --/app/extensions/mkdirExtFolders=0 --/app/extensions/registryCacheFull='C:\projects\kit-app-template\_build\windows-x86_64\release\extscache' --/log/flushStandardStreamOutput=1 --/exts/omni.kit.registry.nucleus/registries/0/name=\"kit/default\" --/exts/omni.kit.registry.nucleus/registries/0/url=\"https://ovextensionsprod.blob.core.windows.net/exts/kit/prod/${kit_version_major}/shared\" --/exts/omni.kit.registry.nucleus/registries/1/name=\"kit/sdk\" --/exts/omni.kit.registry.nucleus/registries/1/url=\"https://ovextensionsprod.blob.core.windows.net/exts/kit/prod/sdk/${kit_version_short}/${kit_git_hash}\" --/exts/omni.kit.registry.nucleus/registries/2/name=\"kit/community\" --/exts/omni.kit.registry.nucleus/registries/2/url=\"https://dw290v42wisod.cloudfront.net/exts/kit/community\" --/app/extensions/target/config=release --ext-folder C:\projects\kit-app-template\source\extensions --ext-folder C:\projects\kit-app-template\source\apps --portable-root C:/projects/kit-app-template/_build/windows-x86_64/release --/app/extensions/generateVersionLockSkipLocalExts=1
[2025-09-05 17:20:30,392][INFO][omni.repo.build.pippull.pull_pip_dependencies:403] Skip pip pull of because is most recent config (['C:/projects/kit-app-template/tools/deps/pip.toml']) is older than 'C:/projects/kit-app-template/_build\.lastpippull'.
[2025-09-05 17:20:30,392][INFO][omni.repo.build.build.generate_projects:263] generating project from: C:/projects/kit-app-template/premake5.lua
[2025-09-05 17:20:30,392][INFO][omni.repo.man.utils.run_process:241] running process: C:/projects/kit-app-template/_build/host-deps\premake\bin\premake5.exe --file=C:/projects/kit-app-template/premake5.lua no-compile --platform-host=windows-x86_64 --scripts=C:\packman-repo\chk\repo_build\1.13.2\lua --platform-target=windows-x86_64 --linux-x86_64-cxx11-abi=True --solution-name=kit-app-template
[2025-09-05 17:20:31,339][INFO][omni.repo.man.entry.run:133] Running repo tool: repo_kit_pull_extensions@1.10.0. args: ['pull_extensions', 'setup']
[2025-09-05 17:20:31,339][INFO][omni.repo.man.configuration.set_token:231] Token: 'config' set to 'debug'
[2025-09-05 17:20:31,342][INFO][omni.repo.man.configuration.set_token:231] Token: 'config' set to 'release'
[2025-09-05 17:20:32,225][INFO][omni.repo.man.entry.run:133] Running repo tool: repo_build_number@1.88.2. args: ['build_number', '-o', 'c:/projects/kit-app-template/_build/windows-x86_64/debug/VERSION']
[2025-09-05 17:20:32,225][INFO][omni.repo.man.nvenv.get_git_hash:352] Getting Git hash for directory c:\projects\kit-app-template
[2025-09-05 17:20:32,225][INFO][omni.repo.man.nvenv.find_git_path:186] Searching for the location of Git
[2025-09-05 17:20:32,226][INFO][omni.repo.man.nvenv.find_git_path:201] Git 2.28.0-windows-x86_64 fetched by packman
[2025-09-05 17:20:32,227][INFO][omni.repo.man.nvenv.find_git_path:249] Git location: C:/packman-repo/chk/git/2.28.0-windows-x86_64\bin/git.exe
[2025-09-05 17:20:32,227][INFO][omni.repo.man.utils.run_process_return_output:301] running process: C:/packman-repo/chk/git/2.28.0-windows-x86_64\bin/git.exe rev-parse --git-dir
[2025-09-05 17:20:32,269][INFO][omni.repo.man.nvenv.execute_git:284] Calling Git with args: "rev-parse --short=8 HEAD". Try: 1. cwd: 'c:\projects\kit-app-template'
[2025-09-05 17:20:32,300][INFO][omni.repo.man.nvenv.execute_git:295] git call result:
	return code:0
	stdout: 72a92618

	stderr: 
[2025-09-05 17:20:32,300][INFO][omni.repo.man.utils.run_process_return_output:301] running process: C:/packman-repo/chk/git/2.28.0-windows-x86_64\bin/git.exe rev-parse --git-dir
[2025-09-05 17:20:32,329][INFO][omni.repo.man.nvenv.execute_git:284] Calling Git with args: "rev-parse --abbrev-ref HEAD". Try: 1. cwd: 'c:\projects\kit-app-template'
[2025-09-05 17:20:32,359][INFO][omni.repo.man.nvenv.execute_git:295] git call result:
	return code:0
	stdout: main

	stderr: 
[2025-09-05 17:20:32,360][INFO][omni.repo.man.build_number.print_log:182] Build number: '108.0+main.0.72a92618.local'
[2025-09-05 17:20:32,362][INFO][omni.repo.man.build_number.print_log:182] Written to file: 'c:\projects\kit-app-template\_build\windows-x86_64\debug\VERSION'
[2025-09-05 17:20:33,233][INFO][omni.repo.man.entry.run:133] Running repo tool: repo_build_number@1.88.2. args: ['build_number', '-o', 'c:/projects/kit-app-template/_build/windows-x86_64/release/VERSION']
[2025-09-05 17:20:33,233][INFO][omni.repo.man.nvenv.get_git_hash:352] Getting Git hash for directory c:\projects\kit-app-template
[2025-09-05 17:20:33,233][INFO][omni.repo.man.nvenv.find_git_path:186] Searching for the location of Git
[2025-09-05 17:20:33,235][INFO][omni.repo.man.nvenv.find_git_path:201] Git 2.28.0-windows-x86_64 fetched by packman
[2025-09-05 17:20:33,235][INFO][omni.repo.man.nvenv.find_git_path:249] Git location: C:/packman-repo/chk/git/2.28.0-windows-x86_64\bin/git.exe
[2025-09-05 17:20:33,235][INFO][omni.repo.man.utils.run_process_return_output:301] running process: C:/packman-repo/chk/git/2.28.0-windows-x86_64\bin/git.exe rev-parse --git-dir
[2025-09-05 17:20:33,268][INFO][omni.repo.man.nvenv.execute_git:284] Calling Git with args: "rev-parse --short=8 HEAD". Try: 1. cwd: 'c:\projects\kit-app-template'
[2025-09-05 17:20:33,310][INFO][omni.repo.man.nvenv.execute_git:295] git call result:
	return code:0
	stdout: 72a92618

	stderr: 
[2025-09-05 17:20:33,310][INFO][omni.repo.man.utils.run_process_return_output:301] running process: C:/packman-repo/chk/git/2.28.0-windows-x86_64\bin/git.exe rev-parse --git-dir
[2025-09-05 17:20:33,338][INFO][omni.repo.man.nvenv.execute_git:284] Calling Git with args: "rev-parse --abbrev-ref HEAD". Try: 1. cwd: 'c:\projects\kit-app-template'
[2025-09-05 17:20:33,372][INFO][omni.repo.man.nvenv.execute_git:295] git call result:
	return code:0
	stdout: main

	stderr: 
[2025-09-05 17:20:33,372][INFO][omni.repo.man.build_number.print_log:182] Build number: '108.0+main.0.72a92618.local'
[2025-09-05 17:20:33,375][INFO][omni.repo.man.build_number.print_log:182] Written to file: 'c:\projects\kit-app-template\_build\windows-x86_64\release\VERSION'
[2025-09-05 17:20:33,446][INFO][omni.repo.man.fileutils.copy_and_link_using_dict:532] Copy of 0 files took: 0.000 milliseconds.
[2025-09-05 17:20:33,447][INFO][omni.repo.man.fileutils.copy_and_link_using_dict:542] Creating links of 0 folders took: 0.000 milliseconds.
[2025-09-05 17:20:33,451][INFO][omni.repo.man.fileutils.copy_and_link_using_dict:532] Copy of 9 files took: 4.515 milliseconds.
[2025-09-05 17:20:33,462][INFO][omni.repo.man.fileutils.copy_and_link_using_dict:542] Creating links of 13 folders took: 11.006 milliseconds.
[2025-09-05 17:20:36,346][INFO][omni.repo.man.entry.run:133] Running repo tool: repo_launch@None. args: ['launch']
[2025-09-05 17:26:55,727][INFO][omni.repo.man.entry.run:133] Running repo tool: repo_build@1.13.2. args: ['build']
[2025-09-05 17:26:55,728][INFO][omni.repo.man.configuration.set_token:231] Token: 'platform_target' set to 'windows-x86_64'
[2025-09-05 17:26:55,728][INFO][omni.repo.man.configuration.set_token:231] Token: 'platform_target_abi' set to 'windows-x86_64'
[2025-09-05 17:26:55,729][INFO][omni.repo.man.utils.run_process:241] running process: powershell -Command "New-Item -ItemType Directory -Path C:/projects/kit-app-template/source/apps -ErrorAction SilentlyContinue" ; "Write-Host 'Done'"
[2025-09-05 17:26:55,936][INFO][omni.repo.build.dependencies.pull_files:275] Skipping project file (doesn't exist): C:/projects/kit-app-template/deps/host-deps.packman.xml
[2025-09-05 17:26:55,943][INFO][omni.repo.man.utils.run_process:241] running process: C:/projects/kit-app-template/repo.bat precache_exts -c release
[2025-09-05 17:26:56,773][INFO][omni.repo.man.entry.run:133] Running repo tool: repo_precache_exts@None. args: ['precache_exts', '-c', 'release']
[2025-09-05 17:26:56,775][INFO][omni.repo.precache_exts.run:315] precaching app: C:\projects\kit-app-template\source\apps\my_company.my_editor.kit
[2025-09-05 17:26:56,775][INFO][omni.repo.man.utils.run_process:241] running process: C:\projects\kit-app-template\_build\windows-x86_64\release\kit\kit.exe C:\projects\kit-app-template\source\apps\my_company.my_editor.kit --allow-root --portable --ext-precache-mode --/crashreporter/gatherUserStory=0 --/app/settings/persistent=0 --/app/settings/loadUserConfig=0 --/app/extensions/generateVersionLock=1 --/app/extensions/parallelPullEnabled=1 --/app/enableStdoutOutput=1 --/app/extensions/detailedSolverExplanation=1 --/app/extensions/registryEnabled=1 --/app/extensions/mkdirExtFolders=0 --/app/extensions/registryCacheFull='C:\projects\kit-app-template\_build\windows-x86_64\release\extscache' --/log/flushStandardStreamOutput=1 --/exts/omni.kit.registry.nucleus/registries/0/name=\"kit/default\" --/exts/omni.kit.registry.nucleus/registries/0/url=\"https://ovextensionsprod.blob.core.windows.net/exts/kit/prod/${kit_version_major}/shared\" --/exts/omni.kit.registry.nucleus/registries/1/name=\"kit/sdk\" --/exts/omni.kit.registry.nucleus/registries/1/url=\"https://ovextensionsprod.blob.core.windows.net/exts/kit/prod/sdk/${kit_version_short}/${kit_git_hash}\" --/exts/omni.kit.registry.nucleus/registries/2/name=\"kit/community\" --/exts/omni.kit.registry.nucleus/registries/2/url=\"https://dw290v42wisod.cloudfront.net/exts/kit/community\" --/app/extensions/target/config=release --ext-folder C:\projects\kit-app-template\source\extensions --ext-folder C:\projects\kit-app-template\source\apps --portable-root C:/projects/kit-app-template/_build/windows-x86_64/release --/app/extensions/generateVersionLockSkipLocalExts=1
[2025-09-05 17:26:57,082][INFO][omni.repo.build.pippull.pull_pip_dependencies:403] Skip pip pull of because is most recent config (['C:/projects/kit-app-template/tools/deps/pip.toml']) is older than 'C:/projects/kit-app-template/_build\.lastpippull'.
[2025-09-05 17:26:57,082][INFO][omni.repo.build.build.generate_projects:263] generating project from: C:/projects/kit-app-template/premake5.lua
[2025-09-05 17:26:57,082][INFO][omni.repo.man.utils.run_process:241] running process: C:/projects/kit-app-template/_build/host-deps\premake\bin\premake5.exe --file=C:/projects/kit-app-template/premake5.lua no-compile --platform-host=windows-x86_64 --scripts=C:\packman-repo\chk\repo_build\1.13.2\lua --platform-target=windows-x86_64 --linux-x86_64-cxx11-abi=True --solution-name=kit-app-template
[2025-09-05 17:26:57,978][INFO][omni.repo.man.entry.run:133] Running repo tool: repo_kit_pull_extensions@1.10.0. args: ['pull_extensions', 'setup']
[2025-09-05 17:26:57,979][INFO][omni.repo.man.configuration.set_token:231] Token: 'config' set to 'debug'
[2025-09-05 17:26:57,982][INFO][omni.repo.man.configuration.set_token:231] Token: 'config' set to 'release'
[2025-09-05 17:26:58,880][INFO][omni.repo.man.entry.run:133] Running repo tool: repo_build_number@1.88.2. args: ['build_number', '-o', 'c:/projects/kit-app-template/_build/windows-x86_64/debug/VERSION']
[2025-09-05 17:26:58,880][INFO][omni.repo.man.nvenv.get_git_hash:352] Getting Git hash for directory c:\projects\kit-app-template
[2025-09-05 17:26:58,880][INFO][omni.repo.man.nvenv.find_git_path:186] Searching for the location of Git
[2025-09-05 17:26:58,881][INFO][omni.repo.man.nvenv.find_git_path:201] Git 2.28.0-windows-x86_64 fetched by packman
[2025-09-05 17:26:58,882][INFO][omni.repo.man.nvenv.find_git_path:249] Git location: C:/packman-repo/chk/git/2.28.0-windows-x86_64\bin/git.exe
[2025-09-05 17:26:58,882][INFO][omni.repo.man.utils.run_process_return_output:301] running process: C:/packman-repo/chk/git/2.28.0-windows-x86_64\bin/git.exe rev-parse --git-dir
[2025-09-05 17:26:58,978][INFO][omni.repo.man.nvenv.execute_git:284] Calling Git with args: "rev-parse --short=8 HEAD". Try: 1. cwd: 'c:\projects\kit-app-template'
[2025-09-05 17:26:59,009][INFO][omni.repo.man.nvenv.execute_git:295] git call result:
	return code:0
	stdout: 72a92618

	stderr: 
[2025-09-05 17:26:59,009][INFO][omni.repo.man.utils.run_process_return_output:301] running process: C:/packman-repo/chk/git/2.28.0-windows-x86_64\bin/git.exe rev-parse --git-dir
[2025-09-05 17:26:59,037][INFO][omni.repo.man.nvenv.execute_git:284] Calling Git with args: "rev-parse --abbrev-ref HEAD". Try: 1. cwd: 'c:\projects\kit-app-template'
[2025-09-05 17:26:59,068][INFO][omni.repo.man.nvenv.execute_git:295] git call result:
	return code:0
	stdout: main

	stderr: 
[2025-09-05 17:26:59,069][INFO][omni.repo.man.build_number.print_log:182] Build number: '108.0+main.0.72a92618.local'
[2025-09-05 17:26:59,071][INFO][omni.repo.man.build_number.print_log:182] Written to file: 'c:\projects\kit-app-template\_build\windows-x86_64\debug\VERSION'
[2025-09-05 17:26:59,924][INFO][omni.repo.man.entry.run:133] Running repo tool: repo_build_number@1.88.2. args: ['build_number', '-o', 'c:/projects/kit-app-template/_build/windows-x86_64/release/VERSION']
[2025-09-05 17:26:59,924][INFO][omni.repo.man.nvenv.get_git_hash:352] Getting Git hash for directory c:\projects\kit-app-template
[2025-09-05 17:26:59,924][INFO][omni.repo.man.nvenv.find_git_path:186] Searching for the location of Git
[2025-09-05 17:26:59,925][INFO][omni.repo.man.nvenv.find_git_path:201] Git 2.28.0-windows-x86_64 fetched by packman
[2025-09-05 17:26:59,925][INFO][omni.repo.man.nvenv.find_git_path:249] Git location: C:/packman-repo/chk/git/2.28.0-windows-x86_64\bin/git.exe
[2025-09-05 17:26:59,926][INFO][omni.repo.man.utils.run_process_return_output:301] running process: C:/packman-repo/chk/git/2.28.0-windows-x86_64\bin/git.exe rev-parse --git-dir
[2025-09-05 17:26:59,956][INFO][omni.repo.man.nvenv.execute_git:284] Calling Git with args: "rev-parse --short=8 HEAD". Try: 1. cwd: 'c:\projects\kit-app-template'
[2025-09-05 17:26:59,987][INFO][omni.repo.man.nvenv.execute_git:295] git call result:
	return code:0
	stdout: 72a92618

	stderr: 
[2025-09-05 17:26:59,987][INFO][omni.repo.man.utils.run_process_return_output:301] running process: C:/packman-repo/chk/git/2.28.0-windows-x86_64\bin/git.exe rev-parse --git-dir
[2025-09-05 17:27:00,014][INFO][omni.repo.man.nvenv.execute_git:284] Calling Git with args: "rev-parse --abbrev-ref HEAD". Try: 1. cwd: 'c:\projects\kit-app-template'
[2025-09-05 17:27:00,049][INFO][omni.repo.man.nvenv.execute_git:295] git call result:
	return code:0
	stdout: main

	stderr: 
[2025-09-05 17:27:00,049][INFO][omni.repo.man.build_number.print_log:182] Build number: '108.0+main.0.72a92618.local'
[2025-09-05 17:27:00,051][INFO][omni.repo.man.build_number.print_log:182] Written to file: 'c:\projects\kit-app-template\_build\windows-x86_64\release\VERSION'
[2025-09-05 17:27:00,129][INFO][omni.repo.man.fileutils.copy_and_link_using_dict:532] Copy of 0 files took: 0.000 milliseconds.
[2025-09-05 17:27:00,129][INFO][omni.repo.man.fileutils.copy_and_link_using_dict:542] Creating links of 0 folders took: 0.000 milliseconds.
[2025-09-05 17:27:00,134][INFO][omni.repo.man.fileutils.copy_and_link_using_dict:532] Copy of 9 files took: 3.498 milliseconds.
[2025-09-05 17:27:00,141][INFO][omni.repo.man.fileutils.copy_and_link_using_dict:542] Creating links of 13 folders took: 7.571 milliseconds.
[2025-09-05 17:27:03,181][INFO][omni.repo.man.entry.run:133] Running repo tool: repo_launch@None. args: ['launch']
