[Info] [carb] Logging to file: /mnt/c/projects/kit-app-template/_build/linux-x86_64/release/logs/Kit/my_company.my_editor/0.1/kit_20250823_175059.log
2025-08-23T21:50:59Z [0ms] [Info] [carb.crashreporter-breakpad.plugin] upload enabled: true
2025-08-23T21:50:59Z [0ms] [Info] [omni.kit.app.plugin] App Name: 'my_company.my_editor', App Version: '0.1.0', Kit Version: '108.0.0+feature.221586.5941509b.gl', Kernel Version: '208.1.1+release.9884.23131486.gl'
2025-08-23T21:50:59Z [1ms] [Info] [omni.kit.app.plugin] Cmd: /mnt/c/projects/kit-app-template/_build/linux-x86_64/release/kit/kit /mnt/c/projects/kit-app-template/source/apps/my_company.my_editor.kit --allow-root --portable --ext-precache-mode --/crashreporter/gatherUserStory=0 --/app/settings/persistent=0 --/app/settings/loadUserConfig=0 --/app/extensions/generateVersionLock=1 --/app/extensions/parallelPullEnabled=1 --/app/enableStdoutOutput=1 --/app/extensions/detailedSolverExplanation=1 --/app/extensions/registryEnabled=1 --/app/extensions/mkdirExtFolders=0 --/app/extensions/registryCacheFull='/mnt/c/projects/kit-app-template/_build/linux-x86_64/release/extscache' --/log/flushStandardStreamOutput=1 "--/exts/omni.kit.registry.nucleus/registries/0/name="kit/default"" "--/exts/omni.kit.registry.nucleus/registries/0/url="https://ovextensionsprod.blob.core.windows.net/exts/kit/prod/${kit_version_major}/shared"" "--/exts/omni.kit.registry.nucleus/registries/1/name="kit/sdk"" "--/exts/omni.kit.registry.nucleus/registries/1/url="https://ovextensionsprod.blob.core.windows.net/exts/kit/prod/sdk/${kit_version_short}/${kit_git_hash}"" "--/exts/omni.kit.registry.nucleus/registries/2/name="kit/community"" "--/exts/omni.kit.registry.nucleus/registries/2/url="https://dw290v42wisod.cloudfront.net/exts/kit/community"" --/app/extensions/target/config=release --ext-folder /mnt/c/projects/kit-app-template/source/extensions --ext-folder /mnt/c/projects/kit-app-template/source/apps --portable-root /mnt/c/projects/kit-app-template/_build/linux-x86_64/release --/app/extensions/generateVersionLockSkipLocalExts=1
2025-08-23T21:50:59Z [9ms] [Info] [omni.kit.app.plugin] Applied configs: [/home/kamran/.cache/packman/chk/kit-kernel/108.0.0+feature.221586.5941509b.gl.manylinux_2_35_x86_64.release+c3/kernel/config/kit-core.json, /mnt/c/projects/kit-app-template/source/apps/my_company.my_editor.kit]
2025-08-23T21:50:59Z [9ms] [Info] [omni.kit.app.plugin] Non-existent configs: [/mnt/c/projects/kit-app-template/_build/linux-x86_64/release/omni_configs/privacy.toml, /mnt/c/projects/kit-app-template/source/apps/my_company.my_editor.gen.kit, /mnt/c/projects/kit-app-template/_build/linux-x86_64/release/data/documents/Kit/shared/user.toml, /mnt/c/projects/kit-app-template/source/apps/deps/user.toml, /mnt/c/projects/kit-app-template/source/apps/deps/my_company.my_editor/user.toml, /mnt/c/projects/kit-app-template/source/deps/user.toml, /mnt/c/projects/kit-app-template/source/deps/my_company.my_editor/user.toml, /mnt/c/projects/kit-app-template/deps/user.toml, /mnt/c/projects/kit-app-template/deps/my_company.my_editor/user.toml, /mnt/c/projects/deps/user.toml, /mnt/c/projects/deps/my_company.my_editor/user.toml, /mnt/c/deps/user.toml, /mnt/c/deps/my_company.my_editor/user.toml, /usr/share/NVIDIA Corporation/kit/kit.config.toml, /usr/share/NVIDIA Corporation/kit/my_company.my_editor/kit.config.toml]
2025-08-23T21:50:59Z [9ms] [Info] [omni.kit.app.plugin] Portable Root: '/mnt/c/projects/kit-app-template/_build/linux-x86_64/release'
2025-08-23T21:50:59Z [9ms] [Info] [omni.kit.app.plugin] Tokens:
{
    "exe-path": "/home/kamran/.cache/packman/chk/kit-kernel/108.0.0+feature.221586.5941509b.gl.manylinux_2_35_x86_64.release+c3",
    "exe-filename": "kit",
    "local-config-path": "/mnt/c/projects/kit-app-template",
    "custom-config-path": "/mnt/c/projects/kit-app-template",
    "cli-config-path": "/mnt/c/projects/kit-app-template",
    "omni_config": "/mnt/c/projects/kit-app-template/_build/linux-x86_64/release/omni_configs",
    "omni_data": "/mnt/c/projects/kit-app-template/_build/linux-x86_64/release/data",
    "omni_logs": "/mnt/c/projects/kit-app-template/_build/linux-x86_64/release/logs",
    "omni_cache": "/mnt/c/projects/kit-app-template/_build/linux-x86_64/release/cache",
    "omni_global_config": "/home/kamran/.nvidia-omniverse/config",
    "omni_global_data": "/home/kamran/.local/share/ov/data",
    "omni_global_logs": "/home/kamran/.nvidia-omniverse/logs",
    "omni_global_cache": "/home/kamran/.cache/ov",
    "temp": "/tmp/carb.16a3Ak",
    "kit": "/home/kamran/.cache/packman/chk/kit-kernel/108.0.0+feature.221586.5941509b.gl.manylinux_2_35_x86_64.release+c3",
    "drive": "/",
    "app": "/mnt/c/projects/kit-app-template/source/apps",
    "resources": "/home/kamran/.cache/packman/chk/kit-kernel/108.0.0+feature.221586.5941509b.gl.manylinux_2_35_x86_64.release+c3/resources",
    "fonts": "/home/kamran/.cache/packman/chk/kit-kernel/108.0.0+feature.221586.5941509b.gl.manylinux_2_35_x86_64.release+c3/resources/fonts",
    "glyphs": "/home/kamran/.cache/packman/chk/kit-kernel/108.0.0+feature.221586.5941509b.gl.manylinux_2_35_x86_64.release+c3/resources/glyphs",
    "icons": "/home/kamran/.cache/packman/chk/kit-kernel/108.0.0+feature.221586.5941509b.gl.manylinux_2_35_x86_64.release+c3/resources/icons",
    "sounds": "/home/kamran/.cache/packman/chk/kit-kernel/108.0.0+feature.221586.5941509b.gl.manylinux_2_35_x86_64.release+c3/resources/sounds",
    "models": "/home/kamran/.cache/packman/chk/kit-kernel/108.0.0+feature.221586.5941509b.gl.manylinux_2_35_x86_64.release+c3/resources/models",
    "materials": "/home/kamran/.cache/packman/chk/kit-kernel/108.0.0+feature.221586.5941509b.gl.manylinux_2_35_x86_64.release+c3/resources/materials",
    "config": "release",
    "platform": "linux-x86_64",
    "bindings_ext": ".so",
    "exe_ext": "",
    "shell_ext": ".sh",
    "lib_ext": ".so",
    "lib_prefix": "lib",
    "session_id": "3158201122342746969",
    "omni_documents": "/mnt/c/projects/kit-app-template/_build/linux-x86_64/release/data/documents",
    "shared_documents": "/mnt/c/projects/kit-app-template/_build/linux-x86_64/release/data/documents/Kit/shared",
    "omni_program_data": "/usr/share",
    "shared_program_data": "/usr/share/NVIDIA Corporation/kit",
    "app_program_data": "/usr/share/NVIDIA Corporation/kit/my_company.my_editor",
    "kit_version": "108.0.0+feature.221586.5941509b.gl",
    "usd_version": "25.02",
    "python_version": "3.12",
    "python": "/home/kamran/.cache/packman/chk/kit-kernel/108.0.0+feature.221586.5941509b.gl.manylinux_2_35_x86_64.release+c3/python/bin/python3",
    "kit_version_short": "108.0",
    "kit_version_major": "108",
    "kit_version_minor": "0",
    "kit_version_patch": "0",
    "kit_git_hash": "5941509b",
    "app_version": "0.1.0",
    "app_version_short": "0.1",
    "app_name": "my_company.my_editor",
    "app_filename": "my_company.my_editor",
    "data": "/mnt/c/projects/kit-app-template/_build/linux-x86_64/release/data/Kit/my_company.my_editor/0.1",
    "logs": "/mnt/c/projects/kit-app-template/_build/linux-x86_64/release/logs/Kit/my_company.my_editor/0.1",
    "cache": "/mnt/c/projects/kit-app-template/_build/linux-x86_64/release/cache/Kit/108.0/5941509b",
    "appcache": "/home/kamran/.cache/packman/chk/kit-kernel/108.0.0+feature.221586.5941509b.gl.manylinux_2_35_x86_64.release+c3/cache/Kit/108.0/5941509b",
    "cache_postfix": "Kit/108.0/5941509b",
    "app_documents": "/mnt/c/projects/kit-app-template/_build/linux-x86_64/release/data/documents/Kit/apps/my_company.my_editor",
    "documents": "/mnt/c/projects/kit-app-template/_build/linux-x86_64/release/data/documents/Kit/apps/my_company.my_editor",
    "start_timestamp": "20250823_175059"
}
2025-08-23T21:50:59Z [10ms] [Info] [carb] Plugin carb.profiler-cpu.plugin is already a dependency of carb.tasking.plugin; not changing unload order
2025-08-23T21:50:59Z [20ms] [Info] [omni.ext.plugin] Extension path: '/mnt/c/projects/kit-app-template/source/extensions' doesn't exist.
2025-08-23T21:50:59Z [20ms] [Info] [omni.ext.plugin] Extension path: '/mnt/c/projects/kit-app-template/source/extscache/' doesn't exist.
2025-08-23T21:50:59Z [21ms] [Info] [omni.ext.plugin] Extension path: '/mnt/c/projects/kit-app-template/source/exts' doesn't exist.
2025-08-23T21:50:59Z [21ms] [Info] [omni.ext.plugin] Extension path: '/home/kamran/.cache/packman/chk/kit-kernel/108.0.0+feature.221586.5941509b.gl.manylinux_2_35_x86_64.release+c3/extsPhysics' doesn't exist.
2025-08-23T21:50:59Z [23ms] [Info] [omni.ext.plugin] Extension path: '/mnt/c/projects/kit-app-template/_build/linux-x86_64/release/data/documents/Kit/shared/exts' doesn't exist.
2025-08-23T21:50:59Z [24ms] [Info] [omni.ext.plugin] Extension path: '/mnt/c/projects/kit-app-template/_build/linux-x86_64/release/data/documents/Kit/apps/my_company.my_editor/exts' doesn't exist.
2025-08-23T21:50:59Z [24ms] [Info] [omni.ext.plugin] Extension path: '/home/kamran/.cache/packman/chk/kit-kernel/108.0.0+feature.221586.5941509b.gl.manylinux_2_35_x86_64.release+c3/exts' doesn't exist.
2025-08-23T21:50:59Z [25ms] [Info] [omni.ext.plugin] [ext manager] preferLocalVersions: 1
2025-08-23T21:50:59Z [25ms] [Info] [omni.ext.plugin] Extension system targets:
2025-08-23T21:50:59Z [25ms] [Info] [omni.ext.plugin]   kitHash: 5941509b
2025-08-23T21:50:59Z [25ms] [Info] [omni.ext.plugin]   config: release
2025-08-23T21:50:59Z [25ms] [Info] [omni.ext.plugin]   python: cp312
2025-08-23T21:50:59Z [26ms] [Info] [omni.ext.plugin]   usd: u81f8+stock+25.02+cxx11
2025-08-23T21:50:59Z [26ms] [Info] [omni.ext.plugin]   platform: linux-x86_64
2025-08-23T21:50:59Z [26ms] [Info] [omni.ext.plugin]   kit: 108.0.0
2025-08-23T21:50:59Z [26ms] [Info] [omni.ext.plugin] Searching for extensions in: '/mnt/c/projects/kit-app-template/source/apps/my_company.my_editor.kit' (path type: 1, dev: 0)
2025-08-23T21:50:59Z [26ms] [Info] [omni.ext.plugin] Searching for extensions in: '/mnt/c/projects/kit-app-template/_build/linux-x86_64/release/extscache' (path type: 4, dev: 0)
2025-08-23T21:50:59Z [221ms] [Info] [omni.ext.plugin] Searching for extensions in: '/mnt/c/projects/kit-app-template/source/apps' (path type: 0, dev: 0)
2025-08-23T21:50:59Z [237ms] [Info] [omni.ext.plugin] Searching for extensions in: '/home/kamran/.cache/packman/chk/kit-kernel/108.0.0+feature.221586.5941509b.gl.manylinux_2_35_x86_64.release+c3/extscore' (path type: 0, dev: 0)
2025-08-23T21:50:59Z [239ms] [Info] [omni.ext.plugin] Searching for extensions in: '/home/kamran/.cache/packman/chk/kit-kernel/108.0.0+feature.221586.5941509b.gl.manylinux_2_35_x86_64.release+c3/apps' (path type: 0, dev: 0)
2025-08-23T21:50:59Z [242ms] [Info] [omni.ext.plugin] [ext: omni.kit.manipulator.transform-107.0.0] registered (path: /mnt/c/projects/kit-app-template/_build/linux-x86_64/release/extscache/omni.kit.manipulator.transform-107.0.0+5941509b)
2025-08-23T21:50:59Z [243ms] [Info] [omni.ext.plugin] [ext: omni.usd.schema.anim-0.0.0] registered (path: /mnt/c/projects/kit-app-template/_build/linux-x86_64/release/extscache/omni.usd.schema.anim-0.0.0+5941509b.lx64.r.cp312)
2025-08-23T21:50:59Z [243ms] [Info] [omni.ext.plugin] [ext: omni.kit.pipapi-0.0.0] registered (path: /mnt/c/projects/kit-app-template/_build/linux-x86_64/release/extscache/omni.kit.pipapi-0.0.0+5941509b)
2025-08-23T21:50:59Z [242ms] [Info] [omni.ext.plugin] [ext: omni.kit.manipulator.camera-106.0.5] registered (path: /mnt/c/projects/kit-app-template/_build/linux-x86_64/release/extscache/omni.kit.manipulator.camera-106.0.5+5941509b)
2025-08-23T21:50:59Z [243ms] [Info] [omni.ext.plugin] [ext: omni.graph.action_nodes_core-1.10.0] registered (path: /mnt/c/projects/kit-app-template/_build/linux-x86_64/release/extscache/omni.graph.action_nodes_core-1.10.0+108.0.0.lx64.r.cp312.u81f)
2025-08-23T21:50:59Z [243ms] [Info] [omni.ext.plugin] [ext: omni.kit.raycast.query-1.1.0] registered (path: /mnt/c/projects/kit-app-template/_build/linux-x86_64/release/extscache/omni.kit.raycast.query-1.1.0+5941509b.lx64.r.cp312)
2025-08-23T21:50:59Z [242ms] [Info] [omni.ext.plugin] [ext: omni.graph.tools-1.79.3] registered (path: /mnt/c/projects/kit-app-template/_build/linux-x86_64/release/extscache/omni.graph.tools-1.79.3+5941509b)
2025-08-23T21:50:59Z [243ms] [Info] [omni.ext.plugin] [ext: omni.kit.material.library-2.0.9] registered (path: /mnt/c/projects/kit-app-template/_build/linux-x86_64/release/extscache/omni.kit.material.library-2.0.9+5941509b)
2025-08-23T21:50:59Z [243ms] [Info] [omni.ext.plugin] [ext: omni.kit.usd.mdl-1.1.5] registered (path: /mnt/c/projects/kit-app-template/_build/linux-x86_64/release/extscache/omni.kit.usd.mdl-1.1.5+5941509b.lx64.r.cp312)
2025-08-23T21:50:59Z [243ms] [Info] [omni.ext.plugin] [ext: omni.kit.manipulator.prim.core-107.0.8] registered (path: /mnt/c/projects/kit-app-template/_build/linux-x86_64/release/extscache/omni.kit.manipulator.prim.core-107.0.8+5941509b)
2025-08-23T21:50:59Z [243ms] [Info] [omni.ext.plugin] [ext: omni.kit.property.adapter.usd-1.0.3] registered (path: /mnt/c/projects/kit-app-template/_build/linux-x86_64/release/extscache/omni.kit.property.adapter.usd-1.0.3+5941509b)
2025-08-23T21:50:59Z [243ms] [Info] [omni.ext.plugin] [ext: omni.gpu_foundation.shadercache.vulkan-1.0.0] registered (path: /mnt/c/projects/kit-app-template/_build/linux-x86_64/release/extscache/omni.gpu_foundation.shadercache.vulkan-1.0.0+5941509b.lx64.r)
2025-08-23T21:50:59Z [243ms] [Info] [omni.ext.plugin] [ext: omni.kit.registry.nucleus-0.0.0] registered (path: /home/kamran/.cache/packman/chk/kit-kernel/108.0.0+feature.221586.5941509b.gl.manylinux_2_35_x86_64.release+c3/extscore/omni.kit.registry.nucleus)
2025-08-23T21:50:59Z [243ms] [Info] [omni.ext.plugin] [ext: omni.graph.ui_nodes-1.60.2] registered (path: /mnt/c/projects/kit-app-template/_build/linux-x86_64/release/extscache/omni.graph.ui_nodes-1.60.2+108.0.0.lx64.r.cp312.u81f)
2025-08-23T21:50:59Z [243ms] [Info] [omni.ext.plugin] [ext: omni.hydra.scene_api-0.1.3] registered (path: /mnt/c/projects/kit-app-template/_build/linux-x86_64/release/extscache/omni.hydra.scene_api-0.1.3+5941509b.lx64.r.cp312)
2025-08-23T21:50:59Z [243ms] [Info] [omni.ext.plugin] [ext: omni.graph.action_nodes-1.61.0] registered (path: /mnt/c/projects/kit-app-template/_build/linux-x86_64/release/extscache/omni.graph.action_nodes-1.61.0+108.0.0.lx64.r.cp312.u81f)
2025-08-23T21:50:59Z [243ms] [Info] [omni.ext.plugin] [ext: omni.kit.notification_manager-1.0.10] registered (path: /mnt/c/projects/kit-app-template/_build/linux-x86_64/release/extscache/omni.kit.notification_manager-1.0.10+5941509b)
2025-08-23T21:50:59Z [242ms] [Info] [omni.ext.plugin] [ext: omni.grpc.lib-1.0.0] registered (path: /mnt/c/projects/kit-app-template/_build/linux-x86_64/release/extscache/omni.grpc.lib-1.0.0+5941509b.lx64.r)
2025-08-23T21:50:59Z [243ms] [Info] [omni.ext.plugin] [ext: omni.kit.menu.edit-2.0.6] registered (path: /mnt/c/projects/kit-app-template/_build/linux-x86_64/release/extscache/omni.kit.menu.edit-2.0.6+5941509b)
2025-08-23T21:50:59Z [243ms] [Info] [omni.ext.plugin] [ext: omni.usd-1.13.13] registered (path: /mnt/c/projects/kit-app-template/_build/linux-x86_64/release/extscache/omni.usd-1.13.13+5941509b.lx64.r.cp312)
2025-08-23T21:50:59Z [243ms] [Info] [omni.ext.plugin] [ext: omni.localcache-108.0.4] registered (path: /mnt/c/projects/kit-app-template/_build/linux-x86_64/release/extscache/omni.localcache-108.0.4+108.0.0.lx64.r.cp312.u81f)
2025-08-23T21:50:59Z [243ms] [Info] [omni.ext.plugin] [ext: omni.physics.physx-108.0.4] registered (path: /mnt/c/projects/kit-app-template/_build/linux-x86_64/release/extscache/omni.physics.physx-108.0.4+108.0.0.lx64.r.cp312.u81f)
2025-08-23T21:50:59Z [243ms] [Info] [omni.ext.plugin] [ext: omni.kit.menu.common-2.0.1] registered (path: /mnt/c/projects/kit-app-template/_build/linux-x86_64/release/extscache/omni.kit.menu.common-2.0.1+5941509b)
2025-08-23T21:50:59Z [243ms] [Info] [omni.ext.plugin] [ext: omni.kit.hotkeys.core-1.3.10] registered (path: /mnt/c/projects/kit-app-template/_build/linux-x86_64/release/extscache/omni.kit.hotkeys.core-1.3.10+5941509b)
2025-08-23T21:50:59Z [243ms] [Info] [omni.ext.plugin] [ext: omni.app.mini-0.1.1] registered (path: /home/kamran/.cache/packman/chk/kit-kernel/108.0.0+feature.221586.5941509b.gl.manylinux_2_35_x86_64.release+c3/apps/omni.app.mini.kit)
2025-08-23T21:50:59Z [243ms] [Info] [omni.ext.plugin] [ext: omni.kit.loop-default-0.2.2] registered (path: /mnt/c/projects/kit-app-template/_build/linux-x86_64/release/extscache/omni.kit.loop-default-0.2.2+5941509b.lx64.r)
2025-08-23T21:50:59Z [243ms] [Info] [omni.ext.plugin] [ext: omni.kit.widget.options_menu-1.1.6] registered (path: /mnt/c/projects/kit-app-template/_build/linux-x86_64/release/extscache/omni.kit.widget.options_menu-1.1.6+5941509b)
2025-08-23T21:50:59Z [243ms] [Info] [omni.ext.plugin] [ext: omni.graph-1.141.2] registered (path: /mnt/c/projects/kit-app-template/_build/linux-x86_64/release/extscache/omni.graph-1.141.2+5941509b.lx64.r.cp312)
2025-08-23T21:50:59Z [243ms] [Info] [omni.ext.plugin] [ext: omni.activity.core-1.0.3] registered (path: /mnt/c/projects/kit-app-template/_build/linux-x86_64/release/extscache/omni.activity.core-1.0.3+5941509b.lx64.r.cp312)
2025-08-23T21:50:59Z [243ms] [Info] [omni.ext.plugin] [ext: omni.graph.core-2.184.7] registered (path: /mnt/c/projects/kit-app-template/_build/linux-x86_64/release/extscache/omni.graph.core-2.184.7+5941509b.lx64.r)
2025-08-23T21:50:59Z [243ms] [Info] [omni.ext.plugin] [ext: omni.kit.widget.prompt-1.0.7] registered (path: /mnt/c/projects/kit-app-template/_build/linux-x86_64/release/extscache/omni.kit.widget.prompt-1.0.7+5941509b)
2025-08-23T21:50:59Z [243ms] [Info] [omni.ext.plugin] [ext: omni.graph.image.nodes-1.3.1] registered (path: /mnt/c/projects/kit-app-template/_build/linux-x86_64/release/extscache/omni.graph.image.nodes-1.3.1+5941509b.lx64.r)
2025-08-23T21:50:59Z [243ms] [Info] [omni.ext.plugin] [ext: omni.activity.pump-1.0.1] registered (path: /mnt/c/projects/kit-app-template/_build/linux-x86_64/release/extscache/omni.activity.pump-1.0.1+5941509b.lx64.r.cp312)
2025-08-23T21:50:59Z [246ms] [Info] [omni.ext.plugin] [ext: omni.client.lib-1.1.0] registered (path: /home/kamran/.cache/packman/chk/kit-kernel/108.0.0+feature.221586.5941509b.gl.manylinux_2_35_x86_64.release+c3/extscore/omni.client.lib)
2025-08-23T21:50:59Z [246ms] [Info] [omni.ext.plugin] [ext: omni.app.full-1.0.1] registered (path: /home/kamran/.cache/packman/chk/kit-kernel/108.0.0+feature.221586.5941509b.gl.manylinux_2_35_x86_64.release+c3/apps/omni.app.full.kit)
2025-08-23T21:50:59Z [247ms] [Info] [omni.ext.plugin] [ext: carb.audio-0.1.0] registered (path: /mnt/c/projects/kit-app-template/_build/linux-x86_64/release/extscache/carb.audio-0.1.0+5941509b.lx64.r.cp312)
2025-08-23T21:50:59Z [248ms] [Info] [omni.ext.plugin] [ext: omni.kit.usd_undo-0.1.8] registered (path: /mnt/c/projects/kit-app-template/_build/linux-x86_64/release/extscache/omni.kit.usd_undo-0.1.8+5941509b)
2025-08-23T21:50:59Z [249ms] [Info] [omni.ext.plugin] [ext: omni.kit.widget.highlight_label-1.0.3] registered (path: /mnt/c/projects/kit-app-template/_build/linux-x86_64/release/extscache/omni.kit.widget.highlight_label-1.0.3+5941509b)
2025-08-23T21:50:59Z [250ms] [Info] [omni.ext.plugin] [ext: omni.kit.widget.options_button-1.0.3] registered (path: /mnt/c/projects/kit-app-template/_build/linux-x86_64/release/extscache/omni.kit.widget.options_button-1.0.3+5941509b)
2025-08-23T21:50:59Z [250ms] [Info] [omni.ext.plugin] [ext: omni.kit.widget.stage-3.1.6] registered (path: /mnt/c/projects/kit-app-template/_build/linux-x86_64/release/extscache/omni.kit.widget.stage-3.1.6+5941509b)
2025-08-23T21:50:59Z [250ms] [Info] [omni.ext.plugin] [ext: omni.kit.window.filepicker-2.13.7] registered (path: /mnt/c/projects/kit-app-template/_build/linux-x86_64/release/extscache/omni.kit.window.filepicker-2.13.7+5941509b)
2025-08-23T21:50:59Z [251ms] [Info] [omni.ext.plugin] [ext: omni.kit.window.preferences-1.8.0] registered (path: /mnt/c/projects/kit-app-template/_build/linux-x86_64/release/extscache/omni.kit.window.preferences-1.8.0+5941509b)
2025-08-23T21:50:59Z [251ms] [Info] [omni.ext.plugin] [ext: omni.kit.window.stage-2.6.1] registered (path: /mnt/c/projects/kit-app-template/_build/linux-x86_64/release/extscache/omni.kit.window.stage-2.6.1+5941509b)
2025-08-23T21:50:59Z [252ms] [Info] [omni.ext.plugin] [ext: omni.physics-108.0.4] registered (path: /mnt/c/projects/kit-app-template/_build/linux-x86_64/release/extscache/omni.physics-108.0.4+108.0.0.lx64.r.cp312.u81f)
2025-08-23T21:50:59Z [252ms] [Info] [omni.ext.plugin] [ext: usdrt.scenegraph-7.6.1] registered (path: /mnt/c/projects/kit-app-template/_build/linux-x86_64/release/extscache/usdrt.scenegraph-7.6.1+5941509b.lx64.r.cp312)
2025-08-23T21:50:59Z [253ms] [Info] [omni.ext.plugin] [ext: carb.windowing.plugins-1.0.0] registered (path: /mnt/c/projects/kit-app-template/_build/linux-x86_64/release/extscache/carb.windowing.plugins-1.0.0+5941509b.lx64.r)
2025-08-23T21:50:59Z [254ms] [Info] [omni.ext.plugin] [ext: omni.datastore-0.0.0] registered (path: /mnt/c/projects/kit-app-template/_build/linux-x86_64/release/extscache/omni.datastore-0.0.0+5941509b.lx64.r)
2025-08-23T21:50:59Z [254ms] [Info] [omni.ext.plugin] [ext: omni.gpu_foundation-0.0.0] registered (path: /mnt/c/projects/kit-app-template/_build/linux-x86_64/release/extscache/omni.gpu_foundation-0.0.0+5941509b.lx64.r.cp312)
2025-08-23T21:50:59Z [255ms] [Info] [omni.ext.plugin] [ext: omni.graph.image.core-0.6.1] registered (path: /mnt/c/projects/kit-app-template/_build/linux-x86_64/release/extscache/omni.graph.image.core-0.6.1+5941509b.lx64.r)
2025-08-23T21:50:59Z [258ms] [Info] [omni.ext.plugin] [ext: omni.hydra.engine.stats-1.0.3] registered (path: /mnt/c/projects/kit-app-template/_build/linux-x86_64/release/extscache/omni.hydra.engine.stats-1.0.3+5941509b.lx64.r.cp312)
2025-08-23T21:50:59Z [258ms] [Info] [omni.ext.plugin] [ext: omni.index-1.0.1] registered (path: /mnt/c/projects/kit-app-template/_build/linux-x86_64/release/extscache/omni.index-1.0.1+5941509b.lx64.r)
2025-08-23T21:50:59Z [259ms] [Info] [omni.ext.plugin] [ext: omni.kit.clipboard-1.1.0] registered (path: /mnt/c/projects/kit-app-template/_build/linux-x86_64/release/extscache/omni.kit.clipboard-1.1.0+5941509b.lx64.r.cp312)
2025-08-23T21:50:59Z [267ms] [Info] [omni.ext.plugin] [ext: omni.warp.core-1.8.1] registered (path: /mnt/c/projects/kit-app-template/_build/linux-x86_64/release/extscache/omni.warp.core-1.8.1+lx64)
2025-08-23T21:50:59Z [259ms] [Info] [omni.ext.plugin] [ext: omni.kit.async_engine-0.0.3] registered (path: /home/kamran/.cache/packman/chk/kit-kernel/108.0.0+feature.221586.5941509b.gl.manylinux_2_35_x86_64.release+c3/extscore/omni.kit.async_engine)
2025-08-23T21:50:59Z [259ms] [Info] [omni.ext.plugin] [ext: omni.kit.menu.file-1.1.21] registered (path: /mnt/c/projects/kit-app-template/_build/linux-x86_64/release/extscache/omni.kit.menu.file-1.1.21+5941509b)
2025-08-23T21:50:59Z [261ms] [Info] [omni.ext.plugin] [ext: omni.kit.property.camera-1.0.10] registered (path: /mnt/c/projects/kit-app-template/_build/linux-x86_64/release/extscache/omni.kit.property.camera-1.0.10+5941509b)
2025-08-23T21:50:59Z [261ms] [Info] [omni.ext.plugin] [ext: omni.kit.property.transform-1.6.0] registered (path: /mnt/c/projects/kit-app-template/_build/linux-x86_64/release/extscache/omni.kit.property.transform-1.6.0+5941509b)
2025-08-23T21:50:59Z [261ms] [Info] [omni.ext.plugin] [ext: omni.kit.viewport.menubar.settings-107.0.4] registered (path: /mnt/c/projects/kit-app-template/_build/linux-x86_64/release/extscache/omni.kit.viewport.menubar.settings-107.0.4+5941509b)
2025-08-23T21:50:59Z [261ms] [Info] [omni.ext.plugin] [ext: omni.kit.usd.collect-2.4.6] registered (path: /mnt/c/projects/kit-app-template/_build/linux-x86_64/release/extscache/omni.kit.usd.collect-2.4.6+5941509b)
2025-08-23T21:50:59Z [263ms] [Info] [omni.ext.plugin] [ext: omni.kit.widget.searchable_combobox-1.0.6] registered (path: /mnt/c/projects/kit-app-template/_build/linux-x86_64/release/extscache/omni.kit.widget.searchable_combobox-1.0.6+5941509b)
2025-08-23T21:50:59Z [263ms] [Info] [omni.ext.plugin] [ext: omni.kit.viewport.registry-104.0.6] registered (path: /mnt/c/projects/kit-app-template/_build/linux-x86_64/release/extscache/omni.kit.viewport.registry-104.0.6+5941509b)
2025-08-23T21:50:59Z [263ms] [Info] [omni.ext.plugin] [ext: omni.kit.window.content_browser-3.1.4] registered (path: /mnt/c/projects/kit-app-template/_build/linux-x86_64/release/extscache/omni.kit.window.content_browser-3.1.4+5941509b)
2025-08-23T21:50:59Z [264ms] [Info] [omni.ext.plugin] [ext: omni.rtx.window.settings-0.6.101] registered (path: /mnt/c/projects/kit-app-template/_build/linux-x86_64/release/extscache/omni.rtx.window.settings-0.6.101+5941509b.lx64.r.cp312)
2025-08-23T21:50:59Z [265ms] [Info] [omni.ext.plugin] [ext: omni.stats-1.0.1] registered (path: /mnt/c/projects/kit-app-template/_build/linux-x86_64/release/extscache/omni.stats-1.0.1+5941509b.lx64.r.cp312)
2025-08-23T21:50:59Z [265ms] [Info] [omni.ext.plugin] [ext: omni.ujitso.client-0.0.0] registered (path: /mnt/c/projects/kit-app-template/_build/linux-x86_64/release/extscache/omni.ujitso.client-0.0.0+5941509b.lx64.r)
2025-08-23T21:50:59Z [265ms] [Info] [omni.ext.plugin] [ext: omni.usd.schema.metrics.assembler-108.0.0] registered (path: /mnt/c/projects/kit-app-template/_build/linux-x86_64/release/extscache/omni.usd.schema.metrics.assembler-108.0.0+108.0.0.lx64.r.cp312.u81f)
2025-08-23T21:50:59Z [266ms] [Info] [omni.ext.plugin] [ext: omni.usdphysics-108.0.4] registered (path: /mnt/c/projects/kit-app-template/_build/linux-x86_64/release/extscache/omni.usdphysics-108.0.4+108.0.0.lx64.r.cp312.u81f)
2025-08-23T21:50:59Z [266ms] [Info] [omni.ext.plugin] [ext: omni.usd_resolver-1.0.0] registered (path: /mnt/c/projects/kit-app-template/_build/linux-x86_64/release/extscache/omni.usd_resolver-1.0.0+5941509b.lx64.r.cp312)
2025-08-23T21:50:59Z [259ms] [Info] [omni.ext.plugin] [ext: omni.kit.primitive.mesh-1.0.17] registered (path: /mnt/c/projects/kit-app-template/_build/linux-x86_64/release/extscache/omni.kit.primitive.mesh-1.0.17+5941509b)
2025-08-23T21:50:59Z [268ms] [Info] [omni.ext.plugin] [ext: omni.assets.plugins-0.0.0] registered (path: /mnt/c/projects/kit-app-template/_build/linux-x86_64/release/extscache/omni.assets.plugins-0.0.0+5941509b.lx64.r)
2025-08-23T21:50:59Z [269ms] [Info] [omni.ext.plugin] [ext: omni.blobkey-1.1.2] registered (path: /mnt/c/projects/kit-app-template/_build/linux-x86_64/release/extscache/omni.blobkey-1.1.2+5941509b.lx64.r)
2025-08-23T21:50:59Z [269ms] [Info] [omni.ext.plugin] [ext: omni.gpucompute.plugins-0.0.0] registered (path: /mnt/c/projects/kit-app-template/_build/linux-x86_64/release/extscache/omni.gpucompute.plugins-0.0.0+5941509b.lx64.r)
2025-08-23T21:50:59Z [270ms] [Info] [omni.ext.plugin] [ext: omni.graph.nodes_core-1.10.0] registered (path: /mnt/c/projects/kit-app-template/_build/linux-x86_64/release/extscache/omni.graph.nodes_core-1.10.0+108.0.0.lx64.r.cp312.u81f)
2025-08-23T21:50:59Z [270ms] [Info] [omni.ext.plugin] [ext: omni.graph.scriptnode-1.60.0] registered (path: /mnt/c/projects/kit-app-template/_build/linux-x86_64/release/extscache/omni.graph.scriptnode-1.60.0+108.0.0)
2025-08-23T21:50:59Z [270ms] [Info] [omni.ext.plugin] [ext: omni.hydra.scene_delegate-0.3.4] registered (path: /mnt/c/projects/kit-app-template/_build/linux-x86_64/release/extscache/omni.hydra.scene_delegate-0.3.4+5941509b.lx64.r)
2025-08-23T21:50:59Z [271ms] [Info] [omni.ext.plugin] [ext: omni.iray.libs-0.0.0] registered (path: /mnt/c/projects/kit-app-template/_build/linux-x86_64/release/extscache/omni.iray.libs-0.0.0+5941509b.lx64.r)
2025-08-23T21:50:59Z [272ms] [Info] [omni.ext.plugin] [ext: omni.kit.menu.utils-2.1.0] registered (path: /mnt/c/projects/kit-app-template/_build/linux-x86_64/release/extscache/omni.kit.menu.utils-2.1.0+5941509b)
2025-08-23T21:50:59Z [273ms] [Info] [omni.ext.plugin] [ext: omni.activity.profiler-1.0.4] registered (path: /mnt/c/projects/kit-app-template/_build/linux-x86_64/release/extscache/omni.activity.profiler-1.0.4+5941509b.lx64.r.cp312)
2025-08-23T21:50:59Z [273ms] [Info] [omni.ext.plugin] [ext: omni.kit.property.audio-1.0.16] registered (path: /mnt/c/projects/kit-app-template/_build/linux-x86_64/release/extscache/omni.kit.property.audio-1.0.16+5941509b)
2025-08-23T21:50:59Z [274ms] [Info] [omni.ext.plugin] [ext: omni.kit.telemetry-0.5.2] registered (path: /mnt/c/projects/kit-app-template/_build/linux-x86_64/release/extscache/omni.kit.telemetry-0.5.2+5941509b.lx64.r.cp312)
2025-08-23T21:50:59Z [274ms] [Info] [omni.ext.plugin] [ext: omni.kit.viewport.menubar.camera-107.0.7] registered (path: /mnt/c/projects/kit-app-template/_build/linux-x86_64/release/extscache/omni.kit.viewport.menubar.camera-107.0.7+5941509b)
2025-08-23T21:50:59Z [274ms] [Info] [omni.ext.plugin] [ext: omni.kit.usdz_export-1.0.10] registered (path: /mnt/c/projects/kit-app-template/_build/linux-x86_64/release/extscache/omni.kit.usdz_export-1.0.10+5941509b)
2025-08-23T21:50:59Z [275ms] [Info] [omni.ext.plugin] [ext: omni.kit.viewport.ready-1.0.9] registered (path: /mnt/c/projects/kit-app-template/_build/linux-x86_64/release/extscache/omni.kit.viewport.ready-1.0.9+5941509b)
2025-08-23T21:50:59Z [275ms] [Info] [omni.ext.plugin] [ext: omni.kit.widget.text_editor-1.1.1] registered (path: /mnt/c/projects/kit-app-template/_build/linux-x86_64/release/extscache/omni.kit.widget.text_editor-1.1.1+5941509b.lx64.r.cp312)
2025-08-23T21:50:59Z [275ms] [Info] [omni.ext.plugin] [ext: omni.kit.viewport.utility-1.2.2] registered (path: /mnt/c/projects/kit-app-template/_build/linux-x86_64/release/extscache/omni.kit.viewport.utility-1.2.2+5941509b)
2025-08-23T21:50:59Z [276ms] [Info] [omni.ext.plugin] [ext: omni.mdl-56.0.3] registered (path: /mnt/c/projects/kit-app-template/_build/linux-x86_64/release/extscache/omni.mdl-56.0.3+5941509b.lx64.r.cp312)
2025-08-23T21:50:59Z [276ms] [Info] [omni.ext.plugin] [ext: omni.ujitso.default-1.0.0] registered (path: /mnt/c/projects/kit-app-template/_build/linux-x86_64/release/extscache/omni.ujitso.default-1.0.0+5941509b.lx64.r.cp312)
2025-08-23T21:50:59Z [277ms] [Info] [omni.ext.plugin] [ext: omni.usd.schema.physx-108.0.4] registered (path: /mnt/c/projects/kit-app-template/_build/linux-x86_64/release/extscache/omni.usd.schema.physx-108.0.4+108.0.0.lx64.r.cp312.u81f)
2025-08-23T21:50:59Z [277ms] [Info] [omni.ext.plugin] [ext: omni.client-1.3.0] registered (path: /mnt/c/projects/kit-app-template/_build/linux-x86_64/release/extscache/omni.client-1.3.0+5941509b.lx64.r)
2025-08-23T21:50:59Z [277ms] [Info] [omni.ext.plugin] [ext: omni.app.hydra-1.0.0] registered (path: /home/kamran/.cache/packman/chk/kit-kernel/108.0.0+feature.221586.5941509b.gl.manylinux_2_35_x86_64.release+c3/apps/omni.app.hydra.kit)
2025-08-23T21:50:59Z [277ms] [Info] [omni.ext.plugin] [ext: omni.hsscclient-1.1.3] registered (path: /mnt/c/projects/kit-app-template/_build/linux-x86_64/release/extscache/omni.hsscclient-1.1.3+5941509b.lx64.r.cp312)
2025-08-23T21:50:59Z [283ms] [Info] [omni.ext.plugin] [ext: omni.kit.window.script_editor-2.0.3] registered (path: /mnt/c/projects/kit-app-template/_build/linux-x86_64/release/extscache/omni.kit.window.script_editor-2.0.3+5941509b)
2025-08-23T21:50:59Z [278ms] [Info] [omni.ext.plugin] [ext: omni.kit.debug.python-1.0.1] registered (path: /mnt/c/projects/kit-app-template/_build/linux-x86_64/release/extscache/omni.kit.debug.python-1.0.1+5941509b.lx64.r.cp312)
2025-08-23T21:50:59Z [279ms] [Info] [omni.ext.plugin] [ext: omni.kit.audiodeviceenum-1.0.2] registered (path: /mnt/c/projects/kit-app-template/_build/linux-x86_64/release/extscache/omni.kit.audiodeviceenum-1.0.2+5941509b.lx64.r.cp312)
2025-08-23T21:50:59Z [279ms] [Info] [omni.ext.plugin] [ext: omni.kit.renderer.core-1.1.1] registered (path: /mnt/c/projects/kit-app-template/_build/linux-x86_64/release/extscache/omni.kit.renderer.core-1.1.1+5941509b.lx64.r.cp312)
2025-08-23T21:50:59Z [280ms] [Info] [omni.ext.plugin] [ext: omni.kit.selection-0.1.6] registered (path: /mnt/c/projects/kit-app-template/_build/linux-x86_64/release/extscache/omni.kit.selection-0.1.6+5941509b)
2025-08-23T21:50:59Z [280ms] [Info] [omni.ext.plugin] [ext: omni.kit.stage_template.core-1.1.22] registered (path: /mnt/c/projects/kit-app-template/_build/linux-x86_64/release/extscache/omni.kit.stage_template.core-1.1.22+5941509b)
2025-08-23T21:50:59Z [280ms] [Info] [omni.ext.plugin] [ext: omni.kit.test-2.0.1] registered (path: /mnt/c/projects/kit-app-template/_build/linux-x86_64/release/extscache/omni.kit.test-2.0.1+5941509b.lx64.r.cp312)
2025-08-23T21:50:59Z [281ms] [Info] [omni.ext.plugin] [ext: omni.kit.viewport.window-107.0.14] registered (path: /mnt/c/projects/kit-app-template/_build/linux-x86_64/release/extscache/omni.kit.viewport.window-107.0.14+5941509b)
2025-08-23T21:50:59Z [281ms] [Info] [omni.ext.plugin] [ext: omni.kit.widget.filter-1.1.4] registered (path: /mnt/c/projects/kit-app-template/_build/linux-x86_64/release/extscache/omni.kit.widget.filter-1.1.4+5941509b)
2025-08-23T21:50:59Z [282ms] [Info] [omni.ext.plugin] [ext: omni.kit.window.file-2.0.7] registered (path: /mnt/c/projects/kit-app-template/_build/linux-x86_64/release/extscache/omni.kit.window.file-2.0.7+5941509b)
2025-08-23T21:50:59Z [282ms] [Info] [omni.ext.plugin] [ext: omni.kit.window.file_exporter-1.0.35] registered (path: /mnt/c/projects/kit-app-template/_build/linux-x86_64/release/extscache/omni.kit.window.file_exporter-1.0.35+5941509b)
2025-08-23T21:50:59Z [278ms] [Info] [omni.ext.plugin] [ext: omni.kit.debug.vscode-0.1.6] registered (path: /mnt/c/projects/kit-app-template/_build/linux-x86_64/release/extscache/omni.kit.debug.vscode-0.1.6+5941509b)
2025-08-23T21:50:59Z [283ms] [Info] [omni.ext.plugin] [ext: omni.physx.foundation-108.0.4] registered (path: /mnt/c/projects/kit-app-template/_build/linux-x86_64/release/extscache/omni.physx.foundation-108.0.4+108.0.0.lx64.r.cp312.u81f)
2025-08-23T21:50:59Z [283ms] [Info] [omni.ext.plugin] [ext: omni.rtx.settings.core-0.6.5] registered (path: /mnt/c/projects/kit-app-template/_build/linux-x86_64/release/extscache/omni.rtx.settings.core-0.6.5+5941509b)
2025-08-23T21:50:59Z [284ms] [Info] [omni.ext.plugin] [ext: omni.uiaudio-1.0.0] registered (path: /mnt/c/projects/kit-app-template/_build/linux-x86_64/release/extscache/omni.uiaudio-1.0.0+5941509b.lx64.r.cp312)
2025-08-23T21:50:59Z [284ms] [Info] [omni.ext.plugin] [ext: omni.usd.config-1.0.6] registered (path: /mnt/c/projects/kit-app-template/_build/linux-x86_64/release/extscache/omni.usd.config-1.0.6+5941509b)
2025-08-23T21:50:59Z [285ms] [Info] [omni.ext.plugin] [ext: omni.usd.schema.audio-0.0.0] registered (path: /mnt/c/projects/kit-app-template/_build/linux-x86_64/release/extscache/omni.usd.schema.audio-0.0.0+5941509b.lx64.r.cp312)
2025-08-23T21:50:59Z [286ms] [Info] [omni.ext.plugin] [ext: omni.appwindow-1.2.0] registered (path: /mnt/c/projects/kit-app-template/_build/linux-x86_64/release/extscache/omni.appwindow-1.2.0+5941509b.lx64.r.cp312)
2025-08-23T21:50:59Z [286ms] [Info] [omni.ext.plugin] [ext: omni.anim.curve.core-1.4.2] registered (path: /mnt/c/projects/kit-app-template/_build/linux-x86_64/release/extscache/omni.anim.curve.core-1.4.2+108.0.0.lx64.r.cp312.u81f)
2025-08-23T21:50:59Z [287ms] [Info] [omni.ext.plugin] [ext: omni.kit.hydra_texture-1.4.7] registered (path: /mnt/c/projects/kit-app-template/_build/linux-x86_64/release/extscache/omni.kit.hydra_texture-1.4.7+5941509b.lx64.r.cp312)
2025-08-23T21:50:59Z [287ms] [Info] [omni.ext.plugin] [ext: omni.kit.mainwindow-1.0.3] registered (path: /mnt/c/projects/kit-app-template/_build/linux-x86_64/release/extscache/omni.kit.mainwindow-1.0.3+5941509b)
2025-08-23T21:50:59Z [288ms] [Info] [omni.ext.plugin] [ext: omni.kit.property.bundle-1.4.1] registered (path: /mnt/c/projects/kit-app-template/_build/linux-x86_64/release/extscache/omni.kit.property.bundle-1.4.1+5941509b)
2025-08-23T21:50:59Z [288ms] [Info] [omni.ext.plugin] [ext: omni.kit.property.adapter.fabric-1.0.4] registered (path: /mnt/c/projects/kit-app-template/_build/linux-x86_64/release/extscache/omni.kit.property.adapter.fabric-1.0.4+5941509b)
2025-08-23T21:50:59Z [288ms] [Info] [omni.ext.plugin] [ext: omni.kit.property.geometry-2.0.6] registered (path: /mnt/c/projects/kit-app-template/_build/linux-x86_64/release/extscache/omni.kit.property.geometry-2.0.6+5941509b)
2025-08-23T21:50:59Z [290ms] [Info] [omni.ext.plugin] [ext: omni.kit.renderer.imgui-2.0.6] registered (path: /mnt/c/projects/kit-app-template/_build/linux-x86_64/release/extscache/omni.kit.renderer.imgui-2.0.6+5941509b.lx64.r.cp312)
2025-08-23T21:50:59Z [290ms] [Info] [omni.ext.plugin] [ext: omni.kit.viewport.menubar.core-107.2.1] registered (path: /mnt/c/projects/kit-app-template/_build/linux-x86_64/release/extscache/omni.kit.viewport.menubar.core-107.2.1+5941509b)
2025-08-23T21:50:59Z [290ms] [Info] [omni.ext.plugin] [ext: omni.kit.tool.collect-2.2.18] registered (path: /mnt/c/projects/kit-app-template/_build/linux-x86_64/release/extscache/omni.kit.tool.collect-2.2.18+5941509b)
2025-08-23T21:50:59Z [291ms] [Info] [omni.ext.plugin] [ext: omni.kit.widget.searchfield-1.1.8] registered (path: /mnt/c/projects/kit-app-template/_build/linux-x86_64/release/extscache/omni.kit.widget.searchfield-1.1.8+5941509b)
2025-08-23T21:50:59Z [291ms] [Info] [omni.ext.plugin] [ext: omni.kit.widget.nucleus_connector-2.0.1] registered (path: /mnt/c/projects/kit-app-template/_build/linux-x86_64/release/extscache/omni.kit.widget.nucleus_connector-2.0.1+5941509b)
2025-08-23T21:50:59Z [292ms] [Info] [omni.ext.plugin] [ext: omni.kit.window.drop_support-1.0.6] registered (path: /mnt/c/projects/kit-app-template/_build/linux-x86_64/release/extscache/omni.kit.window.drop_support-1.0.6+5941509b)
2025-08-23T21:50:59Z [292ms] [Info] [omni.ext.plugin] [ext: omni.kit.window.content_browser_registry-0.0.6] registered (path: /mnt/c/projects/kit-app-template/_build/linux-x86_64/release/extscache/omni.kit.window.content_browser_registry-0.0.6+5941509b)
2025-08-23T21:50:59Z [297ms] [Info] [omni.ext.plugin] [ext: omni.kit.manipulator.prim.fabric-107.0.4] registered (path: /mnt/c/projects/kit-app-template/_build/linux-x86_64/release/extscache/omni.kit.manipulator.prim.fabric-107.0.4+5941509b)
2025-08-23T21:50:59Z [293ms] [Info] [omni.ext.plugin] [ext: omni.protobuf.lib-1.0.0] registered (path: /mnt/c/projects/kit-app-template/_build/linux-x86_64/release/extscache/omni.protobuf.lib-1.0.0+5941509b.lx64.r)
2025-08-23T21:50:59Z [293ms] [Info] [omni.ext.plugin] [ext: omni.physx-108.0.4] registered (path: /mnt/c/projects/kit-app-template/_build/linux-x86_64/release/extscache/omni.physx-108.0.4+108.0.0.lx64.r.cp312.u81f)
2025-08-23T21:50:59Z [294ms] [Info] [omni.ext.plugin] [ext: omni.ui.scene-1.11.4] registered (path: /mnt/c/projects/kit-app-template/_build/linux-x86_64/release/extscache/omni.ui.scene-1.11.4+5941509b.lx64.r.cp312)
2025-08-23T21:50:59Z [294ms] [Info] [omni.ext.plugin] [ext: omni.usd.metrics.assembler.ui-108.0.0] registered (path: /mnt/c/projects/kit-app-template/_build/linux-x86_64/release/extscache/omni.usd.metrics.assembler.ui-108.0.0+108.0.0.cp312.u81f)
2025-08-23T21:50:59Z [294ms] [Info] [omni.ext.plugin] [ext: omni.usd.schema.omnigraph-1.0.0] registered (path: /mnt/c/projects/kit-app-template/_build/linux-x86_64/release/extscache/omni.usd.schema.omnigraph-1.0.0+5941509b.lx64.r.cp312)
2025-08-23T21:50:59Z [295ms] [Info] [omni.ext.plugin] [ext: omni.hydra.rtx-1.0.0] registered (path: /mnt/c/projects/kit-app-template/_build/linux-x86_64/release/extscache/omni.hydra.rtx-1.0.0+5941509b.lx64.r)
2025-08-23T21:50:59Z [295ms] [Info] [omni.ext.plugin] [ext: omni.app.dev-1.0.0] registered (path: /home/kamran/.cache/packman/chk/kit-kernel/108.0.0+feature.221586.5941509b.gl.manylinux_2_35_x86_64.release+c3/apps/omni.app.dev.kit)
2025-08-23T21:50:59Z [296ms] [Info] [omni.ext.plugin] [ext: omni.kit.commands-1.4.10] registered (path: /mnt/c/projects/kit-app-template/_build/linux-x86_64/release/extscache/omni.kit.commands-1.4.10+5941509b.lx64.r.cp312)
2025-08-23T21:50:59Z [296ms] [Info] [omni.ext.plugin] [ext: omni.app.empty-0.1.0] registered (path: /home/kamran/.cache/packman/chk/kit-kernel/108.0.0+feature.221586.5941509b.gl.manylinux_2_35_x86_64.release+c3/apps/omni.app.empty.kit)
2025-08-23T21:50:59Z [297ms] [Info] [omni.ext.plugin] [ext: omni.kit.helper.file_utils-0.1.9] registered (path: /mnt/c/projects/kit-app-template/_build/linux-x86_64/release/extscache/omni.kit.helper.file_utils-0.1.9+5941509b)
2025-08-23T21:50:59Z [297ms] [Info] [omni.ext.plugin] [ext: omni.kit.manipulator.prim-107.0.1] registered (path: /mnt/c/projects/kit-app-template/_build/linux-x86_64/release/extscache/omni.kit.manipulator.prim-107.0.1+5941509b)
2025-08-23T21:50:59Z [292ms] [Info] [omni.ext.plugin] [ext: omni.kit.window.toolbar-2.0.0] registered (path: /mnt/c/projects/kit-app-template/_build/linux-x86_64/release/extscache/omni.kit.window.toolbar-2.0.0+5941509b)
2025-08-23T21:50:59Z [297ms] [Info] [omni.ext.plugin] [ext: omni.kit.manipulator.selector-1.1.3] registered (path: /mnt/c/projects/kit-app-template/_build/linux-x86_64/release/extscache/omni.kit.manipulator.selector-1.1.3+5941509b)
2025-08-23T21:50:59Z [298ms] [Info] [omni.ext.plugin] [ext: omni.kit.property.light-1.0.13] registered (path: /mnt/c/projects/kit-app-template/_build/linux-x86_64/release/extscache/omni.kit.property.light-1.0.13+5941509b)
2025-08-23T21:50:59Z [298ms] [Info] [omni.ext.plugin] [ext: omni.kit.property.material-1.12.0] registered (path: /mnt/c/projects/kit-app-template/_build/linux-x86_64/release/extscache/omni.kit.property.material-1.12.0+5941509b)
2025-08-23T21:50:59Z [299ms] [Info] [omni.ext.plugin] [ext: omni.kit.renderer.capture-1.0.2] registered (path: /mnt/c/projects/kit-app-template/_build/linux-x86_64/release/extscache/omni.kit.renderer.capture-1.0.2+5941509b.lx64.r.cp312)
2025-08-23T21:50:59Z [300ms] [Info] [omni.ext.plugin] [ext: omni.kit.renderer.init-0.0.0] registered (path: /mnt/c/projects/kit-app-template/_build/linux-x86_64/release/extscache/omni.kit.renderer.init-0.0.0+5941509b.lx64.r)
2025-08-23T21:50:59Z [300ms] [Info] [omni.ext.plugin] [ext: omni.kit.viewport.menubar.render-107.0.10] registered (path: /mnt/c/projects/kit-app-template/_build/linux-x86_64/release/extscache/omni.kit.viewport.menubar.render-107.0.10+5941509b)
2025-08-23T21:50:59Z [300ms] [Info] [omni.ext.plugin] [ext: omni.kit.property.usd-4.6.0] registered (path: /mnt/c/projects/kit-app-template/_build/linux-x86_64/release/extscache/omni.kit.property.usd-4.6.0+5941509b)
2025-08-23T21:50:59Z [300ms] [Info] [omni.ext.plugin] [ext: omni.kit.usd.layers-2.3.2] registered (path: /mnt/c/projects/kit-app-template/_build/linux-x86_64/release/extscache/omni.kit.usd.layers-2.3.2+5941509b.lx64.r.cp312)
2025-08-23T21:50:59Z [301ms] [Info] [omni.ext.plugin] [ext: omni.convexdecomposition-108.0.4] registered (path: /mnt/c/projects/kit-app-template/_build/linux-x86_64/release/extscache/omni.convexdecomposition-108.0.4+108.0.0.lx64.r.cp312.u81f)
2025-08-23T21:50:59Z [301ms] [Info] [omni.ext.plugin] [ext: omni.kit.widget.filebrowser-2.12.3] registered (path: /mnt/c/projects/kit-app-template/_build/linux-x86_64/release/extscache/omni.kit.widget.filebrowser-2.12.3+5941509b)
2025-08-23T21:50:59Z [302ms] [Info] [omni.ext.plugin] [ext: omni.kit.widget.toolbar-2.0.2] registered (path: /mnt/c/projects/kit-app-template/_build/linux-x86_64/release/extscache/omni.kit.widget.toolbar-2.0.2+5941509b)
2025-08-23T21:50:59Z [302ms] [Info] [omni.ext.plugin] [ext: omni.kit.widget.path_field-2.0.12] registered (path: /mnt/c/projects/kit-app-template/_build/linux-x86_64/release/extscache/omni.kit.widget.path_field-2.0.12+5941509b)
2025-08-23T21:50:59Z [303ms] [Info] [omni.ext.plugin] [ext: omni.kit.window.extensions-1.5.2] registered (path: /mnt/c/projects/kit-app-template/_build/linux-x86_64/release/extscache/omni.kit.window.extensions-1.5.2+5941509b)
2025-08-23T21:50:59Z [303ms] [Info] [omni.ext.plugin] [ext: omni.kit.window.status_bar-0.1.9] registered (path: /mnt/c/projects/kit-app-template/_build/linux-x86_64/release/extscache/omni.kit.window.status_bar-0.1.9+5941509b.lx64.r.cp312)
2025-08-23T21:50:59Z [303ms] [Info] [omni.ext.plugin] [ext: omni.physics.stageupdate-108.0.4] registered (path: /mnt/c/projects/kit-app-template/_build/linux-x86_64/release/extscache/omni.physics.stageupdate-108.0.4+108.0.0.lx64.r.cp312.u81f)
2025-08-23T21:50:59Z [310ms] [Info] [omni.ext.plugin] [ext: omni.kit.window.property-1.14.1] registered (path: /mnt/c/projects/kit-app-template/_build/linux-x86_64/release/extscache/omni.kit.window.property-1.14.1+5941509b)
2025-08-23T21:50:59Z [306ms] [Info] [omni.ext.plugin] [ext: omni.fabric.commands-1.1.6] registered (path: /mnt/c/projects/kit-app-template/_build/linux-x86_64/release/extscache/omni.fabric.commands-1.1.6+5941509b.lx64.r.cp312)
2025-08-23T21:50:59Z [306ms] [Info] [omni.ext.plugin] [ext: omni.graph.nodes-1.180.0] registered (path: /mnt/c/projects/kit-app-template/_build/linux-x86_64/release/extscache/omni.graph.nodes-1.180.0+108.0.0.lx64.r.cp312.u81f)
2025-08-23T21:50:59Z [307ms] [Info] [omni.ext.plugin] [ext: omni.kit.asset_converter-5.0.12] registered (path: /mnt/c/projects/kit-app-template/_build/linux-x86_64/release/extscache/omni.kit.asset_converter-5.0.12+108.0.0.lx64.r.cp312.u81f)
2025-08-23T21:50:59Z [308ms] [Info] [omni.ext.plugin] [ext: omni.kit.debug.settings-1.0.2] registered (path: /mnt/c/projects/kit-app-template/_build/linux-x86_64/release/extscache/omni.kit.debug.settings-1.0.2)
2025-08-23T21:50:59Z [308ms] [Info] [omni.ext.plugin] [ext: omni.kit.context_menu-1.8.6] registered (path: /mnt/c/projects/kit-app-template/_build/linux-x86_64/release/extscache/omni.kit.context_menu-1.8.6+5941509b)
2025-08-23T21:50:59Z [308ms] [Info] [omni.ext.plugin] [ext: omni.kit.manipulator.tool.snap-1.5.13] registered (path: /mnt/c/projects/kit-app-template/_build/linux-x86_64/release/extscache/omni.kit.manipulator.tool.snap-1.5.13+5941509b)
2025-08-23T21:50:59Z [309ms] [Info] [omni.ext.plugin] [ext: omni.kit.viewport.actions-107.0.2] registered (path: /mnt/c/projects/kit-app-template/_build/linux-x86_64/release/extscache/omni.kit.viewport.actions-107.0.2+5941509b)
2025-08-23T21:50:59Z [310ms] [Info] [omni.ext.plugin] [ext: omni.kit.widget.settings-1.2.3] registered (path: /mnt/c/projects/kit-app-template/_build/linux-x86_64/release/extscache/omni.kit.widget.settings-1.2.3+5941509b)
2025-08-23T21:50:59Z [314ms] [Info] [omni.ext.plugin] [ext: omni.usd.metrics.assembler-108.0.0] registered (path: /mnt/c/projects/kit-app-template/_build/linux-x86_64/release/extscache/omni.usd.metrics.assembler-108.0.0+108.0.0.lx64.r.cp312.u81f)
2025-08-23T21:50:59Z [310ms] [Info] [omni.ext.plugin] [ext: omni.kit.window.file_importer-1.1.18] registered (path: /mnt/c/projects/kit-app-template/_build/linux-x86_64/release/extscache/omni.kit.window.file_importer-1.1.18+5941509b)
2025-08-23T21:50:59Z [304ms] [Info] [omni.ext.plugin] [ext: omni.usd.core-1.5.4] registered (path: /mnt/c/projects/kit-app-template/_build/linux-x86_64/release/extscache/omni.usd.core-1.5.4+5941509b.lx64.r)
2025-08-23T21:50:59Z [310ms] [Info] [omni.ext.plugin] [ext: omni.kit.window.console-1.1.4] registered (path: /mnt/c/projects/kit-app-template/_build/linux-x86_64/release/extscache/omni.kit.window.console-1.1.4+5941509b.lx64.r.cp312)
2025-08-23T21:50:59Z [311ms] [Info] [omni.ext.plugin] [ext: omni.kvdb-108.0.4] registered (path: /mnt/c/projects/kit-app-template/_build/linux-x86_64/release/extscache/omni.kvdb-108.0.4+108.0.0.lx64.r.cp312.u81f)
2025-08-23T21:50:59Z [311ms] [Info] [omni.ext.plugin] [ext: omni.materialx.libs-1.0.9] registered (path: /mnt/c/projects/kit-app-template/_build/linux-x86_64/release/extscache/omni.materialx.libs-1.0.9+5941509b.lx64.r.cp312)
2025-08-23T21:50:59Z [312ms] [Info] [omni.ext.plugin] [ext: omni.metrics.core-0.0.3] registered (path: /mnt/c/projects/kit-app-template/_build/linux-x86_64/release/extscache/omni.metrics.core-0.0.3+5941509b.lx64.r)
2025-08-23T21:50:59Z [312ms] [Info] [omni.ext.plugin] [ext: omni.ocio-0.1.1] registered (path: /mnt/c/projects/kit-app-template/_build/linux-x86_64/release/extscache/omni.ocio-0.1.1+5941509b.lx64.r.cp312)
2025-08-23T21:50:59Z [313ms] [Info] [omni.ext.plugin] [ext: omni.physx.cooking-108.0.4] registered (path: /mnt/c/projects/kit-app-template/_build/linux-x86_64/release/extscache/omni.physx.cooking-108.0.4+108.0.0.lx64.r.cp312.u81f)
2025-08-23T21:50:59Z [313ms] [Info] [omni.ext.plugin] [ext: omni.timeline-1.1.0] registered (path: /mnt/c/projects/kit-app-template/_build/linux-x86_64/release/extscache/omni.timeline-1.1.0+5941509b.lx64.r.cp312)
2025-08-23T21:50:59Z [310ms] [Info] [omni.ext.plugin] [ext: omni.kit.viewport.legacy_gizmos-1.0.21] registered (path: /mnt/c/projects/kit-app-template/_build/linux-x86_64/release/extscache/omni.kit.viewport.legacy_gizmos-1.0.21+5941509b.lx64.r.cp312)
2025-08-23T21:50:59Z [314ms] [Info] [omni.ext.plugin] [ext: omni.volume-0.5.2] registered (path: /mnt/c/projects/kit-app-template/_build/linux-x86_64/release/extscache/omni.volume-0.5.2+5941509b.lx64.r.cp312)
2025-08-23T21:50:59Z [314ms] [Info] [omni.ext.plugin] [ext: omni.cubric-0.1.0] registered (path: /mnt/c/projects/kit-app-template/_build/linux-x86_64/release/extscache/omni.cubric-0.1.0+5941509b.lx64.r)
2025-08-23T21:50:59Z [315ms] [Info] [omni.ext.plugin] [ext: omni.kit.dev.utilities.bundle-0.2.1] registered (path: /mnt/c/projects/kit-app-template/_build/linux-x86_64/release/extscache/omni.kit.dev.utilities.bundle-0.2.1)
2025-08-23T21:50:59Z [316ms] [Info] [omni.ext.plugin] [ext: omni.kit.menu.core-1.1.2] registered (path: /mnt/c/projects/kit-app-template/_build/linux-x86_64/release/extscache/omni.kit.menu.core-1.1.2+5941509b)
2025-08-23T21:50:59Z [316ms] [Info] [omni.ext.plugin] [ext: omni.kit.exec.core-0.13.4] registered (path: /mnt/c/projects/kit-app-template/_build/linux-x86_64/release/extscache/omni.kit.exec.core-0.13.4+5941509b.lx64.r.cp312)
2025-08-23T21:50:59Z [317ms] [Info] [omni.ext.plugin] [ext: omni.graph.action_core-1.1.7] registered (path: /mnt/c/projects/kit-app-template/_build/linux-x86_64/release/extscache/omni.graph.action_core-1.1.7+5941509b.lx64.r.cp312)
2025-08-23T21:50:59Z [317ms] [Info] [omni.ext.plugin] [ext: omni.kit.property.adapter.core-1.0.3] registered (path: /mnt/c/projects/kit-app-template/_build/linux-x86_64/release/extscache/omni.kit.property.adapter.core-1.0.3+5941509b)
2025-08-23T21:50:59Z [318ms] [Info] [omni.ext.plugin] [ext: omni.kit.ui.actions-1.0.5] registered (path: /mnt/c/projects/kit-app-template/_build/linux-x86_64/release/extscache/omni.kit.ui.actions-1.0.5+5941509b)
2025-08-23T21:50:59Z [318ms] [Info] [omni.ext.plugin] [ext: omni.kit.viewport.manipulator.transform-107.0.4] registered (path: /mnt/c/projects/kit-app-template/_build/linux-x86_64/release/extscache/omni.kit.viewport.manipulator.transform-107.0.4+5941509b)
2025-08-23T21:50:59Z [318ms] [Info] [omni.ext.plugin] [ext: omni.kit.viewport.menubar.display-107.1.1] registered (path: /mnt/c/projects/kit-app-template/_build/linux-x86_64/release/extscache/omni.kit.viewport.menubar.display-107.1.1+5941509b)
2025-08-23T21:50:59Z [319ms] [Info] [omni.ext.plugin] [ext: omni.kit.viewport.scene_camera_model-1.0.6] registered (path: /mnt/c/projects/kit-app-template/_build/linux-x86_64/release/extscache/omni.kit.viewport.scene_camera_model-1.0.6+5941509b.lx64.r.cp312)
2025-08-23T21:50:59Z [319ms] [Info] [omni.ext.plugin] [ext: omni.kit.widget.context_menu-1.2.5] registered (path: /mnt/c/projects/kit-app-template/_build/linux-x86_64/release/extscache/omni.kit.widget.context_menu-1.2.5+5941509b)
2025-08-23T21:50:59Z [319ms] [Info] [omni.ext.plugin] [ext: omni.kit.widget.browser_bar-2.0.10] registered (path: /mnt/c/projects/kit-app-template/_build/linux-x86_64/release/extscache/omni.kit.widget.browser_bar-2.0.10+5941509b)
2025-08-23T21:50:59Z [319ms] [Info] [omni.ext.plugin] [ext: omni.app.editor.base-1.0.0] registered (path: /home/kamran/.cache/packman/chk/kit-kernel/108.0.0+feature.221586.5941509b.gl.manylinux_2_35_x86_64.release+c3/apps/omni.app.editor.base.kit)
2025-08-23T21:50:59Z [320ms] [Info] [omni.ext.plugin] [ext: omni.app.viewport-1.0.0] registered (path: /home/kamran/.cache/packman/chk/kit-kernel/108.0.0+feature.221586.5941509b.gl.manylinux_2_35_x86_64.release+c3/apps/omni.app.viewport.kit)
2025-08-23T21:50:59Z [320ms] [Info] [omni.ext.plugin] [ext: omni.mdl.neuraylib-0.2.15] registered (path: /mnt/c/projects/kit-app-template/_build/linux-x86_64/release/extscache/omni.mdl.neuraylib-0.2.15+5941509b.lx64.r.cp312)
2025-08-23T21:50:59Z [321ms] [Info] [omni.ext.plugin] [ext: omni.ui-2.27.2] registered (path: /mnt/c/projects/kit-app-template/_build/linux-x86_64/release/extscache/omni.ui-2.27.2+5941509b.lx64.r.cp312)
2025-08-23T21:50:59Z [321ms] [Info] [omni.ext.plugin] [ext: omni.usd.schema.geospatial-0.0.0] registered (path: /mnt/c/projects/kit-app-template/_build/linux-x86_64/release/extscache/omni.usd.schema.geospatial-0.0.0+5941509b.lx64.r.cp312)
2025-08-23T21:50:59Z [321ms] [Info] [omni.ext.plugin] [ext: omni.graph.action-1.140.0] registered (path: /mnt/c/projects/kit-app-template/_build/linux-x86_64/release/extscache/omni.graph.action-1.140.0+108.0.0)
2025-08-23T21:50:59Z [325ms] [Info] [omni.ext.plugin] [ext: omni.kit.window.popup_dialog-2.0.24] registered (path: /mnt/c/projects/kit-app-template/_build/linux-x86_64/release/extscache/omni.kit.window.popup_dialog-2.0.24+5941509b)
2025-08-23T21:50:59Z [322ms] [Info] [omni.ext.plugin] [ext: omni.hydra.usdrt_delegate-7.5.1] registered (path: /mnt/c/projects/kit-app-template/_build/linux-x86_64/release/extscache/omni.hydra.usdrt_delegate-7.5.1+5941509b.lx64.r.cp312)
2025-08-23T21:50:59Z [322ms] [Info] [omni.ext.plugin] [ext: omni.kit.actions.core-1.0.0] registered (path: /mnt/c/projects/kit-app-template/_build/linux-x86_64/release/extscache/omni.kit.actions.core-1.0.0+5941509b.lx64.r.cp312)
2025-08-23T21:50:59Z [323ms] [Info] [omni.ext.plugin] [ext: omni.kit.developer.bundle-0.2.0] registered (path: /mnt/c/projects/kit-app-template/_build/linux-x86_64/release/extscache/omni.kit.developer.bundle-0.2.0)
2025-08-23T21:50:59Z [323ms] [Info] [omni.ext.plugin] [ext: omni.kit.manipulator.prim.usd-107.0.3] registered (path: /mnt/c/projects/kit-app-template/_build/linux-x86_64/release/extscache/omni.kit.manipulator.prim.usd-107.0.3+5941509b)
2025-08-23T21:50:59Z [323ms] [Info] [omni.ext.plugin] [ext: omni.kit.manipulator.selection-106.0.1] registered (path: /mnt/c/projects/kit-app-template/_build/linux-x86_64/release/extscache/omni.kit.manipulator.selection-106.0.1+5941509b)
2025-08-23T21:50:59Z [323ms] [Info] [omni.ext.plugin] [ext: omni.kit.menu.create-2.0.1] registered (path: /mnt/c/projects/kit-app-template/_build/linux-x86_64/release/extscache/omni.kit.menu.create-2.0.1+5941509b)
2025-08-23T21:50:59Z [324ms] [Info] [omni.ext.plugin] [ext: omni.kit.property.render-1.2.1] registered (path: /mnt/c/projects/kit-app-template/_build/linux-x86_64/release/extscache/omni.kit.property.render-1.2.1+5941509b)
2025-08-23T21:50:59Z [324ms] [Info] [omni.ext.plugin] [ext: omni.kit.tool.asset_importer-5.0.4] registered (path: /mnt/c/projects/kit-app-template/_build/linux-x86_64/release/extscache/omni.kit.tool.asset_importer-5.0.4+108.0.0)
2025-08-23T21:50:59Z [324ms] [Info] [omni.ext.plugin] [ext: omni.kit.widget.stage_icons-1.0.8] registered (path: /mnt/c/projects/kit-app-template/_build/linux-x86_64/release/extscache/omni.kit.widget.stage_icons-1.0.8+5941509b)
2025-08-23T21:50:59Z [324ms] [Info] [omni.ext.plugin] [ext: omni.kit.viewport.menubar.lighting-107.3.1] registered (path: /mnt/c/projects/kit-app-template/_build/linux-x86_64/release/extscache/omni.kit.viewport.menubar.lighting-107.3.1+107.3.0)
2025-08-23T21:50:59Z [324ms] [Info] [omni.ext.plugin] [ext: omni.kit.window.commands-0.2.9] registered (path: /mnt/c/projects/kit-app-template/_build/linux-x86_64/release/extscache/omni.kit.window.commands-0.2.9+5941509b)
2025-08-23T21:50:59Z [324ms] [Info] [omni.ext.plugin] [ext: omni.kit.widget.viewport-108.0.1] registered (path: /mnt/c/projects/kit-app-template/_build/linux-x86_64/release/extscache/omni.kit.widget.viewport-108.0.1+5941509b)
2025-08-23T21:50:59Z [322ms] [Info] [omni.ext.plugin] [ext: omni.graph.exec-0.9.6] registered (path: /mnt/c/projects/kit-app-template/_build/linux-x86_64/release/extscache/omni.graph.exec-0.9.6+5941509b.lx64.r)
2025-08-23T21:50:59Z [326ms] [Info] [omni.ext.plugin] [ext: omni.usd.libs-1.0.1] registered (path: /mnt/c/projects/kit-app-template/_build/linux-x86_64/release/extscache/omni.usd.libs-1.0.1+5941509b.lx64.r.cp312)
2025-08-23T21:50:59Z [326ms] [Info] [carb] Initializing plugin: carb.scripting-python.plugin (interfaces: [carb::scripting::IScripting v1.0]) (impl: carb.scripting-python.plugin)
2025-08-23T21:50:59Z [327ms] [Info] [carb.scripting-python.plugin] Attempting to initialize Python interpreter. Failure of doing it will lead to the termination of the application.
2025-08-23T21:50:59Z [331ms] [Info] [carb.scripting-python.plugin] Python interpreter was successfully initialized.
2025-08-23T21:50:59Z [332ms] [Info] [carb] Initializing plugin: carb.variant.plugin (interfaces: [carb::variant::IVariant v0.1]) (impl: carb.variant.plugin)
2025-08-23T21:50:59Z [400ms] [Info] [omni.kit.app._impl] python GC: gc.disable()
2025-08-23T21:51:00Z [411ms] [Info] [omni.ext.plugin] [ext manager] preferLocalVersions: 1
2025-08-23T21:51:00Z [412ms] [Info] [omni.ext.plugin] Processing exts enabling request: 'my_company.my_editor-0.1.0'
2025-08-23T21:51:00Z [412ms] [Info] [omni.kit.app.plugin] [0.503s] Failed to solve some dependencies locally, syncing with extension registry...
2025-08-23T21:51:00Z [412ms] [Info] [omni.ext.plugin] Failed to resolve extension dependencies. Failure hints:
	[my_company.my_editor-0.1.0 -> omni.hydra.rtx-1.0.0] dependency: 'omni.hydra.rtx.shadercache.vulkan' = { version='^' } can't be satisfied. Available versions:
	 (none found)
 Synced registries:
	 (none)

2025-08-23T21:51:00Z [412ms] [Info] [omni.ext.plugin] Enabling registry extension...
2025-08-23T21:51:00Z [412ms] [Info] [omni.ext.plugin] Extension system targets:
2025-08-23T21:51:00Z [413ms] [Info] [omni.ext.plugin]   kitHash: 5941509b
2025-08-23T21:51:00Z [413ms] [Info] [omni.ext.plugin]   config: release
2025-08-23T21:51:00Z [413ms] [Info] [omni.ext.plugin]   python: cp312
2025-08-23T21:51:00Z [413ms] [Info] [omni.ext.plugin]   usd: u81f8+stock+25.02+cxx11
2025-08-23T21:51:00Z [413ms] [Info] [omni.ext.plugin]   platform: linux-x86_64
2025-08-23T21:51:00Z [413ms] [Info] [omni.ext.plugin]   kit: 108.0.0
2025-08-23T21:51:00Z [413ms] [Info] [omni.ext.plugin] Searching for extensions in: '/mnt/c/projects/kit-app-template/source/apps/my_company.my_editor.kit' (path type: 1, dev: 0)
2025-08-23T21:51:00Z [414ms] [Info] [omni.ext.plugin] Searching for extensions in: '/mnt/c/projects/kit-app-template/_build/linux-x86_64/release/extscache' (path type: 4, dev: 0)
2025-08-23T21:51:00Z [611ms] [Info] [omni.ext.plugin] Searching for extensions in: '/mnt/c/projects/kit-app-template/source/apps' (path type: 0, dev: 0)
2025-08-23T21:51:00Z [614ms] [Info] [omni.ext.plugin] Searching for extensions in: '/home/kamran/.cache/packman/chk/kit-kernel/108.0.0+feature.221586.5941509b.gl.manylinux_2_35_x86_64.release+c3/extscore' (path type: 0, dev: 0)
2025-08-23T21:51:00Z [614ms] [Info] [omni.ext.plugin] Searching for extensions in: '/home/kamran/.cache/packman/chk/kit-kernel/108.0.0+feature.221586.5941509b.gl.manylinux_2_35_x86_64.release+c3/apps' (path type: 0, dev: 0)
2025-08-23T21:51:00Z [614ms] [Info] [omni.ext.plugin] Processing exts enabling request: 'omni.kit.registry.nucleus'
2025-08-23T21:51:00Z [614ms] [Info] [omni.ext.plugin] Extensions dependency solver solution:
[ext: omni.kit.registry.nucleus-0.0.0] deps:
 -> 'omni.client.lib' = { version='^' } selected: [omni.client.lib-1.1.0] Available versions:
	 - [omni.client.lib-1.1.0+lx64.r.cp312] (/home/kamran/.cache/packman/chk/kit-kernel/108.0.0+feature.221586.5941509b.gl.manylinux_2_35_x86_64.release+c3/extscore/omni.client.lib)
[ext: omni.client.lib-1.1.0] deps:
 -> 'omni.kit.async_engine' = { version='^' } selected: [omni.kit.async_engine-0.0.3] Available versions:
	 - [omni.kit.async_engine-0.0.3] (/home/kamran/.cache/packman/chk/kit-kernel/108.0.0+feature.221586.5941509b.gl.manylinux_2_35_x86_64.release+c3/extscore/omni.kit.async_engine)
[ext: omni.kit.async_engine-0.0.3] no deps
 Synced registries:
	 (none)

2025-08-23T21:51:00Z [615ms] [Info] [omni.ext.plugin] [ext: omni.kit.registry.nucleus-0.0.0] applying settings
2025-08-23T21:51:00Z [615ms] [Info] [omni.ext.plugin] [ext: omni.kit.async_engine-0.0.3] applying settings
2025-08-23T21:51:00Z [615ms] [Info] [carb] Plugin carb.scripting-python.plugin is already a dependency of omni.kit.app.plugin; not changing unload order
2025-08-23T21:51:00Z [615ms] [Info] [omni.ext.plugin] About to startup: [ext: omni.kit.async_engine-0.0.3] (order: 0) Triggered by: omni.client.lib-1.1.0 (path: /home/kamran/.cache/packman/chk/kit-kernel/108.0.0+feature.221586.5941509b.gl.manylinux_2_35_x86_64.release+c3/extscore/omni.kit.async_engine)
2025-08-23T21:51:00Z [616ms] [Info] [omni.kit.app.plugin] [0.707s] [ext: omni.kit.async_engine-0.0.3] startup
2025-08-23T21:51:00Z [617ms] [Info] [omni.ext._impl.utils] -> func:_refresh_cache took: 0.0008s
2025-08-23T21:51:00Z [618ms] [Info] [omni.ext._impl._internal] Searching for classes derived from 'omni.ext.IExt' in 'omni.kit.async_engine' ('/home/kamran/.cache/packman/chk/kit-kernel/108.0.0+feature.221586.5941509b.gl.manylinux_2_35_x86_64.release+c3/extscore/omni.kit.async_engine')
2025-08-23T21:51:00Z [618ms] [Info] [omni.ext._impl._internal] Found class `_AsyncEngineDriver` derived from `omni.ext.IExt` in module: 'omni.kit.async_engine' in '/home/kamran/.cache/packman/chk/kit-kernel/108.0.0+feature.221586.5941509b.gl.manylinux_2_35_x86_64.release+c3/extscore/omni.kit.async_engine'. Calling `on_startup`.
2025-08-23T21:51:00Z [618ms] [Info] [omni.kit.async_engine.async_engine] policy: <asyncio.unix_events._UnixDefaultEventLoopPolicy object at 0x7a5eac1844d0> from /exts/omni.kit.async_engine/event_loop_policy_unix = "os_default"
2025-08-23T21:51:00Z [619ms] [Info] [omni.kit.async_engine.async_engine] loop:   <_UnixSelectorEventLoop running=False closed=False debug=False> from /exts/omni.kit.async_engine/event_loop_unix = "os_default"
2025-08-23T21:51:00Z [619ms] [Info] [omni.ext.plugin] [ext: omni.kit.async_engine-0.0.3] started, startup time: 2 (ms)
2025-08-23T21:51:00Z [619ms] [Info] [omni.ext.plugin] About to startup: [ext: omni.client.lib-1.1.0] (order: 0) Triggered by: omni.kit.registry.nucleus-0.0.0 (path: /home/kamran/.cache/packman/chk/kit-kernel/108.0.0+feature.221586.5941509b.gl.manylinux_2_35_x86_64.release+c3/extscore/omni.client.lib)
2025-08-23T21:51:00Z [619ms] [Info] [omni.kit.app.plugin] [0.711s] [ext: omni.client.lib-1.1.0] startup
2025-08-23T21:51:00Z [624ms] [Info] [omni.ext.plugin] Loaded the dynamic library from /home/kamran/.cache/packman/chk/kit-kernel/108.0.0+feature.221586.5941509b.gl.manylinux_2_35_x86_64.release+c3/extscore/omni.client.lib/bin/libomniclient.so
2025-08-23T21:51:00Z [627ms] [Info] [omni.ext._impl._internal] Searching for classes derived from 'omni.ext.IExt' in 'omni.client' ('/home/kamran/.cache/packman/chk/kit-kernel/108.0.0+feature.221586.5941509b.gl.manylinux_2_35_x86_64.release+c3/extscore/omni.client.lib')
2025-08-23T21:51:00Z [627ms] [Info] [omni.ext.plugin] [ext: omni.client.lib-1.1.0] started, startup time: 8 (ms)
2025-08-23T21:51:00Z [628ms] [Info] [omni.ext.plugin] About to startup: [ext: omni.kit.registry.nucleus-0.0.0] (order: -1000) Triggered by API/CLI/Config. (path: /home/kamran/.cache/packman/chk/kit-kernel/108.0.0+feature.221586.5941509b.gl.manylinux_2_35_x86_64.release+c3/extscore/omni.kit.registry.nucleus)
2025-08-23T21:51:00Z [628ms] [Info] [omni.kit.app.plugin] [0.719s] [ext: omni.kit.registry.nucleus-0.0.0] startup
2025-08-23T21:51:00Z [646ms] [Info] [omni.ext._impl._internal] Searching for classes derived from 'omni.ext.IExt' in 'omni.kit.registry.nucleus' ('/home/kamran/.cache/packman/chk/kit-kernel/108.0.0+feature.221586.5941509b.gl.manylinux_2_35_x86_64.release+c3/extscore/omni.kit.registry.nucleus')
2025-08-23T21:51:00Z [646ms] [Info] [omni.ext._impl._internal] Found class `RegistryProviderExt` derived from `omni.ext.IExt` in module: 'omni.kit.registry.nucleus' in '/home/kamran/.cache/packman/chk/kit-kernel/108.0.0+feature.221586.5941509b.gl.manylinux_2_35_x86_64.release+c3/extscore/omni.kit.registry.nucleus'. Calling `on_startup`.
2025-08-23T21:51:00Z [646ms] [Info] [omni.kit.registry.nucleus.utils.s3_mock] S3 mock not enabled in settings
2025-08-23T21:51:00Z [646ms] [Info] [omni.kit.registry.nucleus.utils.common] global cache path: /home/kamran/.local/share/ov/data/exts/v2
2025-08-23T21:51:00Z [647ms] [Info] [omni.kit.registry.nucleus.registry_manager] 'trusted' is not set for registry 'kit/default' in '/exts/omni.kit.registry.nucleus/registries'
2025-08-23T21:51:00Z [647ms] [Info] [omni.kit.registry.nucleus.utils.common] [kit/default] [v2] creating RegistryIndexV2(), index url: https://ovextensionsprod.blob.core.windows.net/exts/kit/prod/108/shared/v2, index local cache: /home/kamran/.local/share/ov/data/exts/v2/index/a319d21e
2025-08-23T21:51:00Z [647ms] [Info] [omni.kit.registry.nucleus.utils.common] [kit/default] [v1] creating RegistryIndexV1(), index url: https://ovextensionsprod.blob.core.windows.net/exts/kit/prod/108/shared/3
2025-08-23T21:51:00Z [647ms] [Info] [omni.kit.registry.nucleus.registry_manager] 'trusted' is not set for registry 'kit/sdk' in '/exts/omni.kit.registry.nucleus/registries'
2025-08-23T21:51:00Z [647ms] [Info] [omni.kit.registry.nucleus.utils.common] [kit/sdk] [v2] creating RegistryIndexV2(), index url: https://ovextensionsprod.blob.core.windows.net/exts/kit/prod/sdk/108.0/5941509b/v2, index local cache: /home/kamran/.local/share/ov/data/exts/v2/index/b943a269
2025-08-23T21:51:00Z [648ms] [Info] [omni.kit.registry.nucleus.utils.common] [kit/sdk] [v1] creating RegistryIndexV1(), index url: https://ovextensionsprod.blob.core.windows.net/exts/kit/prod/sdk/108.0/5941509b/3
2025-08-23T21:51:00Z [648ms] [Info] [omni.kit.registry.nucleus.registry_manager] 'trusted' is not set for registry 'kit/community' in '/exts/omni.kit.registry.nucleus/registries'
2025-08-23T21:51:00Z [648ms] [Info] [omni.kit.registry.nucleus.utils.common] [kit/community] [v2] creating RegistryIndexV2(), index url: https://dw290v42wisod.cloudfront.net/exts/kit/community/v2, index local cache: /home/kamran/.local/share/ov/data/exts/v2/index/f6f0b2d0
2025-08-23T21:51:00Z [648ms] [Info] [omni.kit.registry.nucleus.utils.common] [kit/community] [v1] creating RegistryIndexV1(), index url: https://dw290v42wisod.cloudfront.net/exts/kit/community/3
2025-08-23T21:51:00Z [648ms] [Info] [omni.kit.registry.nucleus.registry_manager] 'trusted' is not set for registry 'kit/prod/sdk' in '/exts/omni.kit.registry.nucleus/registries'
2025-08-23T21:51:00Z [648ms] [Info] [omni.kit.registry.nucleus.utils.common] [kit/prod/sdk] [v2] creating RegistryIndexV2(), index url: https://ovextensionsprod.blob.core.windows.net/exts/kit/prod/sdk/108.0/5941509b/v2, index local cache: /home/kamran/.local/share/ov/data/exts/v2/index/b943a269
2025-08-23T21:51:00Z [648ms] [Info] [omni.kit.registry.nucleus.utils.common] [kit/prod/sdk] [v1] creating RegistryIndexV1(), index url: https://ovextensionsprod.blob.core.windows.net/exts/kit/prod/sdk/108.0/5941509b/3
2025-08-23T21:51:00Z [649ms] [Info] [omni.ext.plugin] [ext: omni.kit.registry.nucleus-0.0.0] started, startup time: 20 (ms)
2025-08-23T21:51:00Z [649ms] [Info] [omni.ext.plugin] Syncing extension registry...
2025-08-23T21:51:00Z [649ms] [Info] [omni.ext.plugin] Syncing extension registry for provider 'kit/default'.
2025-08-23T21:51:00Z [650ms] [Info] [omni.kit.registry.nucleus.utils.common] [kit/default] sync_index called.
2025-08-23T21:51:00Z [650ms] [Info] [omni.kit.registry.nucleus.utils.common] [kit/default] [v2] _ensure_synced(resync=False) called
2025-08-23T21:51:00Z [650ms] [Info] [omni.kit.registry.nucleus.utils.common] [kit/default] [v2] Syncing index...
2025-08-23T21:51:00Z [650ms] [Info] [omni.kit.registry.nucleus.index_v2.index_sync] trying to take index_sync lock on: /home/kamran/.local/share/ov/data/exts/v2/index/a319d21e/registry.lock
2025-08-23T21:51:00Z [651ms] [Info] [omni.kit.registry.nucleus.utils.http_utils] Checking HTTP reachability for https://ovextensionsprod.blob.core.windows.net/exts/kit/prod/108/shared/v2/registry.gz (timeout=3.0)
2025-08-23T21:51:00Z [952ms] [Info] [omni.kit.registry.nucleus.utils.omni_client_utils] omni.client.read_file: https://ovextensionsprod.blob.core.windows.net/exts/kit/prod/108/shared/v2/registry.gz
2025-08-23T21:51:00Z [1,238ms] [Info] [omni.kit.registry.nucleus.utils.omni_client_utils] read_file result: Result.OK
2025-08-23T21:51:00Z [1,252ms] [Info] [omni.kit.registry.nucleus.utils.common] index synced. index_is_new: False
2025-08-23T21:51:00Z [1,252ms] [Info] [omni.kit.registry.nucleus.utils.common] [kit/default] selected index version implementation: RegistryIndexV2
2025-08-23T21:51:00Z [1,255ms] [Info] [omni.ext.plugin] Syncing extension registry for provider 'kit/sdk'.
2025-08-23T21:51:00Z [1,256ms] [Info] [omni.kit.registry.nucleus.utils.common] [kit/sdk] sync_index called.
2025-08-23T21:51:00Z [1,256ms] [Info] [omni.kit.registry.nucleus.utils.common] [kit/sdk] [v2] _ensure_synced(resync=False) called
2025-08-23T21:51:00Z [1,256ms] [Info] [omni.kit.registry.nucleus.utils.common] [kit/sdk] [v2] Syncing index...
2025-08-23T21:51:00Z [1,256ms] [Info] [omni.kit.registry.nucleus.index_v2.index_sync] trying to take index_sync lock on: /home/kamran/.local/share/ov/data/exts/v2/index/b943a269/registry.lock
2025-08-23T21:51:00Z [1,257ms] [Info] [omni.kit.registry.nucleus.utils.http_utils] Checking HTTP reachability for https://ovextensionsprod.blob.core.windows.net/exts/kit/prod/sdk/108.0/5941509b/v2/registry.gz (timeout=3.0)
2025-08-23T21:51:01Z [1,532ms] [Info] [omni.kit.registry.nucleus.utils.omni_client_utils] omni.client.read_file: https://ovextensionsprod.blob.core.windows.net/exts/kit/prod/sdk/108.0/5941509b/v2/registry.gz
2025-08-23T21:51:01Z [1,598ms] [Info] [omni.kit.registry.nucleus.utils.omni_client_utils] read_file result: Result.OK
2025-08-23T21:51:01Z [1,610ms] [Info] [omni.kit.registry.nucleus.utils.common] index synced. index_is_new: False
2025-08-23T21:51:01Z [1,610ms] [Info] [omni.kit.registry.nucleus.utils.common] [kit/sdk] selected index version implementation: RegistryIndexV2
2025-08-23T21:51:01Z [1,613ms] [Info] [omni.ext.plugin] Syncing extension registry for provider 'kit/community'.
2025-08-23T21:51:01Z [1,614ms] [Info] [omni.kit.registry.nucleus.utils.common] [kit/community] sync_index called.
2025-08-23T21:51:01Z [1,614ms] [Info] [omni.kit.registry.nucleus.utils.common] [kit/community] [v2] _ensure_synced(resync=False) called
2025-08-23T21:51:01Z [1,614ms] [Info] [omni.kit.registry.nucleus.utils.common] [kit/community] [v2] Syncing index...
2025-08-23T21:51:01Z [1,615ms] [Info] [omni.kit.registry.nucleus.index_v2.index_sync] trying to take index_sync lock on: /home/kamran/.local/share/ov/data/exts/v2/index/f6f0b2d0/registry.lock
2025-08-23T21:51:01Z [1,615ms] [Info] [omni.kit.registry.nucleus.utils.http_utils] Checking HTTP reachability for https://dw290v42wisod.cloudfront.net/exts/kit/community/v2/registry.gz (timeout=3.0)
2025-08-23T21:51:01Z [1,801ms] [Info] [omni.kit.registry.nucleus.utils.omni_client_utils] omni.client.read_file: https://dw290v42wisod.cloudfront.net/exts/kit/community/v2/registry.gz
2025-08-23T21:51:01Z [2,050ms] [Info] [omni.kit.registry.nucleus.utils.omni_client_utils] read_file result: Result.ERROR_NOT_FOUND
2025-08-23T21:51:01Z [2,053ms] [Info] [omni.kit.registry.nucleus.utils.common] index synced. index_is_new: True
2025-08-23T21:51:01Z [2,053ms] [Info] [omni.kit.registry.nucleus.utils.common] [kit/community] [v1] _ensure_synced(resync=False) called
2025-08-23T21:51:01Z [2,053ms] [Info] [omni.kit.registry.nucleus.utils.common] [kit/community] [v1] self._index_sync_required
2025-08-23T21:51:01Z [2,054ms] [Info] [omni.kit.registry.nucleus.utils.common] [kit/community] [v1] Downloading and reading index...
2025-08-23T21:51:01Z [2,054ms] [Info] [omni.kit.registry.nucleus.utils.omni_client_utils] omni.client.stat: https://dw290v42wisod.cloudfront.net/exts/kit/community/3/index.zip
2025-08-23T21:51:01Z [2,092ms] [Info] [omni.kit.registry.nucleus.utils.omni_client_utils] stat result: Result.OK
2025-08-23T21:51:01Z [2,092ms] [Info] [omni.kit.registry.nucleus.utils.common] -> func:omni_client_stat took: 0.0380s
2025-08-23T21:51:01Z [2,092ms] [Info] [omni.kit.registry.nucleus.utils.omni_client_utils] (syncing index (sync)) copying: https://dw290v42wisod.cloudfront.net/exts/kit/community/3/index.zip -> /tmp/tmprugjvzcg/index.zip
2025-08-23T21:51:01Z [2,144ms] [Info] [omni.kit.registry.nucleus.utils.omni_client_utils] result: Result.OK
2025-08-23T21:51:01Z [2,144ms] [Info] [omni.kit.registry.nucleus.utils.common] -> func:omni_client_copy took: 0.0519s
2025-08-23T21:51:01Z [2,144ms] [Info] [omni.kit.registry.nucleus.utils.common] index download took: 0.09037169899966102
2025-08-23T21:51:01Z [2,147ms] [Info] [omni.kit.registry.nucleus.utils.common] unzipped index: /tmp/tmprugjvzcg/index.zip
2025-08-23T21:51:01Z [2,155ms] [Info] [omni.kit.registry.nucleus.utils.common] index meta: {'read_version': 1, 'write_version': 1, 'package': {}, 'locking_enabled': False}
2025-08-23T21:51:01Z [2,155ms] [Info] [omni.kit.registry.nucleus.utils.common] dictionary load took: 0.010687945003155619
2025-08-23T21:51:01Z [2,156ms] [Info] [omni.kit.registry.nucleus.utils.common] index was loaded from file: '/tmp/tmprugjvzcg/index.zip'. index_is_new: False
2025-08-23T21:51:01Z [2,156ms] [Info] [omni.kit.registry.nucleus.utils.common] [kit/community] selected index version implementation: RegistryIndexV1
2025-08-23T21:51:01Z [2,161ms] [Info] [omni.ext.plugin] Syncing extension registry for provider 'kit/prod/sdk'.
2025-08-23T21:51:01Z [2,162ms] [Info] [omni.kit.registry.nucleus.utils.common] [kit/prod/sdk] sync_index called.
2025-08-23T21:51:01Z [2,162ms] [Info] [omni.kit.registry.nucleus.utils.common] [kit/prod/sdk] [v2] _ensure_synced(resync=False) called
2025-08-23T21:51:01Z [2,163ms] [Info] [omni.kit.registry.nucleus.utils.common] [kit/prod/sdk] [v2] Syncing index...
2025-08-23T21:51:01Z [2,163ms] [Info] [omni.kit.registry.nucleus.index_v2.index_sync] trying to take index_sync lock on: /home/kamran/.local/share/ov/data/exts/v2/index/b943a269/registry.lock
2025-08-23T21:51:01Z [2,164ms] [Info] [omni.kit.registry.nucleus.utils.http_utils] Checking HTTP reachability for https://ovextensionsprod.blob.core.windows.net/exts/kit/prod/sdk/108.0/5941509b/v2/registry.gz (timeout=3.0)
2025-08-23T21:51:02Z [2,452ms] [Info] [omni.kit.registry.nucleus.utils.omni_client_utils] omni.client.read_file: https://ovextensionsprod.blob.core.windows.net/exts/kit/prod/sdk/108.0/5941509b/v2/registry.gz
2025-08-23T21:51:02Z [2,517ms] [Info] [omni.kit.registry.nucleus.utils.omni_client_utils] read_file result: Result.OK
2025-08-23T21:51:02Z [2,525ms] [Info] [omni.kit.registry.nucleus.utils.common] index synced. index_is_new: False
2025-08-23T21:51:02Z [2,525ms] [Info] [omni.kit.registry.nucleus.utils.common] [kit/prod/sdk] selected index version implementation: RegistryIndexV2
2025-08-23T21:51:02Z [2,564ms] [Info] [omni.ext.plugin] Extensions dependency solver solution:
[ext: my_company.my_editor-0.1.0] deps:
 -> 'omni.activity.profiler' = { version='^' } selected: [omni.activity.profiler-1.0.4] Available versions:
	 - [omni.activity.profiler-1.0.4+5941509b.lx64.r.cp312] (/mnt/c/projects/kit-app-template/_build/linux-x86_64/release/extscache/omni.activity.profiler-1.0.4+5941509b.lx64.r.cp312)
 -> 'omni.activity.pump' = { version='^' } selected: [omni.activity.pump-1.0.1] Available versions:
	 - [omni.activity.pump-1.0.1+5941509b.lx64.r.cp312] (/mnt/c/projects/kit-app-template/_build/linux-x86_64/release/extscache/omni.activity.pump-1.0.1+5941509b.lx64.r.cp312)
 -> 'omni.anim.curve.core' = { version='^' } selected: [omni.anim.curve.core-1.4.2] Available versions:
	 - [omni.anim.curve.core-1.4.2+108.0.0.lx64.r.cp312.u81f] (/mnt/c/projects/kit-app-template/_build/linux-x86_64/release/extscache/omni.anim.curve.core-1.4.2+108.0.0.lx64.r.cp312.u81f)
 -> 'omni.graph.action' = { version='^' } selected: [omni.graph.action-1.140.0] Available versions:
	 - [omni.graph.action-1.140.0+108.0.0] (/mnt/c/projects/kit-app-template/_build/linux-x86_64/release/extscache/omni.graph.action-1.140.0+108.0.0)
 -> 'omni.graph.core' = { version='^' } selected: [omni.graph.core-2.184.7] Available versions:
	 - [omni.graph.core-2.184.7+5941509b.lx64.r] (/mnt/c/projects/kit-app-template/_build/linux-x86_64/release/extscache/omni.graph.core-2.184.7+5941509b.lx64.r)
 -> 'omni.graph.nodes' = { version='^' } selected: [omni.graph.nodes-1.180.0] Available versions:
	 - [omni.graph.nodes-1.180.0+108.0.0.lx64.r.cp312.u81f] (/mnt/c/projects/kit-app-template/_build/linux-x86_64/release/extscache/omni.graph.nodes-1.180.0+108.0.0.lx64.r.cp312.u81f)
 -> 'omni.graph.scriptnode' = { version='^' } selected: [omni.graph.scriptnode-1.60.0] Available versions:
	 - [omni.graph.scriptnode-1.60.0+108.0.0] (/mnt/c/projects/kit-app-template/_build/linux-x86_64/release/extscache/omni.graph.scriptnode-1.60.0+108.0.0)
 -> 'omni.graph.ui_nodes' = { version='^' } selected: [omni.graph.ui_nodes-1.60.2] Available versions:
	 - [omni.graph.ui_nodes-1.60.2+108.0.0.lx64.r.cp312.u81f] (/mnt/c/projects/kit-app-template/_build/linux-x86_64/release/extscache/omni.graph.ui_nodes-1.60.2+108.0.0.lx64.r.cp312.u81f)
 -> 'omni.hydra.engine.stats' = { version='^' } selected: [omni.hydra.engine.stats-1.0.3] Available versions:
	 - [omni.hydra.engine.stats-1.0.3+5941509b.lx64.r.cp312] (/mnt/c/projects/kit-app-template/_build/linux-x86_64/release/extscache/omni.hydra.engine.stats-1.0.3+5941509b.lx64.r.cp312)
 -> 'omni.hydra.rtx' = { version='^' } selected: [omni.hydra.rtx-1.0.0] Available versions:
	 - [omni.hydra.rtx-1.0.0+5941509b.lx64.r] (/mnt/c/projects/kit-app-template/_build/linux-x86_64/release/extscache/omni.hydra.rtx-1.0.0+5941509b.lx64.r)
 -> 'omni.kit.developer.bundle' = { version='^' } selected: [omni.kit.developer.bundle-0.2.0] Available versions:
	 - [omni.kit.developer.bundle-0.2.0] (/mnt/c/projects/kit-app-template/_build/linux-x86_64/release/extscache/omni.kit.developer.bundle-0.2.0)
 -> 'omni.kit.mainwindow' = { version='^' } selected: [omni.kit.mainwindow-1.0.3] Available versions:
	 - [omni.kit.mainwindow-1.0.3+5941509b] (/mnt/c/projects/kit-app-template/_build/linux-x86_64/release/extscache/omni.kit.mainwindow-1.0.3+5941509b)
 -> 'omni.kit.manipulator.camera' = { version='^' } selected: [omni.kit.manipulator.camera-106.0.5] Available versions:
	 - [omni.kit.manipulator.camera-106.0.5+5941509b] (/mnt/c/projects/kit-app-template/_build/linux-x86_64/release/extscache/omni.kit.manipulator.camera-106.0.5+5941509b)
 -> 'omni.kit.manipulator.prim' = { version='^' } selected: [omni.kit.manipulator.prim-107.0.1] Available versions:
	 - [omni.kit.manipulator.prim-107.0.1+5941509b] (/mnt/c/projects/kit-app-template/_build/linux-x86_64/release/extscache/omni.kit.manipulator.prim-107.0.1+5941509b)
 -> 'omni.kit.manipulator.selection' = { version='^' } selected: [omni.kit.manipulator.selection-106.0.1] Available versions:
	 - [omni.kit.manipulator.selection-106.0.1+5941509b] (/mnt/c/projects/kit-app-template/_build/linux-x86_64/release/extscache/omni.kit.manipulator.selection-106.0.1+5941509b)
 -> 'omni.kit.material.library' = { version='^' } selected: [omni.kit.material.library-2.0.9] Available versions:
	 - [omni.kit.material.library-2.0.9+5941509b] (/mnt/c/projects/kit-app-template/_build/linux-x86_64/release/extscache/omni.kit.material.library-2.0.9+5941509b)
 -> 'omni.kit.menu.common' = { version='^' } selected: [omni.kit.menu.common-2.0.1] Available versions:
	 - [omni.kit.menu.common-2.0.1+5941509b] (/mnt/c/projects/kit-app-template/_build/linux-x86_64/release/extscache/omni.kit.menu.common-2.0.1+5941509b)
 -> 'omni.kit.menu.create' = { version='^' } selected: [omni.kit.menu.create-2.0.1] Available versions:
	 - [omni.kit.menu.create-2.0.1+5941509b] (/mnt/c/projects/kit-app-template/_build/linux-x86_64/release/extscache/omni.kit.menu.create-2.0.1+5941509b)
 -> 'omni.kit.menu.edit' = { version='^' } selected: [omni.kit.menu.edit-2.0.6] Available versions:
	 - [omni.kit.menu.edit-2.0.6+5941509b] (/mnt/c/projects/kit-app-template/_build/linux-x86_64/release/extscache/omni.kit.menu.edit-2.0.6+5941509b)
 -> 'omni.kit.menu.file' = { version='^' } selected: [omni.kit.menu.file-1.1.21] Available versions:
	 - [omni.kit.menu.file-1.1.21+5941509b] (/mnt/c/projects/kit-app-template/_build/linux-x86_64/release/extscache/omni.kit.menu.file-1.1.21+5941509b)
 -> 'omni.kit.property.bundle' = { version='^' } selected: [omni.kit.property.bundle-1.4.1] Available versions:
	 - [omni.kit.property.bundle-1.4.1+5941509b] (/mnt/c/projects/kit-app-template/_build/linux-x86_64/release/extscache/omni.kit.property.bundle-1.4.1+5941509b)
 -> 'omni.kit.raycast.query' = { version='^' } selected: [omni.kit.raycast.query-1.1.0] Available versions:
	 - [omni.kit.raycast.query-1.1.0+5941509b.lx64.r.cp312] (/mnt/c/projects/kit-app-template/_build/linux-x86_64/release/extscache/omni.kit.raycast.query-1.1.0+5941509b.lx64.r.cp312)
 -> 'omni.kit.stage_template.core' = { version='^' } selected: [omni.kit.stage_template.core-1.1.22] Available versions:
	 - [omni.kit.stage_template.core-1.1.22+5941509b] (/mnt/c/projects/kit-app-template/_build/linux-x86_64/release/extscache/omni.kit.stage_template.core-1.1.22+5941509b)
 -> 'omni.kit.telemetry' = { version='^' } selected: [omni.kit.telemetry-0.5.2] Available versions:
	 - [omni.kit.telemetry-0.5.2+5941509b.lx64.r.cp312] (/mnt/c/projects/kit-app-template/_build/linux-x86_64/release/extscache/omni.kit.telemetry-0.5.2+5941509b.lx64.r.cp312)
 -> 'omni.kit.tool.asset_importer' = { version='^' } selected: [omni.kit.tool.asset_importer-5.0.4] Available versions:
	 - [omni.kit.tool.asset_importer-5.0.4+108.0.0] (/mnt/c/projects/kit-app-template/_build/linux-x86_64/release/extscache/omni.kit.tool.asset_importer-5.0.4+108.0.0)
 -> 'omni.kit.tool.collect' = { version='^' } selected: [omni.kit.tool.collect-2.2.18] Available versions:
	 - [omni.kit.tool.collect-2.2.18+5941509b] (/mnt/c/projects/kit-app-template/_build/linux-x86_64/release/extscache/omni.kit.tool.collect-2.2.18+5941509b)
 -> 'omni.kit.viewport.legacy_gizmos' = { version='^' } selected: [omni.kit.viewport.legacy_gizmos-1.0.21] Available versions:
	 - [omni.kit.viewport.legacy_gizmos-1.0.21+5941509b.lx64.r.cp312] (/mnt/c/projects/kit-app-template/_build/linux-x86_64/release/extscache/omni.kit.viewport.legacy_gizmos-1.0.21+5941509b.lx64.r.cp312)
 -> 'omni.kit.viewport.menubar.camera' = { version='^' } selected: [omni.kit.viewport.menubar.camera-107.0.7] Available versions:
	 - [omni.kit.viewport.menubar.camera-107.0.7+5941509b] (/mnt/c/projects/kit-app-template/_build/linux-x86_64/release/extscache/omni.kit.viewport.menubar.camera-107.0.7+5941509b)
 -> 'omni.kit.viewport.menubar.display' = { version='^' } selected: [omni.kit.viewport.menubar.display-107.1.1] Available versions:
	 - [omni.kit.viewport.menubar.display-107.1.1+5941509b] (/mnt/c/projects/kit-app-template/_build/linux-x86_64/release/extscache/omni.kit.viewport.menubar.display-107.1.1+5941509b)
 -> 'omni.kit.viewport.menubar.lighting' = { version='^' } selected: [omni.kit.viewport.menubar.lighting-107.3.1] Available versions:
	 - [omni.kit.viewport.menubar.lighting-107.3.1+107.3.0] (/mnt/c/projects/kit-app-template/_build/linux-x86_64/release/extscache/omni.kit.viewport.menubar.lighting-107.3.1+107.3.0)
 -> 'omni.kit.viewport.menubar.render' = { version='^' } selected: [omni.kit.viewport.menubar.render-107.0.10] Available versions:
	 - [omni.kit.viewport.menubar.render-107.0.10+5941509b] (/mnt/c/projects/kit-app-template/_build/linux-x86_64/release/extscache/omni.kit.viewport.menubar.render-107.0.10+5941509b)
 -> 'omni.kit.viewport.menubar.settings' = { version='^' } selected: [omni.kit.viewport.menubar.settings-107.0.4] Available versions:
	 - [omni.kit.viewport.menubar.settings-107.0.4+5941509b] (/mnt/c/projects/kit-app-template/_build/linux-x86_64/release/extscache/omni.kit.viewport.menubar.settings-107.0.4+5941509b)
 -> 'omni.kit.viewport.ready' = { version='^' } selected: [omni.kit.viewport.ready-1.0.9] Available versions:
	 - [omni.kit.viewport.ready-1.0.9+5941509b] (/mnt/c/projects/kit-app-template/_build/linux-x86_64/release/extscache/omni.kit.viewport.ready-1.0.9+5941509b)
 -> 'omni.kit.viewport.scene_camera_model' = { version='^' } selected: [omni.kit.viewport.scene_camera_model-1.0.6] Available versions:
	 - [omni.kit.viewport.scene_camera_model-1.0.6+5941509b.lx64.r.cp312] (/mnt/c/projects/kit-app-template/_build/linux-x86_64/release/extscache/omni.kit.viewport.scene_camera_model-1.0.6+5941509b.lx64.r.cp312)
 -> 'omni.kit.viewport.window' = { version='^' } selected: [omni.kit.viewport.window-107.0.14] Available versions:
	 - [omni.kit.viewport.window-107.0.14+5941509b] (/mnt/c/projects/kit-app-template/_build/linux-x86_64/release/extscache/omni.kit.viewport.window-107.0.14+5941509b)
 -> 'omni.kit.window.console' = { version='^' } selected: [omni.kit.window.console-1.1.4] Available versions:
	 - [omni.kit.window.console-1.1.4+5941509b.lx64.r.cp312] (/mnt/c/projects/kit-app-template/_build/linux-x86_64/release/extscache/omni.kit.window.console-1.1.4+5941509b.lx64.r.cp312)
 -> 'omni.kit.window.content_browser' = { version='^' } selected: [omni.kit.window.content_browser-3.1.4] Available versions:
	 - [omni.kit.window.content_browser-3.1.4+5941509b] (/mnt/c/projects/kit-app-template/_build/linux-x86_64/release/extscache/omni.kit.window.content_browser-3.1.4+5941509b)
 -> 'omni.kit.window.property' = { version='^' } selected: [omni.kit.window.property-1.14.1] Available versions:
	 - [omni.kit.window.property-1.14.1+5941509b] (/mnt/c/projects/kit-app-template/_build/linux-x86_64/release/extscache/omni.kit.window.property-1.14.1+5941509b)
 -> 'omni.kit.window.stage' = { version='^' } selected: [omni.kit.window.stage-2.6.1] Available versions:
	 - [omni.kit.window.stage-2.6.1+5941509b] (/mnt/c/projects/kit-app-template/_build/linux-x86_64/release/extscache/omni.kit.window.stage-2.6.1+5941509b)
 -> 'omni.kit.window.status_bar' = { version='^' } selected: [omni.kit.window.status_bar-0.1.9] Available versions:
	 - [omni.kit.window.status_bar-0.1.9+5941509b.lx64.r.cp312] (/mnt/c/projects/kit-app-template/_build/linux-x86_64/release/extscache/omni.kit.window.status_bar-0.1.9+5941509b.lx64.r.cp312)
 -> 'omni.kit.window.toolbar' = { version='^' } selected: [omni.kit.window.toolbar-2.0.0] Available versions:
	 - [omni.kit.window.toolbar-2.0.0+5941509b] (/mnt/c/projects/kit-app-template/_build/linux-x86_64/release/extscache/omni.kit.window.toolbar-2.0.0+5941509b)
 -> 'omni.physics.physx' = { version='^' } selected: [omni.physics.physx-108.0.4] Available versions:
	 - [omni.physics.physx-108.0.4+108.0.0.lx64.r.cp312.u81f] (/mnt/c/projects/kit-app-template/_build/linux-x86_64/release/extscache/omni.physics.physx-108.0.4+108.0.0.lx64.r.cp312.u81f)
 -> 'omni.physics.stageupdate' = { version='^' } selected: [omni.physics.stageupdate-108.0.4] Available versions:
	 - [omni.physics.stageupdate-108.0.4+108.0.0.lx64.r.cp312.u81f] (/mnt/c/projects/kit-app-template/_build/linux-x86_64/release/extscache/omni.physics.stageupdate-108.0.4+108.0.0.lx64.r.cp312.u81f)
 -> 'omni.rtx.settings.core' = { version='^' } selected: [omni.rtx.settings.core-0.6.5] Available versions:
	 - [omni.rtx.settings.core-0.6.5+5941509b] (/mnt/c/projects/kit-app-template/_build/linux-x86_64/release/extscache/omni.rtx.settings.core-0.6.5+5941509b)
 -> 'omni.uiaudio' = { version='^' } selected: [omni.uiaudio-1.0.0] Available versions:
	 - [omni.uiaudio-1.0.0+5941509b.lx64.r.cp312] (/mnt/c/projects/kit-app-template/_build/linux-x86_64/release/extscache/omni.uiaudio-1.0.0+5941509b.lx64.r.cp312)
 -> 'omni.usd.metrics.assembler.ui' = { version='^' } selected: [omni.usd.metrics.assembler.ui-108.0.0] Available versions:
	 - [omni.usd.metrics.assembler.ui-108.0.0+108.0.0.cp312.u81f] (/mnt/c/projects/kit-app-template/_build/linux-x86_64/release/extscache/omni.usd.metrics.assembler.ui-108.0.0+108.0.0.cp312.u81f)
 -> 'omni.usd.schema.metrics.assembler' = { version='^' } selected: [omni.usd.schema.metrics.assembler-108.0.0] Available versions:
	 - [omni.usd.schema.metrics.assembler-108.0.0+108.0.0.lx64.r.cp312.u81f] (/mnt/c/projects/kit-app-template/_build/linux-x86_64/release/extscache/omni.usd.schema.metrics.assembler-108.0.0+108.0.0.lx64.r.cp312.u81f)
 -> 'omni.warp.core' = { version='^' } selected: [omni.warp.core-1.8.1] Available versions:
	 - [omni.warp.core-1.8.1+lx64] (/mnt/c/projects/kit-app-template/_build/linux-x86_64/release/extscache/omni.warp.core-1.8.1+lx64)
[ext: omni.kit.menu.common-2.0.1] deps:
 -> 'omni.kit.menu.utils' = { version='^' } selected: [omni.kit.menu.utils-2.1.0] Available versions:
	 - [omni.kit.menu.utils-2.1.0+5941509b] (/mnt/c/projects/kit-app-template/_build/linux-x86_64/release/extscache/omni.kit.menu.utils-2.1.0+5941509b)
 -> 'omni.kit.ui.actions' = { version='^' } selected: [omni.kit.ui.actions-1.0.5] Available versions:
	 - [omni.kit.ui.actions-1.0.5+5941509b] (/mnt/c/projects/kit-app-template/_build/linux-x86_64/release/extscache/omni.kit.ui.actions-1.0.5+5941509b)
[ext: omni.graph.nodes-1.180.0] deps:
 -> 'omni.graph' = { version='^1.139.0' optional=true  } selected: [omni.graph-1.141.2] Available versions:
	 - [omni.graph-1.141.2+5941509b.lx64.r.cp312] (/mnt/c/projects/kit-app-template/_build/linux-x86_64/release/extscache/omni.graph-1.141.2+5941509b.lx64.r.cp312)
 -> 'omni.graph.core' = { version='^2.177.1' } selected: [omni.graph.core-2.184.7] Available versions:
	 - [omni.graph.core-2.184.7+5941509b.lx64.r] (/mnt/c/projects/kit-app-template/_build/linux-x86_64/release/extscache/omni.graph.core-2.184.7+5941509b.lx64.r)
 -> 'omni.graph.tools' = { version='^1.77.0' optional=true  } selected: [omni.graph.tools-1.79.3] Available versions:
	 - [omni.graph.tools-1.79.3+5941509b] (/mnt/c/projects/kit-app-template/_build/linux-x86_64/release/extscache/omni.graph.tools-1.79.3+5941509b)
 -> 'carb.audio' = { version='^' } selected: [carb.audio-0.1.0] Available versions:
	 - [carb.audio-0.1.0+5941509b.lx64.r.cp312.cp311] (/mnt/c/projects/kit-app-template/_build/linux-x86_64/release/extscache/carb.audio-0.1.0+5941509b.lx64.r.cp312)
 -> 'omni.graph.image.nodes' = { version='^' } selected: [omni.graph.image.nodes-1.3.1] Available versions:
	 - [omni.graph.image.nodes-1.3.1+5941509b.lx64.r] (/mnt/c/projects/kit-app-template/_build/linux-x86_64/release/extscache/omni.graph.image.nodes-1.3.1+5941509b.lx64.r)
 -> 'omni.graph.nodes_core' = { version='^' } selected: [omni.graph.nodes_core-1.10.0] Available versions:
	 - [omni.graph.nodes_core-1.10.0+108.0.0.lx64.r.cp312.u81f] (/mnt/c/projects/kit-app-template/_build/linux-x86_64/release/extscache/omni.graph.nodes_core-1.10.0+108.0.0.lx64.r.cp312.u81f)
 -> 'omni.hydra.scene_delegate' = { version='^' } selected: [omni.hydra.scene_delegate-0.3.4] Available versions:
	 - [omni.hydra.scene_delegate-0.3.4+5941509b.lx64.r] (/mnt/c/projects/kit-app-template/_build/linux-x86_64/release/extscache/omni.hydra.scene_delegate-0.3.4+5941509b.lx64.r)
 -> 'omni.kit.commands' = { version='^' } selected: [omni.kit.commands-1.4.10] Available versions:
	 - [omni.kit.commands-1.4.10+5941509b.lx64.r.cp312] (/mnt/c/projects/kit-app-template/_build/linux-x86_64/release/extscache/omni.kit.commands-1.4.10+5941509b.lx64.r.cp312)
 -> 'omni.usd' = { version='^' } selected: [omni.usd-1.13.13] Available versions:
	 - [omni.usd-1.13.13+5941509b.lx64.r.cp312] (/mnt/c/projects/kit-app-template/_build/linux-x86_64/release/extscache/omni.usd-1.13.13+5941509b.lx64.r.cp312)
 -> 'usdrt.scenegraph' = { version='^' } selected: [usdrt.scenegraph-7.6.1] Available versions:
	 - [usdrt.scenegraph-7.6.1+5941509b.lx64.r.cp312] (/mnt/c/projects/kit-app-template/_build/linux-x86_64/release/extscache/usdrt.scenegraph-7.6.1+5941509b.lx64.r.cp312)
[ext: omni.kit.manipulator.camera-106.0.5] deps:
 -> 'omni.kit.commands' = { version='^' } selected: [omni.kit.commands-1.4.10] Available versions:
	 - [omni.kit.commands-1.4.10+5941509b.lx64.r.cp312] (/mnt/c/projects/kit-app-template/_build/linux-x86_64/release/extscache/omni.kit.commands-1.4.10+5941509b.lx64.r.cp312)
 -> 'omni.ui' = { version='^' } selected: [omni.ui-2.27.2] Available versions:
	 - [omni.ui-2.27.2+5941509b.lx64.r.cp312] (/mnt/c/projects/kit-app-template/_build/linux-x86_64/release/extscache/omni.ui-2.27.2+5941509b.lx64.r.cp312)
 -> 'omni.ui.scene' = { version='^' } selected: [omni.ui.scene-1.11.4] Available versions:
	 - [omni.ui.scene-1.11.4+5941509b.lx64.r.cp312] (/mnt/c/projects/kit-app-template/_build/linux-x86_64/release/extscache/omni.ui.scene-1.11.4+5941509b.lx64.r.cp312)
 -> 'omni.usd' = { version='^' } selected: [omni.usd-1.13.13] Available versions:
	 - [omni.usd-1.13.13+5941509b.lx64.r.cp312] (/mnt/c/projects/kit-app-template/_build/linux-x86_64/release/extscache/omni.usd-1.13.13+5941509b.lx64.r.cp312)
[ext: omni.uiaudio-1.0.0] deps:
 -> 'carb.audio' = { version='^' } selected: [carb.audio-0.1.0] Available versions:
	 - [carb.audio-0.1.0+5941509b.lx64.r.cp312.cp311] (/mnt/c/projects/kit-app-template/_build/linux-x86_64/release/extscache/carb.audio-0.1.0+5941509b.lx64.r.cp312)
[ext: omni.usd.metrics.assembler.ui-108.0.0] deps:
 -> 'omni.kit.notification_manager' = { version='^' optional=true  } selected: [omni.kit.notification_manager-1.0.10] Available versions:
	 - [omni.kit.notification_manager-1.0.10+5941509b] (/mnt/c/projects/kit-app-template/_build/linux-x86_64/release/extscache/omni.kit.notification_manager-1.0.10+5941509b)
 -> 'omni.kit.usd.layers' = { version='^' } selected: [omni.kit.usd.layers-2.3.2] Available versions:
	 - [omni.kit.usd.layers-2.3.2+5941509b.lx64.r.cp312] (/mnt/c/projects/kit-app-template/_build/linux-x86_64/release/extscache/omni.kit.usd.layers-2.3.2+5941509b.lx64.r.cp312)
 -> 'omni.kit.viewport.menubar.core' = { version='^' optional=true  } selected: [omni.kit.viewport.menubar.core-107.2.1] Available versions:
	 - [omni.kit.viewport.menubar.core-107.2.1+5941509b] (/mnt/c/projects/kit-app-template/_build/linux-x86_64/release/extscache/omni.kit.viewport.menubar.core-107.2.1+5941509b)
 -> 'omni.kit.viewport.menubar.display' = { version='^' optional=true  } selected: [omni.kit.viewport.menubar.display-107.1.1] Available versions:
	 - [omni.kit.viewport.menubar.display-107.1.1+5941509b] (/mnt/c/projects/kit-app-template/_build/linux-x86_64/release/extscache/omni.kit.viewport.menubar.display-107.1.1+5941509b)
 -> 'omni.kit.viewport.registry' = { version='^' optional=true  } selected: [omni.kit.viewport.registry-104.0.6] Available versions:
	 - [omni.kit.viewport.registry-104.0.6+5941509b] (/mnt/c/projects/kit-app-template/_build/linux-x86_64/release/extscache/omni.kit.viewport.registry-104.0.6+5941509b)
 -> 'omni.kit.viewport.utility' = { version='^' optional=true  } selected: [omni.kit.viewport.utility-1.2.2] Available versions:
	 - [omni.kit.viewport.utility-1.2.2+5941509b] (/mnt/c/projects/kit-app-template/_build/linux-x86_64/release/extscache/omni.kit.viewport.utility-1.2.2+5941509b)
 -> 'omni.kit.viewport.window' = { version='^' optional=true  } selected: [omni.kit.viewport.window-107.0.14] Available versions:
	 - [omni.kit.viewport.window-107.0.14+5941509b] (/mnt/c/projects/kit-app-template/_build/linux-x86_64/release/extscache/omni.kit.viewport.window-107.0.14+5941509b)
 -> 'omni.kit.window.preferences' = { version='^' optional=true  } selected: [omni.kit.window.preferences-1.8.0] Available versions:
	 - [omni.kit.window.preferences-1.8.0+5941509b] (/mnt/c/projects/kit-app-template/_build/linux-x86_64/release/extscache/omni.kit.window.preferences-1.8.0+5941509b)
 -> 'omni.ui' = { version='^' optional=true  } selected: [omni.ui-2.27.2] Available versions:
	 - [omni.ui-2.27.2+5941509b.lx64.r.cp312] (/mnt/c/projects/kit-app-template/_build/linux-x86_64/release/extscache/omni.ui-2.27.2+5941509b.lx64.r.cp312)
 -> 'omni.usd' = { version='^' } selected: [omni.usd-1.13.13] Available versions:
	 - [omni.usd-1.13.13+5941509b.lx64.r.cp312] (/mnt/c/projects/kit-app-template/_build/linux-x86_64/release/extscache/omni.usd-1.13.13+5941509b.lx64.r.cp312)
 -> 'omni.usd.metrics.assembler' = { version='^' } selected: [omni.usd.metrics.assembler-108.0.0] Available versions:
	 - [omni.usd.metrics.assembler-108.0.0+108.0.0.lx64.r.cp312.u81f] (/mnt/c/projects/kit-app-template/_build/linux-x86_64/release/extscache/omni.usd.metrics.assembler-108.0.0+108.0.0.lx64.r.cp312.u81f)
[ext: omni.warp.core-1.8.1] deps:
 -> 'omni.kit.pip_archive' = { version='^' } selected: [omni.kit.pip_archive-0.0.0] Available versions:
	 - [omni.kit.pip_archive-0.0.0+5941509b.lx64.cp312] (registry)
[ext: omni.kit.ui.actions-1.0.5] deps:
 -> 'omni.appwindow' = { version='^' } selected: [omni.appwindow-1.2.0] Available versions:
	 - [omni.appwindow-1.2.0+5941509b.lx64.r.cp312] (/mnt/c/projects/kit-app-template/_build/linux-x86_64/release/extscache/omni.appwindow-1.2.0+5941509b.lx64.r.cp312)
 -> 'omni.kit.context_menu' = { version='^' } selected: [omni.kit.context_menu-1.8.6] Available versions:
	 - [omni.kit.context_menu-1.8.6+5941509b] (/mnt/c/projects/kit-app-template/_build/linux-x86_64/release/extscache/omni.kit.context_menu-1.8.6+5941509b)
 -> 'omni.kit.hotkeys.core' = { version='^' optional=true  } selected: [omni.kit.hotkeys.core-1.3.10] Available versions:
	 - [omni.kit.hotkeys.core-1.3.10+5941509b] (/mnt/c/projects/kit-app-template/_build/linux-x86_64/release/extscache/omni.kit.hotkeys.core-1.3.10+5941509b)
 -> 'omni.ui' = { version='^' } selected: [omni.ui-2.27.2] Available versions:
	 - [omni.ui-2.27.2+5941509b.lx64.r.cp312] (/mnt/c/projects/kit-app-template/_build/linux-x86_64/release/extscache/omni.ui-2.27.2+5941509b.lx64.r.cp312)
[ext: omni.graph.nodes_core-1.10.0] deps:
 -> 'omni.graph' = { version='^1.139.0' optional=true  } selected: [omni.graph-1.141.2] Available versions:
	 - [omni.graph-1.141.2+5941509b.lx64.r.cp312] (/mnt/c/projects/kit-app-template/_build/linux-x86_64/release/extscache/omni.graph-1.141.2+5941509b.lx64.r.cp312)
 -> 'omni.graph.core' = { version='^' } selected: [omni.graph.core-2.184.7] Available versions:
	 - [omni.graph.core-2.184.7+5941509b.lx64.r] (/mnt/c/projects/kit-app-template/_build/linux-x86_64/release/extscache/omni.graph.core-2.184.7+5941509b.lx64.r)
 -> 'omni.kit.exec.core' = { version='^' } selected: [omni.kit.exec.core-0.13.4] Available versions:
	 - [omni.kit.exec.core-0.13.4+5941509b.lx64.r.cp312] (/mnt/c/projects/kit-app-template/_build/linux-x86_64/release/extscache/omni.kit.exec.core-0.13.4+5941509b.lx64.r.cp312)
[ext: omni.graph.image.nodes-1.3.1] deps:
 -> 'omni.graph.core' = { version='^' } selected: [omni.graph.core-2.184.7] Available versions:
	 - [omni.graph.core-2.184.7+5941509b.lx64.r] (/mnt/c/projects/kit-app-template/_build/linux-x86_64/release/extscache/omni.graph.core-2.184.7+5941509b.lx64.r)
 -> 'omni.graph.image.core' = { version='^' } selected: [omni.graph.image.core-0.6.1] Available versions:
	 - [omni.graph.image.core-0.6.1+5941509b.lx64.r] (/mnt/c/projects/kit-app-template/_build/linux-x86_64/release/extscache/omni.graph.image.core-0.6.1+5941509b.lx64.r)
 -> 'omni.graph.tools' = { version='^1.77.0' } selected: [omni.graph.tools-1.79.3] Available versions:
	 - [omni.graph.tools-1.79.3+5941509b] (/mnt/c/projects/kit-app-template/_build/linux-x86_64/release/extscache/omni.graph.tools-1.79.3+5941509b)
[ext: omni.kit.viewport.menubar.display-107.1.1] deps:
 -> 'omni.kit.hotkeys.core' = { version='^' optional=true  } selected: [omni.kit.hotkeys.core-1.3.10] Available versions:
	 - [omni.kit.hotkeys.core-1.3.10+5941509b] (/mnt/c/projects/kit-app-template/_build/linux-x86_64/release/extscache/omni.kit.hotkeys.core-1.3.10+5941509b)
 -> 'omni.kit.viewport.actions' = { version='^' } selected: [omni.kit.viewport.actions-107.0.2] Available versions:
	 - [omni.kit.viewport.actions-107.0.2+5941509b] (/mnt/c/projects/kit-app-template/_build/linux-x86_64/release/extscache/omni.kit.viewport.actions-107.0.2+5941509b)
 -> 'omni.kit.viewport.menubar.core' = { version='^' } selected: [omni.kit.viewport.menubar.core-107.2.1] Available versions:
	 - [omni.kit.viewport.menubar.core-107.2.1+5941509b] (/mnt/c/projects/kit-app-template/_build/linux-x86_64/release/extscache/omni.kit.viewport.menubar.core-107.2.1+5941509b)
[ext: omni.usd.metrics.assembler-108.0.0] deps:
 -> 'omni.usd.libs' = { version='^' } selected: [omni.usd.libs-1.0.1] Available versions:
	 - [omni.usd.libs-1.0.1+5941509b.lx64.r.cp312] (/mnt/c/projects/kit-app-template/_build/linux-x86_64/release/extscache/omni.usd.libs-1.0.1+5941509b.lx64.r.cp312)
 -> 'omni.usd.schema.metrics.assembler' = { version='^' } selected: [omni.usd.schema.metrics.assembler-108.0.0] Available versions:
	 - [omni.usd.schema.metrics.assembler-108.0.0+108.0.0.lx64.r.cp312.u81f] (/mnt/c/projects/kit-app-template/_build/linux-x86_64/release/extscache/omni.usd.schema.metrics.assembler-108.0.0+108.0.0.lx64.r.cp312.u81f)
[ext: omni.kit.property.bundle-1.4.1] deps:
 -> 'omni.kit.property.audio' = { version='^' } selected: [omni.kit.property.audio-1.0.16] Available versions:
	 - [omni.kit.property.audio-1.0.16+5941509b] (/mnt/c/projects/kit-app-template/_build/linux-x86_64/release/extscache/omni.kit.property.audio-1.0.16+5941509b)
 -> 'omni.kit.property.camera' = { version='^' } selected: [omni.kit.property.camera-1.0.10] Available versions:
	 - [omni.kit.property.camera-1.0.10+5941509b] (/mnt/c/projects/kit-app-template/_build/linux-x86_64/release/extscache/omni.kit.property.camera-1.0.10+5941509b)
 -> 'omni.kit.property.geometry' = { version='^' } selected: [omni.kit.property.geometry-2.0.6] Available versions:
	 - [omni.kit.property.geometry-2.0.6+5941509b] (/mnt/c/projects/kit-app-template/_build/linux-x86_64/release/extscache/omni.kit.property.geometry-2.0.6+5941509b)
 -> 'omni.kit.property.light' = { version='^' } selected: [omni.kit.property.light-1.0.13] Available versions:
	 - [omni.kit.property.light-1.0.13+5941509b] (/mnt/c/projects/kit-app-template/_build/linux-x86_64/release/extscache/omni.kit.property.light-1.0.13+5941509b)
 -> 'omni.kit.property.material' = { version='^' } selected: [omni.kit.property.material-1.12.0] Available versions:
	 - [omni.kit.property.material-1.12.0+5941509b] (/mnt/c/projects/kit-app-template/_build/linux-x86_64/release/extscache/omni.kit.property.material-1.12.0+5941509b)
 -> 'omni.kit.property.render' = { version='^' } selected: [omni.kit.property.render-1.2.1] Available versions:
	 - [omni.kit.property.render-1.2.1+5941509b] (/mnt/c/projects/kit-app-template/_build/linux-x86_64/release/extscache/omni.kit.property.render-1.2.1+5941509b)
 -> 'omni.kit.property.transform' = { version='^' } selected: [omni.kit.property.transform-1.6.0] Available versions:
	 - [omni.kit.property.transform-1.6.0+5941509b] (/mnt/c/projects/kit-app-template/_build/linux-x86_64/release/extscache/omni.kit.property.transform-1.6.0+5941509b)
 -> 'omni.kit.property.usd' = { version='^' } selected: [omni.kit.property.usd-4.6.0] Available versions:
	 - [omni.kit.property.usd-4.6.0+5941509b] (/mnt/c/projects/kit-app-template/_build/linux-x86_64/release/extscache/omni.kit.property.usd-4.6.0+5941509b)
 -> 'omni.kit.window.property' = { version='^' } selected: [omni.kit.window.property-1.14.1] Available versions:
	 - [omni.kit.window.property-1.14.1+5941509b] (/mnt/c/projects/kit-app-template/_build/linux-x86_64/release/extscache/omni.kit.window.property-1.14.1+5941509b)
 -> 'omni.ui' = { version='^' } selected: [omni.ui-2.27.2] Available versions:
	 - [omni.ui-2.27.2+5941509b.lx64.r.cp312] (/mnt/c/projects/kit-app-template/_build/linux-x86_64/release/extscache/omni.ui-2.27.2+5941509b.lx64.r.cp312)
 -> 'omni.usd' = { version='^' } selected: [omni.usd-1.13.13] Available versions:
	 - [omni.usd-1.13.13+5941509b.lx64.r.cp312] (/mnt/c/projects/kit-app-template/_build/linux-x86_64/release/extscache/omni.usd-1.13.13+5941509b.lx64.r.cp312)
[ext: omni.physics.stageupdate-108.0.4] deps:
 -> 'omni.physics' = { version='=108.0.4' } selected: [omni.physics-108.0.4] Available versions:
	 - [omni.physics-108.0.4+108.0.0.lx64.r.cp312.u81f] (/mnt/c/projects/kit-app-template/_build/linux-x86_64/release/extscache/omni.physics-108.0.4+108.0.0.lx64.r.cp312.u81f)
 -> 'omni.kit.usd.layers' = { version='^' optional=true  } selected: [omni.kit.usd.layers-2.3.2] Available versions:
	 - [omni.kit.usd.layers-2.3.2+5941509b.lx64.r.cp312] (/mnt/c/projects/kit-app-template/_build/linux-x86_64/release/extscache/omni.kit.usd.layers-2.3.2+5941509b.lx64.r.cp312)
 -> 'omni.ui' = { version='^' optional=true  } selected: [omni.ui-2.27.2] Available versions:
	 - [omni.ui-2.27.2+5941509b.lx64.r.cp312] (/mnt/c/projects/kit-app-template/_build/linux-x86_64/release/extscache/omni.ui-2.27.2+5941509b.lx64.r.cp312)
 -> 'omni.usd' = { version='^' } selected: [omni.usd-1.13.13] Available versions:
	 - [omni.usd-1.13.13+5941509b.lx64.r.cp312] (/mnt/c/projects/kit-app-template/_build/linux-x86_64/release/extscache/omni.usd-1.13.13+5941509b.lx64.r.cp312)
[ext: omni.rtx.settings.core-0.6.5] deps:
 -> 'omni.hydra.rtx' = { version='^' optional=true  } selected: [omni.hydra.rtx-1.0.0] Available versions:
	 - [omni.hydra.rtx-1.0.0+5941509b.lx64.r] (/mnt/c/projects/kit-app-template/_build/linux-x86_64/release/extscache/omni.hydra.rtx-1.0.0+5941509b.lx64.r)
 -> 'omni.kit.commands' = { version='^' } selected: [omni.kit.commands-1.4.10] Available versions:
	 - [omni.kit.commands-1.4.10+5941509b.lx64.r.cp312] (/mnt/c/projects/kit-app-template/_build/linux-x86_64/release/extscache/omni.kit.commands-1.4.10+5941509b.lx64.r.cp312)
 -> 'omni.ocio' = { version='^' } selected: [omni.ocio-0.1.1] Available versions:
	 - [omni.ocio-0.1.1+5941509b.lx64.r.cp312] (/mnt/c/projects/kit-app-template/_build/linux-x86_64/release/extscache/omni.ocio-0.1.1+5941509b.lx64.r.cp312)
 -> 'omni.rtx.window.settings' = { version='^' } selected: [omni.rtx.window.settings-0.6.101] Available versions:
	 - [omni.rtx.window.settings-0.6.101+5941509b.lx64.r.cp312] (/mnt/c/projects/kit-app-template/_build/linux-x86_64/release/extscache/omni.rtx.window.settings-0.6.101+5941509b.lx64.r.cp312)
 -> 'omni.ui' = { version='^' } selected: [omni.ui-2.27.2] Available versions:
	 - [omni.ui-2.27.2+5941509b.lx64.r.cp312] (/mnt/c/projects/kit-app-template/_build/linux-x86_64/release/extscache/omni.ui-2.27.2+5941509b.lx64.r.cp312)
 -> 'omni.usd' = { version='^' } selected: [omni.usd-1.13.13] Available versions:
	 - [omni.usd-1.13.13+5941509b.lx64.r.cp312] (/mnt/c/projects/kit-app-template/_build/linux-x86_64/release/extscache/omni.usd-1.13.13+5941509b.lx64.r.cp312)
[ext: omni.graph.image.core-0.6.1] deps:
 -> 'omni.gpucompute.plugins' = { version='^' } selected: [omni.gpucompute.plugins-0.0.0] Available versions:
	 - [omni.gpucompute.plugins-0.0.0+5941509b.lx64.r] (/mnt/c/projects/kit-app-template/_build/linux-x86_64/release/extscache/omni.gpucompute.plugins-0.0.0+5941509b.lx64.r)
 -> 'omni.graph.core' = { version='^' } selected: [omni.graph.core-2.184.7] Available versions:
	 - [omni.graph.core-2.184.7+5941509b.lx64.r] (/mnt/c/projects/kit-app-template/_build/linux-x86_64/release/extscache/omni.graph.core-2.184.7+5941509b.lx64.r)
 -> 'omni.graph.exec' = { version='^' } selected: [omni.graph.exec-0.9.6] Available versions:
	 - [omni.graph.exec-0.9.6+5941509b.lx64.r] (/mnt/c/projects/kit-app-template/_build/linux-x86_64/release/extscache/omni.graph.exec-0.9.6+5941509b.lx64.r)
 -> 'omni.kit.exec.core' = { version='^' } selected: [omni.kit.exec.core-0.13.4] Available versions:
	 - [omni.kit.exec.core-0.13.4+5941509b.lx64.r.cp312] (/mnt/c/projects/kit-app-template/_build/linux-x86_64/release/extscache/omni.kit.exec.core-0.13.4+5941509b.lx64.r.cp312)
[ext: omni.kit.property.camera-1.0.10] deps:
 -> 'omni.kit.property.usd' = { version='^' } selected: [omni.kit.property.usd-4.6.0] Available versions:
	 - [omni.kit.property.usd-4.6.0+5941509b] (/mnt/c/projects/kit-app-template/_build/linux-x86_64/release/extscache/omni.kit.property.usd-4.6.0+5941509b)
 -> 'omni.kit.window.property' = { version='^' } selected: [omni.kit.window.property-1.14.1] Available versions:
	 - [omni.kit.window.property-1.14.1+5941509b] (/mnt/c/projects/kit-app-template/_build/linux-x86_64/release/extscache/omni.kit.window.property-1.14.1+5941509b)
 -> 'omni.ui' = { version='^' } selected: [omni.ui-2.27.2] Available versions:
	 - [omni.ui-2.27.2+5941509b.lx64.r.cp312] (/mnt/c/projects/kit-app-template/_build/linux-x86_64/release/extscache/omni.ui-2.27.2+5941509b.lx64.r.cp312)
 -> 'omni.usd' = { version='^' } selected: [omni.usd-1.13.13] Available versions:
	 - [omni.usd-1.13.13+5941509b.lx64.r.cp312] (/mnt/c/projects/kit-app-template/_build/linux-x86_64/release/extscache/omni.usd-1.13.13+5941509b.lx64.r.cp312)
[ext: omni.kit.property.geometry-2.0.6] deps:
 -> 'omni.kit.property.usd' = { version='^' } selected: [omni.kit.property.usd-4.6.0] Available versions:
	 - [omni.kit.property.usd-4.6.0+5941509b] (/mnt/c/projects/kit-app-template/_build/linux-x86_64/release/extscache/omni.kit.property.usd-4.6.0+5941509b)
 -> 'omni.kit.window.property' = { version='^' } selected: [omni.kit.window.property-1.14.1] Available versions:
	 - [omni.kit.window.property-1.14.1+5941509b] (/mnt/c/projects/kit-app-template/_build/linux-x86_64/release/extscache/omni.kit.window.property-1.14.1+5941509b)
 -> 'omni.ui' = { version='^' } selected: [omni.ui-2.27.2] Available versions:
	 - [omni.ui-2.27.2+5941509b.lx64.r.cp312] (/mnt/c/projects/kit-app-template/_build/linux-x86_64/release/extscache/omni.ui-2.27.2+5941509b.lx64.r.cp312)
 -> 'omni.usd' = { version='^' } selected: [omni.usd-1.13.13] Available versions:
	 - [omni.usd-1.13.13+5941509b.lx64.r.cp312] (/mnt/c/projects/kit-app-template/_build/linux-x86_64/release/extscache/omni.usd-1.13.13+5941509b.lx64.r.cp312)
[ext: omni.kit.property.transform-1.6.0] deps:
 -> 'omni.hydra.scene_api' = { version='^' } selected: [omni.hydra.scene_api-0.1.3] Available versions:
	 - [omni.hydra.scene_api-0.1.3+5941509b.lx64.r.cp312] (/mnt/c/projects/kit-app-template/_build/linux-x86_64/release/extscache/omni.hydra.scene_api-0.1.3+5941509b.lx64.r.cp312)
 -> 'omni.kit.commands' = { version='^' } selected: [omni.kit.commands-1.4.10] Available versions:
	 - [omni.kit.commands-1.4.10+5941509b.lx64.r.cp312] (/mnt/c/projects/kit-app-template/_build/linux-x86_64/release/extscache/omni.kit.commands-1.4.10+5941509b.lx64.r.cp312)
 -> 'omni.kit.property.usd' = { version='^' } selected: [omni.kit.property.usd-4.6.0] Available versions:
	 - [omni.kit.property.usd-4.6.0+5941509b] (/mnt/c/projects/kit-app-template/_build/linux-x86_64/release/extscache/omni.kit.property.usd-4.6.0+5941509b)
 -> 'omni.kit.usd_undo' = { version='^' } selected: [omni.kit.usd_undo-0.1.8] Available versions:
	 - [omni.kit.usd_undo-0.1.8+5941509b] (/mnt/c/projects/kit-app-template/_build/linux-x86_64/release/extscache/omni.kit.usd_undo-0.1.8+5941509b)
 -> 'omni.kit.widget.settings' = { version='^' } selected: [omni.kit.widget.settings-1.2.3] Available versions:
	 - [omni.kit.widget.settings-1.2.3+5941509b] (/mnt/c/projects/kit-app-template/_build/linux-x86_64/release/extscache/omni.kit.widget.settings-1.2.3+5941509b)
 -> 'omni.kit.window.property' = { version='^' } selected: [omni.kit.window.property-1.14.1] Available versions:
	 - [omni.kit.window.property-1.14.1+5941509b] (/mnt/c/projects/kit-app-template/_build/linux-x86_64/release/extscache/omni.kit.window.property-1.14.1+5941509b)
 -> 'omni.ui' = { version='^' } selected: [omni.ui-2.27.2] Available versions:
	 - [omni.ui-2.27.2+5941509b.lx64.r.cp312] (/mnt/c/projects/kit-app-template/_build/linux-x86_64/release/extscache/omni.ui-2.27.2+5941509b.lx64.r.cp312)
 -> 'omni.usd' = { version='^' } selected: [omni.usd-1.13.13] Available versions:
	 - [omni.usd-1.13.13+5941509b.lx64.r.cp312] (/mnt/c/projects/kit-app-template/_build/linux-x86_64/release/extscache/omni.usd-1.13.13+5941509b.lx64.r.cp312)
[ext: omni.kit.property.render-1.2.1] deps:
 -> 'omni.kit.property.usd' = { version='^' } selected: [omni.kit.property.usd-4.6.0] Available versions:
	 - [omni.kit.property.usd-4.6.0+5941509b] (/mnt/c/projects/kit-app-template/_build/linux-x86_64/release/extscache/omni.kit.property.usd-4.6.0+5941509b)
 -> 'omni.kit.window.property' = { version='^' } selected: [omni.kit.window.property-1.14.1] Available versions:
	 - [omni.kit.window.property-1.14.1+5941509b] (/mnt/c/projects/kit-app-template/_build/linux-x86_64/release/extscache/omni.kit.window.property-1.14.1+5941509b)
 -> 'omni.ui' = { version='^' } selected: [omni.ui-2.27.2] Available versions:
	 - [omni.ui-2.27.2+5941509b.lx64.r.cp312] (/mnt/c/projects/kit-app-template/_build/linux-x86_64/release/extscache/omni.ui-2.27.2+5941509b.lx64.r.cp312)
 -> 'omni.usd' = { version='^' } selected: [omni.usd-1.13.13] Available versions:
	 - [omni.usd-1.13.13+5941509b.lx64.r.cp312] (/mnt/c/projects/kit-app-template/_build/linux-x86_64/release/extscache/omni.usd-1.13.13+5941509b.lx64.r.cp312)
[ext: omni.rtx.window.settings-0.6.101] deps:
 -> 'omni.kit.commands' = { version='^' } selected: [omni.kit.commands-1.4.10] Available versions:
	 - [omni.kit.commands-1.4.10+5941509b.lx64.r.cp312] (/mnt/c/projects/kit-app-template/_build/linux-x86_64/release/extscache/omni.kit.commands-1.4.10+5941509b.lx64.r.cp312)
 -> 'omni.kit.menu.utils' = { version='^' } selected: [omni.kit.menu.utils-2.1.0] Available versions:
	 - [omni.kit.menu.utils-2.1.0+5941509b] (/mnt/c/projects/kit-app-template/_build/linux-x86_64/release/extscache/omni.kit.menu.utils-2.1.0+5941509b)
 -> 'omni.kit.widget.prompt' = { version='^' optional=true  } selected: [omni.kit.widget.prompt-1.0.7] Available versions:
	 - [omni.kit.widget.prompt-1.0.7+5941509b] (/mnt/c/projects/kit-app-template/_build/linux-x86_64/release/extscache/omni.kit.widget.prompt-1.0.7+5941509b)
 -> 'omni.kit.widget.searchable_combobox' = { version='^' } selected: [omni.kit.widget.searchable_combobox-1.0.6] Available versions:
	 - [omni.kit.widget.searchable_combobox-1.0.6+5941509b] (/mnt/c/projects/kit-app-template/_build/linux-x86_64/release/extscache/omni.kit.widget.searchable_combobox-1.0.6+5941509b)
 -> 'omni.kit.widget.settings' = { version='^' } selected: [omni.kit.widget.settings-1.2.3] Available versions:
	 - [omni.kit.widget.settings-1.2.3+5941509b] (/mnt/c/projects/kit-app-template/_build/linux-x86_64/release/extscache/omni.kit.widget.settings-1.2.3+5941509b)
 -> 'omni.kit.window.file_exporter' = { version='^' } selected: [omni.kit.window.file_exporter-1.0.35] Available versions:
	 - [omni.kit.window.file_exporter-1.0.35+5941509b] (/mnt/c/projects/kit-app-template/_build/linux-x86_64/release/extscache/omni.kit.window.file_exporter-1.0.35+5941509b)
 -> 'omni.kit.window.file_importer' = { version='^' } selected: [omni.kit.window.file_importer-1.1.18] Available versions:
	 - [omni.kit.window.file_importer-1.1.18+5941509b] (/mnt/c/projects/kit-app-template/_build/linux-x86_64/release/extscache/omni.kit.window.file_importer-1.1.18+5941509b)
 -> 'omni.ui' = { version='^' } selected: [omni.ui-2.27.2] Available versions:
	 - [omni.ui-2.27.2+5941509b.lx64.r.cp312] (/mnt/c/projects/kit-app-template/_build/linux-x86_64/release/extscache/omni.ui-2.27.2+5941509b.lx64.r.cp312)
 -> 'omni.usd' = { version='^' } selected: [omni.usd-1.13.13] Available versions:
	 - [omni.usd-1.13.13+5941509b.lx64.r.cp312] (/mnt/c/projects/kit-app-template/_build/linux-x86_64/release/extscache/omni.usd-1.13.13+5941509b.lx64.r.cp312)
[ext: omni.ocio-0.1.1] deps:
 -> 'omni.hydra.rtx' = { version='^' } selected: [omni.hydra.rtx-1.0.0] Available versions:
	 - [omni.hydra.rtx-1.0.0+5941509b.lx64.r] (/mnt/c/projects/kit-app-template/_build/linux-x86_64/release/extscache/omni.hydra.rtx-1.0.0+5941509b.lx64.r)
[ext: omni.kit.property.material-1.12.0] deps:
 -> 'omni.client' = { version='^' } selected: [omni.client-1.3.0] Available versions:
	 - [omni.client-1.3.0+5941509b.lx64.r] (/mnt/c/projects/kit-app-template/_build/linux-x86_64/release/extscache/omni.client-1.3.0+5941509b.lx64.r)
 -> 'omni.kit.commands' = { version='^' } selected: [omni.kit.commands-1.4.10] Available versions:
	 - [omni.kit.commands-1.4.10+5941509b.lx64.r.cp312] (/mnt/c/projects/kit-app-template/_build/linux-x86_64/release/extscache/omni.kit.commands-1.4.10+5941509b.lx64.r.cp312)
 -> 'omni.kit.material.library' = { version='^' } selected: [omni.kit.material.library-2.0.9] Available versions:
	 - [omni.kit.material.library-2.0.9+5941509b] (/mnt/c/projects/kit-app-template/_build/linux-x86_64/release/extscache/omni.kit.material.library-2.0.9+5941509b)
 -> 'omni.kit.property.usd' = { version='^' } selected: [omni.kit.property.usd-4.6.0] Available versions:
	 - [omni.kit.property.usd-4.6.0+5941509b] (/mnt/c/projects/kit-app-template/_build/linux-x86_64/release/extscache/omni.kit.property.usd-4.6.0+5941509b)
 -> 'omni.kit.usd.mdl' = { version='^' } selected: [omni.kit.usd.mdl-1.1.5] Available versions:
	 - [omni.kit.usd.mdl-1.1.5+5941509b.lx64.r.cp312] (/mnt/c/projects/kit-app-template/_build/linux-x86_64/release/extscache/omni.kit.usd.mdl-1.1.5+5941509b.lx64.r.cp312)
 -> 'omni.kit.window.preferences' = { version='^' } selected: [omni.kit.window.preferences-1.8.0] Available versions:
	 - [omni.kit.window.preferences-1.8.0+5941509b] (/mnt/c/projects/kit-app-template/_build/linux-x86_64/release/extscache/omni.kit.window.preferences-1.8.0+5941509b)
 -> 'omni.kit.window.property' = { version='^' } selected: [omni.kit.window.property-1.14.1] Available versions:
	 - [omni.kit.window.property-1.14.1+5941509b] (/mnt/c/projects/kit-app-template/_build/linux-x86_64/release/extscache/omni.kit.window.property-1.14.1+5941509b)
 -> 'omni.ui' = { version='^' } selected: [omni.ui-2.27.2] Available versions:
	 - [omni.ui-2.27.2+5941509b.lx64.r.cp312] (/mnt/c/projects/kit-app-template/_build/linux-x86_64/release/extscache/omni.ui-2.27.2+5941509b.lx64.r.cp312)
 -> 'omni.usd' = { version='^' } selected: [omni.usd-1.13.13] Available versions:
	 - [omni.usd-1.13.13+5941509b.lx64.r.cp312] (/mnt/c/projects/kit-app-template/_build/linux-x86_64/release/extscache/omni.usd-1.13.13+5941509b.lx64.r.cp312)
[ext: omni.kit.property.light-1.0.13] deps:
 -> 'omni.kit.property.usd' = { version='^' } selected: [omni.kit.property.usd-4.6.0] Available versions:
	 - [omni.kit.property.usd-4.6.0+5941509b] (/mnt/c/projects/kit-app-template/_build/linux-x86_64/release/extscache/omni.kit.property.usd-4.6.0+5941509b)
 -> 'omni.kit.window.property' = { version='^' } selected: [omni.kit.window.property-1.14.1] Available versions:
	 - [omni.kit.window.property-1.14.1+5941509b] (/mnt/c/projects/kit-app-template/_build/linux-x86_64/release/extscache/omni.kit.window.property-1.14.1+5941509b)
 -> 'omni.ui' = { version='^' } selected: [omni.ui-2.27.2] Available versions:
	 - [omni.ui-2.27.2+5941509b.lx64.r.cp312] (/mnt/c/projects/kit-app-template/_build/linux-x86_64/release/extscache/omni.ui-2.27.2+5941509b.lx64.r.cp312)
 -> 'omni.usd' = { version='^' } selected: [omni.usd-1.13.13] Available versions:
	 - [omni.usd-1.13.13+5941509b.lx64.r.cp312] (/mnt/c/projects/kit-app-template/_build/linux-x86_64/release/extscache/omni.usd-1.13.13+5941509b.lx64.r.cp312)
[ext: omni.hydra.scene_api-0.1.3] deps:
 -> 'omni.usd' = { version='^' } selected: [omni.usd-1.13.13] Available versions:
	 - [omni.usd-1.13.13+5941509b.lx64.r.cp312] (/mnt/c/projects/kit-app-template/_build/linux-x86_64/release/extscache/omni.usd-1.13.13+5941509b.lx64.r.cp312)
[ext: omni.kit.viewport.actions-107.0.2] deps:
 -> 'omni.activity.core' = { version='^' } selected: [omni.activity.core-1.0.3] Available versions:
	 - [omni.activity.core-1.0.3+5941509b.lx64.r.cp312] (/mnt/c/projects/kit-app-template/_build/linux-x86_64/release/extscache/omni.activity.core-1.0.3+5941509b.lx64.r.cp312)
 -> 'omni.kit.actions.core' = { version='^' } selected: [omni.kit.actions.core-1.0.0] Available versions:
	 - [omni.kit.actions.core-1.0.0+5941509b.lx64.r.cp312] (/mnt/c/projects/kit-app-template/_build/linux-x86_64/release/extscache/omni.kit.actions.core-1.0.0+5941509b.lx64.r.cp312)
 -> 'omni.kit.hotkeys.core' = { version='^' optional=true  } selected: [omni.kit.hotkeys.core-1.3.10] Available versions:
	 - [omni.kit.hotkeys.core-1.3.10+5941509b] (/mnt/c/projects/kit-app-template/_build/linux-x86_64/release/extscache/omni.kit.hotkeys.core-1.3.10+5941509b)
 -> 'omni.kit.viewport.utility' = { version='^' } selected: [omni.kit.viewport.utility-1.2.2] Available versions:
	 - [omni.kit.viewport.utility-1.2.2+5941509b] (/mnt/c/projects/kit-app-template/_build/linux-x86_64/release/extscache/omni.kit.viewport.utility-1.2.2+5941509b)
 -> 'omni.kit.viewport.window' = { version='^' } selected: [omni.kit.viewport.window-107.0.14] Available versions:
	 - [omni.kit.viewport.window-107.0.14+5941509b] (/mnt/c/projects/kit-app-template/_build/linux-x86_64/release/extscache/omni.kit.viewport.window-107.0.14+5941509b)
 -> 'omni.usd' = { version='^' } selected: [omni.usd-1.13.13] Available versions:
	 - [omni.usd-1.13.13+5941509b.lx64.r.cp312] (/mnt/c/projects/kit-app-template/_build/linux-x86_64/release/extscache/omni.usd-1.13.13+5941509b.lx64.r.cp312)
 -> 'usdrt.scenegraph' = { version='^' optional=true  } selected: [usdrt.scenegraph-7.6.1] Available versions:
	 - [usdrt.scenegraph-7.6.1+5941509b.lx64.r.cp312] (/mnt/c/projects/kit-app-template/_build/linux-x86_64/release/extscache/usdrt.scenegraph-7.6.1+5941509b.lx64.r.cp312)
[ext: omni.kit.property.audio-1.0.16] deps:
 -> 'omni.kit.property.usd' = { version='^' } selected: [omni.kit.property.usd-4.6.0] Available versions:
	 - [omni.kit.property.usd-4.6.0+5941509b] (/mnt/c/projects/kit-app-template/_build/linux-x86_64/release/extscache/omni.kit.property.usd-4.6.0+5941509b)
 -> 'omni.kit.window.property' = { version='^' } selected: [omni.kit.window.property-1.14.1] Available versions:
	 - [omni.kit.window.property-1.14.1+5941509b] (/mnt/c/projects/kit-app-template/_build/linux-x86_64/release/extscache/omni.kit.window.property-1.14.1+5941509b)
 -> 'omni.ui' = { version='^' } selected: [omni.ui-2.27.2] Available versions:
	 - [omni.ui-2.27.2+5941509b.lx64.r.cp312] (/mnt/c/projects/kit-app-template/_build/linux-x86_64/release/extscache/omni.ui-2.27.2+5941509b.lx64.r.cp312)
 -> 'omni.usd' = { version='^' } selected: [omni.usd-1.13.13] Available versions:
	 - [omni.usd-1.13.13+5941509b.lx64.r.cp312] (/mnt/c/projects/kit-app-template/_build/linux-x86_64/release/extscache/omni.usd-1.13.13+5941509b.lx64.r.cp312)
[ext: omni.physics.physx-108.0.4] deps:
 -> 'omni.physics' = { version='=108.0.4' } selected: [omni.physics-108.0.4] Available versions:
	 - [omni.physics-108.0.4+108.0.0.lx64.r.cp312.u81f] (/mnt/c/projects/kit-app-template/_build/linux-x86_64/release/extscache/omni.physics-108.0.4+108.0.0.lx64.r.cp312.u81f)
 -> 'omni.physx' = { version='=108.0.4' } selected: [omni.physx-108.0.4] Available versions:
	 - [omni.physx-108.0.4+108.0.0.lx64.r.cp312.u81f] (/mnt/c/projects/kit-app-template/_build/linux-x86_64/release/extscache/omni.physx-108.0.4+108.0.0.lx64.r.cp312.u81f)
[ext: omni.kit.window.toolbar-2.0.0] deps:
 -> 'omni.kit.context_menu' = { version='^' optional=true  } selected: [omni.kit.context_menu-1.8.6] Available versions:
	 - [omni.kit.context_menu-1.8.6+5941509b] (/mnt/c/projects/kit-app-template/_build/linux-x86_64/release/extscache/omni.kit.context_menu-1.8.6+5941509b)
 -> 'omni.kit.menu.utils' = { version='^' } selected: [omni.kit.menu.utils-2.1.0] Available versions:
	 - [omni.kit.menu.utils-2.1.0+5941509b] (/mnt/c/projects/kit-app-template/_build/linux-x86_64/release/extscache/omni.kit.menu.utils-2.1.0+5941509b)
 -> 'omni.kit.widget.toolbar' = { version='^' } selected: [omni.kit.widget.toolbar-2.0.2] Available versions:
	 - [omni.kit.widget.toolbar-2.0.2+5941509b] (/mnt/c/projects/kit-app-template/_build/linux-x86_64/release/extscache/omni.kit.widget.toolbar-2.0.2+5941509b)
 -> 'omni.ui' = { version='^' } selected: [omni.ui-2.27.2] Available versions:
	 - [omni.ui-2.27.2+5941509b.lx64.r.cp312] (/mnt/c/projects/kit-app-template/_build/linux-x86_64/release/extscache/omni.ui-2.27.2+5941509b.lx64.r.cp312)
[ext: omni.kit.window.status_bar-0.1.9] deps:
 -> 'omni.kit.mainwindow' = { version='^' optional=true  } selected: [omni.kit.mainwindow-1.0.3] Available versions:
	 - [omni.kit.mainwindow-1.0.3+5941509b] (/mnt/c/projects/kit-app-template/_build/linux-x86_64/release/extscache/omni.kit.mainwindow-1.0.3+5941509b)
 -> 'omni.ui' = { version='^' } selected: [omni.ui-2.27.2] Available versions:
	 - [omni.ui-2.27.2+5941509b.lx64.r.cp312] (/mnt/c/projects/kit-app-template/_build/linux-x86_64/release/extscache/omni.ui-2.27.2+5941509b.lx64.r.cp312)
 -> 'omni.usd' = { version='^' } selected: [omni.usd-1.13.13] Available versions:
	 - [omni.usd-1.13.13+5941509b.lx64.r.cp312] (/mnt/c/projects/kit-app-template/_build/linux-x86_64/release/extscache/omni.usd-1.13.13+5941509b.lx64.r.cp312)
[ext: omni.kit.window.stage-2.6.1] deps:
 -> 'omni.kit.menu.utils' = { version='^' } selected: [omni.kit.menu.utils-2.1.0] Available versions:
	 - [omni.kit.menu.utils-2.1.0+5941509b] (/mnt/c/projects/kit-app-template/_build/linux-x86_64/release/extscache/omni.kit.menu.utils-2.1.0+5941509b)
 -> 'omni.kit.widget.stage' = { version='^' } selected: [omni.kit.widget.stage-3.1.6] Available versions:
	 - [omni.kit.widget.stage-3.1.6+5941509b] (/mnt/c/projects/kit-app-template/_build/linux-x86_64/release/extscache/omni.kit.widget.stage-3.1.6+5941509b)
 -> 'omni.kit.widget.stage_icons' = { version='^' } selected: [omni.kit.widget.stage_icons-1.0.8] Available versions:
	 - [omni.kit.widget.stage_icons-1.0.8+5941509b] (/mnt/c/projects/kit-app-template/_build/linux-x86_64/release/extscache/omni.kit.widget.stage_icons-1.0.8+5941509b)
 -> 'omni.kit.window.drop_support' = { version='^' optional=true  } selected: [omni.kit.window.drop_support-1.0.6] Available versions:
	 - [omni.kit.window.drop_support-1.0.6+5941509b] (/mnt/c/projects/kit-app-template/_build/linux-x86_64/release/extscache/omni.kit.window.drop_support-1.0.6+5941509b)
 -> 'omni.ui' = { version='^' } selected: [omni.ui-2.27.2] Available versions:
	 - [omni.ui-2.27.2+5941509b.lx64.r.cp312] (/mnt/c/projects/kit-app-template/_build/linux-x86_64/release/extscache/omni.ui-2.27.2+5941509b.lx64.r.cp312)
 -> 'omni.usd' = { version='^' } selected: [omni.usd-1.13.13] Available versions:
	 - [omni.usd-1.13.13+5941509b.lx64.r.cp312] (/mnt/c/projects/kit-app-template/_build/linux-x86_64/release/extscache/omni.usd-1.13.13+5941509b.lx64.r.cp312)
[ext: omni.physx-108.0.4] deps:
 -> 'omni.physx.cooking' = { version='=108.0.4' } selected: [omni.physx.cooking-108.0.4] Available versions:
	 - [omni.physx.cooking-108.0.4+108.0.0.lx64.r.cp312.u81f] (/mnt/c/projects/kit-app-template/_build/linux-x86_64/release/extscache/omni.physx.cooking-108.0.4+108.0.0.lx64.r.cp312.u81f)
 -> 'omni.physx.foundation' = { version='=108.0.4' } selected: [omni.physx.foundation-108.0.4] Available versions:
	 - [omni.physx.foundation-108.0.4+108.0.0.lx64.r.cp312.u81f] (/mnt/c/projects/kit-app-template/_build/linux-x86_64/release/extscache/omni.physx.foundation-108.0.4+108.0.0.lx64.r.cp312.u81f)
 -> 'omni.usd.schema.physx' = { version='=108.0.4' } selected: [omni.usd.schema.physx-108.0.4] Available versions:
	 - [omni.usd.schema.physx-108.0.4+108.0.0.lx64.r.cp312.u81f] (/mnt/c/projects/kit-app-template/_build/linux-x86_64/release/extscache/omni.usd.schema.physx-108.0.4+108.0.0.lx64.r.cp312.u81f)
 -> 'omni.usdphysics' = { version='=108.0.4' } selected: [omni.usdphysics-108.0.4] Available versions:
	 - [omni.usdphysics-108.0.4+108.0.0.lx64.r.cp312.u81f] (/mnt/c/projects/kit-app-template/_build/linux-x86_64/release/extscache/omni.usdphysics-108.0.4+108.0.0.lx64.r.cp312.u81f)
 -> 'omni.gpucompute.plugins' = { version='^' } selected: [omni.gpucompute.plugins-0.0.0] Available versions:
	 - [omni.gpucompute.plugins-0.0.0+5941509b.lx64.r] (/mnt/c/projects/kit-app-template/_build/linux-x86_64/release/extscache/omni.gpucompute.plugins-0.0.0+5941509b.lx64.r)
 -> 'omni.usd.libs' = { version='^' } selected: [omni.usd.libs-1.0.1] Available versions:
	 - [omni.usd.libs-1.0.1+5941509b.lx64.r.cp312] (/mnt/c/projects/kit-app-template/_build/linux-x86_64/release/extscache/omni.usd.libs-1.0.1+5941509b.lx64.r.cp312)
 -> 'usdrt.scenegraph' = { version='^' } selected: [usdrt.scenegraph-7.6.1] Available versions:
	 - [usdrt.scenegraph-7.6.1+5941509b.lx64.r.cp312] (/mnt/c/projects/kit-app-template/_build/linux-x86_64/release/extscache/usdrt.scenegraph-7.6.1+5941509b.lx64.r.cp312)
[ext: omni.physics-108.0.4] no deps
[ext: omni.kit.developer.bundle-0.2.0] deps:
 -> 'omni.kit.dev.utilities.bundle' = { version='^' } selected: [omni.kit.dev.utilities.bundle-0.2.1] Available versions:
	 - [omni.kit.dev.utilities.bundle-0.2.1] (/mnt/c/projects/kit-app-template/_build/linux-x86_64/release/extscache/omni.kit.dev.utilities.bundle-0.2.1)
[ext: omni.kit.menu.file-1.1.21] deps:
 -> 'omni.client' = { version='^' } selected: [omni.client-1.3.0] Available versions:
	 - [omni.client-1.3.0+5941509b.lx64.r] (/mnt/c/projects/kit-app-template/_build/linux-x86_64/release/extscache/omni.client-1.3.0+5941509b.lx64.r)
 -> 'omni.kit.helper.file_utils' = { version='^' } selected: [omni.kit.helper.file_utils-0.1.9] Available versions:
	 - [omni.kit.helper.file_utils-0.1.9+5941509b] (/mnt/c/projects/kit-app-template/_build/linux-x86_64/release/extscache/omni.kit.helper.file_utils-0.1.9+5941509b)
 -> 'omni.kit.menu.utils' = { version='^' } selected: [omni.kit.menu.utils-2.1.0] Available versions:
	 - [omni.kit.menu.utils-2.1.0+5941509b] (/mnt/c/projects/kit-app-template/_build/linux-x86_64/release/extscache/omni.kit.menu.utils-2.1.0+5941509b)
 -> 'omni.kit.window.file' = { version='^' } selected: [omni.kit.window.file-2.0.7] Available versions:
	 - [omni.kit.window.file-2.0.7+5941509b] (/mnt/c/projects/kit-app-template/_build/linux-x86_64/release/extscache/omni.kit.window.file-2.0.7+5941509b)
 -> 'omni.usd' = { version='^' } selected: [omni.usd-1.13.13] Available versions:
	 - [omni.usd-1.13.13+5941509b.lx64.r.cp312] (/mnt/c/projects/kit-app-template/_build/linux-x86_64/release/extscache/omni.usd-1.13.13+5941509b.lx64.r.cp312)
[ext: omni.kit.widget.stage_icons-1.0.8] no deps
[ext: omni.physx.cooking-108.0.4] deps:
 -> 'omni.convexdecomposition' = { version='=108.0.4' } selected: [omni.convexdecomposition-108.0.4] Available versions:
	 - [omni.convexdecomposition-108.0.4+108.0.0.lx64.r.cp312.u81f] (/mnt/c/projects/kit-app-template/_build/linux-x86_64/release/extscache/omni.convexdecomposition-108.0.4+108.0.0.lx64.r.cp312.u81f)
 -> 'omni.localcache' = { version='=108.0.4' } selected: [omni.localcache-108.0.4] Available versions:
	 - [omni.localcache-108.0.4+108.0.0.lx64.r.cp312.u81f] (/mnt/c/projects/kit-app-template/_build/linux-x86_64/release/extscache/omni.localcache-108.0.4+108.0.0.lx64.r.cp312.u81f)
 -> 'omni.physx.foundation' = { version='=108.0.4' } selected: [omni.physx.foundation-108.0.4] Available versions:
	 - [omni.physx.foundation-108.0.4+108.0.0.lx64.r.cp312.u81f] (/mnt/c/projects/kit-app-template/_build/linux-x86_64/release/extscache/omni.physx.foundation-108.0.4+108.0.0.lx64.r.cp312.u81f)
 -> 'omni.usd.schema.physx' = { version='=108.0.4' } selected: [omni.usd.schema.physx-108.0.4] Available versions:
	 - [omni.usd.schema.physx-108.0.4+108.0.0.lx64.r.cp312.u81f] (/mnt/c/projects/kit-app-template/_build/linux-x86_64/release/extscache/omni.usd.schema.physx-108.0.4+108.0.0.lx64.r.cp312.u81f)
 -> 'omni.usdphysics' = { version='=108.0.4' } selected: [omni.usdphysics-108.0.4] Available versions:
	 - [omni.usdphysics-108.0.4+108.0.0.lx64.r.cp312.u81f] (/mnt/c/projects/kit-app-template/_build/linux-x86_64/release/extscache/omni.usdphysics-108.0.4+108.0.0.lx64.r.cp312.u81f)
 -> 'omni.ujitso.default' = { version='^' } selected: [omni.ujitso.default-1.0.0] Available versions:
	 - [omni.ujitso.default-1.0.0+5941509b.lx64.r.cp312] (/mnt/c/projects/kit-app-template/_build/linux-x86_64/release/extscache/omni.ujitso.default-1.0.0+5941509b.lx64.r.cp312)
 -> 'omni.usd.libs' = { version='^' } selected: [omni.usd.libs-1.0.1] Available versions:
	 - [omni.usd.libs-1.0.1+5941509b.lx64.r.cp312] (/mnt/c/projects/kit-app-template/_build/linux-x86_64/release/extscache/omni.usd.libs-1.0.1+5941509b.lx64.r.cp312)
[ext: omni.kit.window.console-1.1.4] deps:
 -> 'omni.kit.actions.core' = { version='^' optional=true  } selected: [omni.kit.actions.core-1.0.0] Available versions:
	 - [omni.kit.actions.core-1.0.0+5941509b.lx64.r.cp312] (/mnt/c/projects/kit-app-template/_build/linux-x86_64/release/extscache/omni.kit.actions.core-1.0.0+5941509b.lx64.r.cp312)
 -> 'omni.kit.clipboard' = { version='^' } selected: [omni.kit.clipboard-1.1.0] Available versions:
	 - [omni.kit.clipboard-1.1.0+5941509b.lx64.r.cp312] (/mnt/c/projects/kit-app-template/_build/linux-x86_64/release/extscache/omni.kit.clipboard-1.1.0+5941509b.lx64.r.cp312)
 -> 'omni.kit.hotkeys.core' = { version='^' optional=true  } selected: [omni.kit.hotkeys.core-1.3.10] Available versions:
	 - [omni.kit.hotkeys.core-1.3.10+5941509b] (/mnt/c/projects/kit-app-template/_build/linux-x86_64/release/extscache/omni.kit.hotkeys.core-1.3.10+5941509b)
 -> 'omni.kit.menu.utils' = { version='^' } selected: [omni.kit.menu.utils-2.1.0] Available versions:
	 - [omni.kit.menu.utils-2.1.0+5941509b] (/mnt/c/projects/kit-app-template/_build/linux-x86_64/release/extscache/omni.kit.menu.utils-2.1.0+5941509b)
 -> 'omni.kit.widget.filter' = { version='^' } selected: [omni.kit.widget.filter-1.1.4] Available versions:
	 - [omni.kit.widget.filter-1.1.4+5941509b] (/mnt/c/projects/kit-app-template/_build/linux-x86_64/release/extscache/omni.kit.widget.filter-1.1.4+5941509b)
 -> 'omni.ui' = { version='^' } selected: [omni.ui-2.27.2] Available versions:
	 - [omni.ui-2.27.2+5941509b.lx64.r.cp312] (/mnt/c/projects/kit-app-template/_build/linux-x86_64/release/extscache/omni.ui-2.27.2+5941509b.lx64.r.cp312)
 -> 'omni.usd' = { version='^' } selected: [omni.usd-1.13.13] Available versions:
	 - [omni.usd-1.13.13+5941509b.lx64.r.cp312] (/mnt/c/projects/kit-app-template/_build/linux-x86_64/release/extscache/omni.usd-1.13.13+5941509b.lx64.r.cp312)
[ext: omni.kit.dev.utilities.bundle-0.2.1] deps:
 -> 'omni.kit.debug.settings' = { version='^' } selected: [omni.kit.debug.settings-1.0.2] Available versions:
	 - [omni.kit.debug.settings-1.0.2] (/mnt/c/projects/kit-app-template/_build/linux-x86_64/release/extscache/omni.kit.debug.settings-1.0.2)
 -> 'omni.kit.debug.vscode' = { version='^' } selected: [omni.kit.debug.vscode-0.1.6] Available versions:
	 - [omni.kit.debug.vscode-0.1.6+5941509b] (/mnt/c/projects/kit-app-template/_build/linux-x86_64/release/extscache/omni.kit.debug.vscode-0.1.6+5941509b)
 -> 'omni.kit.window.commands' = { version='^' } selected: [omni.kit.window.commands-0.2.9] Available versions:
	 - [omni.kit.window.commands-0.2.9+5941509b] (/mnt/c/projects/kit-app-template/_build/linux-x86_64/release/extscache/omni.kit.window.commands-0.2.9+5941509b)
 -> 'omni.kit.window.extensions' = { version='^' } selected: [omni.kit.window.extensions-1.5.2] Available versions:
	 - [omni.kit.window.extensions-1.5.2+5941509b] (/mnt/c/projects/kit-app-template/_build/linux-x86_64/release/extscache/omni.kit.window.extensions-1.5.2+5941509b)
 -> 'omni.kit.window.script_editor' = { version='^' } selected: [omni.kit.window.script_editor-2.0.3] Available versions:
	 - [omni.kit.window.script_editor-2.0.3+5941509b] (/mnt/c/projects/kit-app-template/_build/linux-x86_64/release/extscache/omni.kit.window.script_editor-2.0.3+5941509b)
[ext: omni.kit.viewport.ready-1.0.9] deps:
 -> 'omni.activity.profiler' = { version='^' optional=true  } selected: [omni.activity.profiler-1.0.4] Available versions:
	 - [omni.activity.profiler-1.0.4+5941509b.lx64.r.cp312] (/mnt/c/projects/kit-app-template/_build/linux-x86_64/release/extscache/omni.activity.profiler-1.0.4+5941509b.lx64.r.cp312)
 -> 'omni.activity.pump' = { version='^' optional=true  } selected: [omni.activity.pump-1.0.1] Available versions:
	 - [omni.activity.pump-1.0.1+5941509b.lx64.r.cp312] (/mnt/c/projects/kit-app-template/_build/linux-x86_64/release/extscache/omni.activity.pump-1.0.1+5941509b.lx64.r.cp312)
 -> 'omni.kit.viewport.window' = { version='^' optional=true  } selected: [omni.kit.viewport.window-107.0.14] Available versions:
	 - [omni.kit.viewport.window-107.0.14+5941509b] (/mnt/c/projects/kit-app-template/_build/linux-x86_64/release/extscache/omni.kit.viewport.window-107.0.14+5941509b)
 -> 'omni.ui' = { version='^' } selected: [omni.ui-2.27.2] Available versions:
	 - [omni.ui-2.27.2+5941509b.lx64.r.cp312] (/mnt/c/projects/kit-app-template/_build/linux-x86_64/release/extscache/omni.ui-2.27.2+5941509b.lx64.r.cp312)
 -> 'omni.usd' = { version='^' } selected: [omni.usd-1.13.13] Available versions:
	 - [omni.usd-1.13.13+5941509b.lx64.r.cp312] (/mnt/c/projects/kit-app-template/_build/linux-x86_64/release/extscache/omni.usd-1.13.13+5941509b.lx64.r.cp312)
[ext: omni.kit.viewport.menubar.settings-107.0.4] deps:
 -> 'omni.kit.notification_manager' = { version='^' optional=true  } selected: [omni.kit.notification_manager-1.0.10] Available versions:
	 - [omni.kit.notification_manager-1.0.10+5941509b] (/mnt/c/projects/kit-app-template/_build/linux-x86_64/release/extscache/omni.kit.notification_manager-1.0.10+5941509b)
 -> 'omni.kit.viewport.menubar.core' = { version='^' } selected: [omni.kit.viewport.menubar.core-107.2.1] Available versions:
	 - [omni.kit.viewport.menubar.core-107.2.1+5941509b] (/mnt/c/projects/kit-app-template/_build/linux-x86_64/release/extscache/omni.kit.viewport.menubar.core-107.2.1+5941509b)
[ext: omni.usdphysics-108.0.4] deps:
 -> 'omni.usd.schema.physx' = { version='=108.0.4' } selected: [omni.usd.schema.physx-108.0.4] Available versions:
	 - [omni.usd.schema.physx-108.0.4+108.0.0.lx64.r.cp312.u81f] (/mnt/c/projects/kit-app-template/_build/linux-x86_64/release/extscache/omni.usd.schema.physx-108.0.4+108.0.0.lx64.r.cp312.u81f)
 -> 'omni.usd.libs' = { version='^' } selected: [omni.usd.libs-1.0.1] Available versions:
	 - [omni.usd.libs-1.0.1+5941509b.lx64.r.cp312] (/mnt/c/projects/kit-app-template/_build/linux-x86_64/release/extscache/omni.usd.libs-1.0.1+5941509b.lx64.r.cp312)
[ext: omni.physx.foundation-108.0.4] deps:
 -> 'omni.gpu_foundation' = { version='^' } selected: [omni.gpu_foundation-0.0.0] Available versions:
	 - [omni.gpu_foundation-0.0.0+5941509b.lx64.r.cp312] (/mnt/c/projects/kit-app-template/_build/linux-x86_64/release/extscache/omni.gpu_foundation-0.0.0+5941509b.lx64.r.cp312)
[ext: omni.kit.window.extensions-1.5.2] deps:
 -> 'omni.client' = { version='^' } selected: [omni.client-1.3.0] Available versions:
	 - [omni.client-1.3.0+5941509b.lx64.r] (/mnt/c/projects/kit-app-template/_build/linux-x86_64/release/extscache/omni.client-1.3.0+5941509b.lx64.r)
 -> 'omni.kit.async_engine' = { version='^' } selected: [omni.kit.async_engine-0.0.3] Available versions:
	 - [omni.kit.async_engine-0.0.3] (/home/kamran/.cache/packman/chk/kit-kernel/108.0.0+feature.221586.5941509b.gl.manylinux_2_35_x86_64.release+c3/extscore/omni.kit.async_engine)
 -> 'omni.kit.clipboard' = { version='^' } selected: [omni.kit.clipboard-1.1.0] Available versions:
	 - [omni.kit.clipboard-1.1.0+5941509b.lx64.r.cp312] (/mnt/c/projects/kit-app-template/_build/linux-x86_64/release/extscache/omni.kit.clipboard-1.1.0+5941509b.lx64.r.cp312)
 -> 'omni.kit.commands' = { version='^' } selected: [omni.kit.commands-1.4.10] Available versions:
	 - [omni.kit.commands-1.4.10+5941509b.lx64.r.cp312] (/mnt/c/projects/kit-app-template/_build/linux-x86_64/release/extscache/omni.kit.commands-1.4.10+5941509b.lx64.r.cp312)
 -> 'omni.kit.menu.utils' = { version='^' } selected: [omni.kit.menu.utils-2.1.0] Available versions:
	 - [omni.kit.menu.utils-2.1.0+5941509b] (/mnt/c/projects/kit-app-template/_build/linux-x86_64/release/extscache/omni.kit.menu.utils-2.1.0+5941509b)
 -> 'omni.kit.pipapi' = { version='^' } selected: [omni.kit.pipapi-0.0.0] Available versions:
	 - [omni.kit.pipapi-0.0.0+5941509b] (/mnt/c/projects/kit-app-template/_build/linux-x86_64/release/extscache/omni.kit.pipapi-0.0.0+5941509b)
 -> 'omni.kit.widget.filter' = { version='^' } selected: [omni.kit.widget.filter-1.1.4] Available versions:
	 - [omni.kit.widget.filter-1.1.4+5941509b] (/mnt/c/projects/kit-app-template/_build/linux-x86_64/release/extscache/omni.kit.widget.filter-1.1.4+5941509b)
 -> 'omni.kit.widget.searchfield' = { version='^' } selected: [omni.kit.widget.searchfield-1.1.8] Available versions:
	 - [omni.kit.widget.searchfield-1.1.8+5941509b] (/mnt/c/projects/kit-app-template/_build/linux-x86_64/release/extscache/omni.kit.widget.searchfield-1.1.8+5941509b)
 -> 'omni.kit.widget.text_editor' = { version='^' optional=true  } selected: [omni.kit.widget.text_editor-1.1.1] Available versions:
	 - [omni.kit.widget.text_editor-1.1.1+5941509b.lx64.r.cp312] (/mnt/c/projects/kit-app-template/_build/linux-x86_64/release/extscache/omni.kit.widget.text_editor-1.1.1+5941509b.lx64.r.cp312)
 -> 'omni.ui' = { version='^' } selected: [omni.ui-2.27.2] Available versions:
	 - [omni.ui-2.27.2+5941509b.lx64.r.cp312] (/mnt/c/projects/kit-app-template/_build/linux-x86_64/release/extscache/omni.ui-2.27.2+5941509b.lx64.r.cp312)
[ext: omni.kit.window.script_editor-2.0.3] deps:
 -> 'omni.kit.actions.core' = { version='^' } selected: [omni.kit.actions.core-1.0.0] Available versions:
	 - [omni.kit.actions.core-1.0.0+5941509b.lx64.r.cp312] (/mnt/c/projects/kit-app-template/_build/linux-x86_64/release/extscache/omni.kit.actions.core-1.0.0+5941509b.lx64.r.cp312)
 -> 'omni.kit.hotkeys.core' = { version='^' } selected: [omni.kit.hotkeys.core-1.3.10] Available versions:
	 - [omni.kit.hotkeys.core-1.3.10+5941509b] (/mnt/c/projects/kit-app-template/_build/linux-x86_64/release/extscache/omni.kit.hotkeys.core-1.3.10+5941509b)
 -> 'omni.kit.menu.utils' = { version='^' } selected: [omni.kit.menu.utils-2.1.0] Available versions:
	 - [omni.kit.menu.utils-2.1.0+5941509b] (/mnt/c/projects/kit-app-template/_build/linux-x86_64/release/extscache/omni.kit.menu.utils-2.1.0+5941509b)
 -> 'omni.kit.widget.context_menu' = { version='^' } selected: [omni.kit.widget.context_menu-1.2.5] Available versions:
	 - [omni.kit.widget.context_menu-1.2.5+5941509b] (/mnt/c/projects/kit-app-template/_build/linux-x86_64/release/extscache/omni.kit.widget.context_menu-1.2.5+5941509b)
 -> 'omni.kit.widget.text_editor' = { version='^' } selected: [omni.kit.widget.text_editor-1.1.1] Available versions:
	 - [omni.kit.widget.text_editor-1.1.1+5941509b.lx64.r.cp312] (/mnt/c/projects/kit-app-template/_build/linux-x86_64/release/extscache/omni.kit.widget.text_editor-1.1.1+5941509b.lx64.r.cp312)
 -> 'omni.kit.window.file_exporter' = { version='^' } selected: [omni.kit.window.file_exporter-1.0.35] Available versions:
	 - [omni.kit.window.file_exporter-1.0.35+5941509b] (/mnt/c/projects/kit-app-template/_build/linux-x86_64/release/extscache/omni.kit.window.file_exporter-1.0.35+5941509b)
 -> 'omni.kit.window.file_importer' = { version='^' } selected: [omni.kit.window.file_importer-1.1.18] Available versions:
	 - [omni.kit.window.file_importer-1.1.18+5941509b] (/mnt/c/projects/kit-app-template/_build/linux-x86_64/release/extscache/omni.kit.window.file_importer-1.1.18+5941509b)
 -> 'omni.kit.window.popup_dialog' = { version='^' } selected: [omni.kit.window.popup_dialog-2.0.24] Available versions:
	 - [omni.kit.window.popup_dialog-2.0.24+5941509b] (/mnt/c/projects/kit-app-template/_build/linux-x86_64/release/extscache/omni.kit.window.popup_dialog-2.0.24+5941509b)
 -> 'omni.ui' = { version='^' } selected: [omni.ui-2.27.2] Available versions:
	 - [omni.ui-2.27.2+5941509b.lx64.r.cp312] (/mnt/c/projects/kit-app-template/_build/linux-x86_64/release/extscache/omni.ui-2.27.2+5941509b.lx64.r.cp312)
[ext: omni.activity.pump-1.0.1] deps:
 -> 'omni.activity.core' = { version='^' } selected: [omni.activity.core-1.0.3] Available versions:
	 - [omni.activity.core-1.0.3+5941509b.lx64.r.cp312] (/mnt/c/projects/kit-app-template/_build/linux-x86_64/release/extscache/omni.activity.core-1.0.3+5941509b.lx64.r.cp312)
[ext: omni.kit.window.commands-0.2.9] deps:
 -> 'omni.kit.clipboard' = { version='^' } selected: [omni.kit.clipboard-1.1.0] Available versions:
	 - [omni.kit.clipboard-1.1.0+5941509b.lx64.r.cp312] (/mnt/c/projects/kit-app-template/_build/linux-x86_64/release/extscache/omni.kit.clipboard-1.1.0+5941509b.lx64.r.cp312)
 -> 'omni.kit.commands' = { version='^' } selected: [omni.kit.commands-1.4.10] Available versions:
	 - [omni.kit.commands-1.4.10+5941509b.lx64.r.cp312] (/mnt/c/projects/kit-app-template/_build/linux-x86_64/release/extscache/omni.kit.commands-1.4.10+5941509b.lx64.r.cp312)
 -> 'omni.kit.menu.utils' = { version='^' } selected: [omni.kit.menu.utils-2.1.0] Available versions:
	 - [omni.kit.menu.utils-2.1.0+5941509b] (/mnt/c/projects/kit-app-template/_build/linux-x86_64/release/extscache/omni.kit.menu.utils-2.1.0+5941509b)
 -> 'omni.kit.pip_archive' = { version='^' } selected: [omni.kit.pip_archive-0.0.0] Available versions:
	 - [omni.kit.pip_archive-0.0.0+5941509b.lx64.cp312] (registry)
 -> 'omni.ui' = { version='^' } selected: [omni.ui-2.27.2] Available versions:
	 - [omni.ui-2.27.2+5941509b.lx64.r.cp312] (/mnt/c/projects/kit-app-template/_build/linux-x86_64/release/extscache/omni.ui-2.27.2+5941509b.lx64.r.cp312)
[ext: omni.kit.debug.vscode-0.1.6] deps:
 -> 'omni.kit.commands' = { version='^' } selected: [omni.kit.commands-1.4.10] Available versions:
	 - [omni.kit.commands-1.4.10+5941509b.lx64.r.cp312] (/mnt/c/projects/kit-app-template/_build/linux-x86_64/release/extscache/omni.kit.commands-1.4.10+5941509b.lx64.r.cp312)
 -> 'omni.kit.debug.python' = { version='^' } selected: [omni.kit.debug.python-1.0.1] Available versions:
	 - [omni.kit.debug.python-1.0.1+5941509b.lx64.r.cp312] (/mnt/c/projects/kit-app-template/_build/linux-x86_64/release/extscache/omni.kit.debug.python-1.0.1+5941509b.lx64.r.cp312)
 -> 'omni.kit.menu.utils' = { version='^' } selected: [omni.kit.menu.utils-2.1.0] Available versions:
	 - [omni.kit.menu.utils-2.1.0+5941509b] (/mnt/c/projects/kit-app-template/_build/linux-x86_64/release/extscache/omni.kit.menu.utils-2.1.0+5941509b)
 -> 'omni.ui' = { version='^' } selected: [omni.ui-2.27.2] Available versions:
	 - [omni.ui-2.27.2+5941509b.lx64.r.cp312] (/mnt/c/projects/kit-app-template/_build/linux-x86_64/release/extscache/omni.ui-2.27.2+5941509b.lx64.r.cp312)
[ext: omni.kit.debug.settings-1.0.2] deps:
 -> 'omni.kit.commands' = { version='^' } selected: [omni.kit.commands-1.4.10] Available versions:
	 - [omni.kit.commands-1.4.10+5941509b.lx64.r.cp312] (/mnt/c/projects/kit-app-template/_build/linux-x86_64/release/extscache/omni.kit.commands-1.4.10+5941509b.lx64.r.cp312)
 -> 'omni.kit.widget.searchfield' = { version='^' } selected: [omni.kit.widget.searchfield-1.1.8] Available versions:
	 - [omni.kit.widget.searchfield-1.1.8+5941509b] (/mnt/c/projects/kit-app-template/_build/linux-x86_64/release/extscache/omni.kit.widget.searchfield-1.1.8+5941509b)
 -> 'omni.kit.widget.settings' = { version='^' } selected: [omni.kit.widget.settings-1.2.3] Available versions:
	 - [omni.kit.widget.settings-1.2.3+5941509b] (/mnt/c/projects/kit-app-template/_build/linux-x86_64/release/extscache/omni.kit.widget.settings-1.2.3+5941509b)
 -> 'omni.ui' = { version='^' } selected: [omni.ui-2.27.2] Available versions:
	 - [omni.ui-2.27.2+5941509b.lx64.r.cp312] (/mnt/c/projects/kit-app-template/_build/linux-x86_64/release/extscache/omni.ui-2.27.2+5941509b.lx64.r.cp312)
[ext: omni.localcache-108.0.4] deps:
 -> 'omni.kvdb' = { version='=108.0.4' } selected: [omni.kvdb-108.0.4] Available versions:
	 - [omni.kvdb-108.0.4+108.0.0.lx64.r.cp312.u81f] (/mnt/c/projects/kit-app-template/_build/linux-x86_64/release/extscache/omni.kvdb-108.0.4+108.0.0.lx64.r.cp312.u81f)
[ext: omni.convexdecomposition-108.0.4] deps:
 -> 'omni.usd.schema.physx' = { version='=108.0.4' } selected: [omni.usd.schema.physx-108.0.4] Available versions:
	 - [omni.usd.schema.physx-108.0.4+108.0.0.lx64.r.cp312.u81f] (/mnt/c/projects/kit-app-template/_build/linux-x86_64/release/extscache/omni.usd.schema.physx-108.0.4+108.0.0.lx64.r.cp312.u81f)
 -> 'omni.assets.plugins' = { version='^' } selected: [omni.assets.plugins-0.0.0] Available versions:
	 - [omni.assets.plugins-0.0.0+5941509b.lx64.r] (/mnt/c/projects/kit-app-template/_build/linux-x86_64/release/extscache/omni.assets.plugins-0.0.0+5941509b.lx64.r)
 -> 'omni.kit.commands' = { version='^' optional=true  } selected: [omni.kit.commands-1.4.10] Available versions:
	 - [omni.kit.commands-1.4.10+5941509b.lx64.r.cp312] (/mnt/c/projects/kit-app-template/_build/linux-x86_64/release/extscache/omni.kit.commands-1.4.10+5941509b.lx64.r.cp312)
 -> 'omni.usd.libs' = { version='^' } selected: [omni.usd.libs-1.0.1] Available versions:
	 - [omni.usd.libs-1.0.1+5941509b.lx64.r.cp312] (/mnt/c/projects/kit-app-template/_build/linux-x86_64/release/extscache/omni.usd.libs-1.0.1+5941509b.lx64.r.cp312)
[ext: omni.kit.viewport.menubar.render-107.0.10] deps:
 -> 'omni.kit.hotkeys.core' = { version='^' optional=true  } selected: [omni.kit.hotkeys.core-1.3.10] Available versions:
	 - [omni.kit.hotkeys.core-1.3.10+5941509b] (/mnt/c/projects/kit-app-template/_build/linux-x86_64/release/extscache/omni.kit.hotkeys.core-1.3.10+5941509b)
 -> 'omni.kit.viewport.menubar.core' = { version='^' } selected: [omni.kit.viewport.menubar.core-107.2.1] Available versions:
	 - [omni.kit.viewport.menubar.core-107.2.1+5941509b] (/mnt/c/projects/kit-app-template/_build/linux-x86_64/release/extscache/omni.kit.viewport.menubar.core-107.2.1+5941509b)
 -> 'omni.kit.window.preferences' = { version='^' optional=true  } selected: [omni.kit.window.preferences-1.8.0] Available versions:
	 - [omni.kit.window.preferences-1.8.0+5941509b] (/mnt/c/projects/kit-app-template/_build/linux-x86_64/release/extscache/omni.kit.window.preferences-1.8.0+5941509b)
[ext: omni.kit.debug.python-1.0.1] deps:
 -> 'omni.kit.pip_archive' = { version='^' } selected: [omni.kit.pip_archive-0.0.0] Available versions:
	 - [omni.kit.pip_archive-0.0.0+5941509b.lx64.cp312] (registry)
[ext: omni.kit.viewport.menubar.lighting-107.3.1] deps:
 -> 'omni.activity.core' = { version='^' optional=true  } selected: [omni.activity.core-1.0.3] Available versions:
	 - [omni.activity.core-1.0.3+5941509b.lx64.r.cp312] (/mnt/c/projects/kit-app-template/_build/linux-x86_64/release/extscache/omni.activity.core-1.0.3+5941509b.lx64.r.cp312)
 -> 'omni.kit.actions.core' = { version='^' optional=true  } selected: [omni.kit.actions.core-1.0.0] Available versions:
	 - [omni.kit.actions.core-1.0.0+5941509b.lx64.r.cp312] (/mnt/c/projects/kit-app-template/_build/linux-x86_64/release/extscache/omni.kit.actions.core-1.0.0+5941509b.lx64.r.cp312)
 -> 'omni.kit.commands' = { version='^' } selected: [omni.kit.commands-1.4.10] Available versions:
	 - [omni.kit.commands-1.4.10+5941509b.lx64.r.cp312] (/mnt/c/projects/kit-app-template/_build/linux-x86_64/release/extscache/omni.kit.commands-1.4.10+5941509b.lx64.r.cp312)
 -> 'omni.kit.notification_manager' = { version='^' optional=true  } selected: [omni.kit.notification_manager-1.0.10] Available versions:
	 - [omni.kit.notification_manager-1.0.10+5941509b] (/mnt/c/projects/kit-app-template/_build/linux-x86_64/release/extscache/omni.kit.notification_manager-1.0.10+5941509b)
 -> 'omni.kit.viewport.menubar.core' = { version='^' } selected: [omni.kit.viewport.menubar.core-107.2.1] Available versions:
	 - [omni.kit.viewport.menubar.core-107.2.1+5941509b] (/mnt/c/projects/kit-app-template/_build/linux-x86_64/release/extscache/omni.kit.viewport.menubar.core-107.2.1+5941509b)
 -> 'omni.kit.viewport.utility' = { version='^' optional=true  } selected: [omni.kit.viewport.utility-1.2.2] Available versions:
	 - [omni.kit.viewport.utility-1.2.2+5941509b] (/mnt/c/projects/kit-app-template/_build/linux-x86_64/release/extscache/omni.kit.viewport.utility-1.2.2+5941509b)
 -> 'omni.usd' = { version='^' } selected: [omni.usd-1.13.13] Available versions:
	 - [omni.usd-1.13.13+5941509b.lx64.r.cp312] (/mnt/c/projects/kit-app-template/_build/linux-x86_64/release/extscache/omni.usd-1.13.13+5941509b.lx64.r.cp312)
[ext: omni.kvdb-108.0.4] no deps
[ext: omni.kit.menu.edit-2.0.6] deps:
 -> 'omni.kit.actions.core' = { version='^' } selected: [omni.kit.actions.core-1.0.0] Available versions:
	 - [omni.kit.actions.core-1.0.0+5941509b.lx64.r.cp312] (/mnt/c/projects/kit-app-template/_build/linux-x86_64/release/extscache/omni.kit.actions.core-1.0.0+5941509b.lx64.r.cp312)
 -> 'omni.kit.menu.utils' = { version='^' } selected: [omni.kit.menu.utils-2.1.0] Available versions:
	 - [omni.kit.menu.utils-2.1.0+5941509b] (/mnt/c/projects/kit-app-template/_build/linux-x86_64/release/extscache/omni.kit.menu.utils-2.1.0+5941509b)
 -> 'omni.kit.notification_manager' = { version='^' } selected: [omni.kit.notification_manager-1.0.10] Available versions:
	 - [omni.kit.notification_manager-1.0.10+5941509b] (/mnt/c/projects/kit-app-template/_build/linux-x86_64/release/extscache/omni.kit.notification_manager-1.0.10+5941509b)
 -> 'omni.kit.selection' = { version='^' } selected: [omni.kit.selection-0.1.6] Available versions:
	 - [omni.kit.selection-0.1.6+5941509b] (/mnt/c/projects/kit-app-template/_build/linux-x86_64/release/extscache/omni.kit.selection-0.1.6+5941509b)
 -> 'omni.kit.usd.layers' = { version='^' } selected: [omni.kit.usd.layers-2.3.2] Available versions:
	 - [omni.kit.usd.layers-2.3.2+5941509b.lx64.r.cp312] (/mnt/c/projects/kit-app-template/_build/linux-x86_64/release/extscache/omni.kit.usd.layers-2.3.2+5941509b.lx64.r.cp312)
 -> 'omni.kit.viewport.utility' = { version='^' } selected: [omni.kit.viewport.utility-1.2.2] Available versions:
	 - [omni.kit.viewport.utility-1.2.2+5941509b] (/mnt/c/projects/kit-app-template/_build/linux-x86_64/release/extscache/omni.kit.viewport.utility-1.2.2+5941509b)
 -> 'omni.usd' = { version='^' } selected: [omni.usd-1.13.13] Available versions:
	 - [omni.usd-1.13.13+5941509b.lx64.r.cp312] (/mnt/c/projects/kit-app-template/_build/linux-x86_64/release/extscache/omni.usd-1.13.13+5941509b.lx64.r.cp312)
[ext: omni.kit.viewport.menubar.camera-107.0.7] deps:
 -> 'omni.kit.commands' = { version='^' } selected: [omni.kit.commands-1.4.10] Available versions:
	 - [omni.kit.commands-1.4.10+5941509b.lx64.r.cp312] (/mnt/c/projects/kit-app-template/_build/linux-x86_64/release/extscache/omni.kit.commands-1.4.10+5941509b.lx64.r.cp312)
 -> 'omni.kit.hotkeys.core' = { version='^' optional=true  } selected: [omni.kit.hotkeys.core-1.3.10] Available versions:
	 - [omni.kit.hotkeys.core-1.3.10+5941509b] (/mnt/c/projects/kit-app-template/_build/linux-x86_64/release/extscache/omni.kit.hotkeys.core-1.3.10+5941509b)
 -> 'omni.kit.viewport.menubar.core' = { version='^' } selected: [omni.kit.viewport.menubar.core-107.2.1] Available versions:
	 - [omni.kit.viewport.menubar.core-107.2.1+5941509b] (/mnt/c/projects/kit-app-template/_build/linux-x86_64/release/extscache/omni.kit.viewport.menubar.core-107.2.1+5941509b)
 -> 'omni.ui.scene' = { version='^' } selected: [omni.ui.scene-1.11.4] Available versions:
	 - [omni.ui.scene-1.11.4+5941509b.lx64.r.cp312] (/mnt/c/projects/kit-app-template/_build/linux-x86_64/release/extscache/omni.ui.scene-1.11.4+5941509b.lx64.r.cp312)
[ext: omni.kit.tool.collect-2.2.18] deps:
 -> 'omni.client' = { version='^' } selected: [omni.client-1.3.0] Available versions:
	 - [omni.client-1.3.0+5941509b.lx64.r] (/mnt/c/projects/kit-app-template/_build/linux-x86_64/release/extscache/omni.client-1.3.0+5941509b.lx64.r)
 -> 'omni.kit.menu.utils' = { version='^' } selected: [omni.kit.menu.utils-2.1.0] Available versions:
	 - [omni.kit.menu.utils-2.1.0+5941509b] (/mnt/c/projects/kit-app-template/_build/linux-x86_64/release/extscache/omni.kit.menu.utils-2.1.0+5941509b)
 -> 'omni.kit.notification_manager' = { version='^' } selected: [omni.kit.notification_manager-1.0.10] Available versions:
	 - [omni.kit.notification_manager-1.0.10+5941509b] (/mnt/c/projects/kit-app-template/_build/linux-x86_64/release/extscache/omni.kit.notification_manager-1.0.10+5941509b)
 -> 'omni.kit.pip_archive' = { version='^' } selected: [omni.kit.pip_archive-0.0.0] Available versions:
	 - [omni.kit.pip_archive-0.0.0+5941509b.lx64.cp312] (registry)
 -> 'omni.kit.usd.collect' = { version='^' } selected: [omni.kit.usd.collect-2.4.6] Available versions:
	 - [omni.kit.usd.collect-2.4.6+5941509b] (/mnt/c/projects/kit-app-template/_build/linux-x86_64/release/extscache/omni.kit.usd.collect-2.4.6+5941509b)
 -> 'omni.kit.widget.prompt' = { version='^' } selected: [omni.kit.widget.prompt-1.0.7] Available versions:
	 - [omni.kit.widget.prompt-1.0.7+5941509b] (/mnt/c/projects/kit-app-template/_build/linux-x86_64/release/extscache/omni.kit.widget.prompt-1.0.7+5941509b)
 -> 'omni.kit.window.content_browser' = { version='^' optional=true  } selected: [omni.kit.window.content_browser-3.1.4] Available versions:
	 - [omni.kit.window.content_browser-3.1.4+5941509b] (/mnt/c/projects/kit-app-template/_build/linux-x86_64/release/extscache/omni.kit.window.content_browser-3.1.4+5941509b)
 -> 'omni.kit.window.file_exporter' = { version='^' } selected: [omni.kit.window.file_exporter-1.0.35] Available versions:
	 - [omni.kit.window.file_exporter-1.0.35+5941509b] (/mnt/c/projects/kit-app-template/_build/linux-x86_64/release/extscache/omni.kit.window.file_exporter-1.0.35+5941509b)
 -> 'omni.ui' = { version='^' } selected: [omni.ui-2.27.2] Available versions:
	 - [omni.ui-2.27.2+5941509b.lx64.r.cp312] (/mnt/c/projects/kit-app-template/_build/linux-x86_64/release/extscache/omni.ui-2.27.2+5941509b.lx64.r.cp312)
 -> 'omni.usd' = { version='^' } selected: [omni.usd-1.13.13] Available versions:
	 - [omni.usd-1.13.13+5941509b.lx64.r.cp312] (/mnt/c/projects/kit-app-template/_build/linux-x86_64/release/extscache/omni.usd-1.13.13+5941509b.lx64.r.cp312)
[ext: omni.kit.selection-0.1.6] deps:
 -> 'omni.kit.commands' = { version='^' } selected: [omni.kit.commands-1.4.10] Available versions:
	 - [omni.kit.commands-1.4.10+5941509b.lx64.r.cp312] (/mnt/c/projects/kit-app-template/_build/linux-x86_64/release/extscache/omni.kit.commands-1.4.10+5941509b.lx64.r.cp312)
 -> 'omni.usd' = { version='^' } selected: [omni.usd-1.13.13] Available versions:
	 - [omni.usd-1.13.13+5941509b.lx64.r.cp312] (/mnt/c/projects/kit-app-template/_build/linux-x86_64/release/extscache/omni.usd-1.13.13+5941509b.lx64.r.cp312)
[ext: omni.kit.viewport.menubar.core-107.2.1] deps:
 -> 'omni.kit.viewport.registry' = { version='^' } selected: [omni.kit.viewport.registry-104.0.6] Available versions:
	 - [omni.kit.viewport.registry-104.0.6+5941509b] (/mnt/c/projects/kit-app-template/_build/linux-x86_64/release/extscache/omni.kit.viewport.registry-104.0.6+5941509b)
 -> 'omni.kit.widget.settings' = { version='^' } selected: [omni.kit.widget.settings-1.2.3] Available versions:
	 - [omni.kit.widget.settings-1.2.3+5941509b] (/mnt/c/projects/kit-app-template/_build/linux-x86_64/release/extscache/omni.kit.widget.settings-1.2.3+5941509b)
 -> 'omni.kit.window.preferences' = { version='^' } selected: [omni.kit.window.preferences-1.8.0] Available versions:
	 - [omni.kit.window.preferences-1.8.0+5941509b] (/mnt/c/projects/kit-app-template/_build/linux-x86_64/release/extscache/omni.kit.window.preferences-1.8.0+5941509b)
 -> 'omni.ui' = { version='^' } selected: [omni.ui-2.27.2] Available versions:
	 - [omni.ui-2.27.2+5941509b.lx64.r.cp312] (/mnt/c/projects/kit-app-template/_build/linux-x86_64/release/extscache/omni.ui-2.27.2+5941509b.lx64.r.cp312)
 -> 'omni.usd' = { version='^' } selected: [omni.usd-1.13.13] Available versions:
	 - [omni.usd-1.13.13+5941509b.lx64.r.cp312] (/mnt/c/projects/kit-app-template/_build/linux-x86_64/release/extscache/omni.usd-1.13.13+5941509b.lx64.r.cp312)
[ext: omni.kit.tool.asset_importer-5.0.4] deps:
 -> 'omni.kit.asset_converter' = { version='^5.0.9' } selected: [omni.kit.asset_converter-5.0.12] Available versions:
	 - [omni.kit.asset_converter-5.0.12+108.0.0.lx64.r.cp312.u81f] (/mnt/c/projects/kit-app-template/_build/linux-x86_64/release/extscache/omni.kit.asset_converter-5.0.12+108.0.0.lx64.r.cp312.u81f)
	 - [omni.kit.asset_converter-5.0.10+108.0.0.lx64.r.cp312.u81f] (registry)
 -> 'omni.client' = { version='^' } selected: [omni.client-1.3.0] Available versions:
	 - [omni.client-1.3.0+5941509b.lx64.r] (/mnt/c/projects/kit-app-template/_build/linux-x86_64/release/extscache/omni.client-1.3.0+5941509b.lx64.r)
 -> 'omni.kit.actions.core' = { version='^' } selected: [omni.kit.actions.core-1.0.0] Available versions:
	 - [omni.kit.actions.core-1.0.0+5941509b.lx64.r.cp312] (/mnt/c/projects/kit-app-template/_build/linux-x86_64/release/extscache/omni.kit.actions.core-1.0.0+5941509b.lx64.r.cp312)
 -> 'omni.kit.menu.utils' = { version='^' } selected: [omni.kit.menu.utils-2.1.0] Available versions:
	 - [omni.kit.menu.utils-2.1.0+5941509b] (/mnt/c/projects/kit-app-template/_build/linux-x86_64/release/extscache/omni.kit.menu.utils-2.1.0+5941509b)
 -> 'omni.kit.notification_manager' = { version='^' } selected: [omni.kit.notification_manager-1.0.10] Available versions:
	 - [omni.kit.notification_manager-1.0.10+5941509b] (/mnt/c/projects/kit-app-template/_build/linux-x86_64/release/extscache/omni.kit.notification_manager-1.0.10+5941509b)
 -> 'omni.kit.usd.layers' = { version='^' } selected: [omni.kit.usd.layers-2.3.2] Available versions:
	 - [omni.kit.usd.layers-2.3.2+5941509b.lx64.r.cp312] (/mnt/c/projects/kit-app-template/_build/linux-x86_64/release/extscache/omni.kit.usd.layers-2.3.2+5941509b.lx64.r.cp312)
 -> 'omni.kit.usdz_export' = { version='^' } selected: [omni.kit.usdz_export-1.0.10] Available versions:
	 - [omni.kit.usdz_export-1.0.10+5941509b] (/mnt/c/projects/kit-app-template/_build/linux-x86_64/release/extscache/omni.kit.usdz_export-1.0.10+5941509b)
 -> 'omni.kit.widget.prompt' = { version='^' } selected: [omni.kit.widget.prompt-1.0.7] Available versions:
	 - [omni.kit.widget.prompt-1.0.7+5941509b] (/mnt/c/projects/kit-app-template/_build/linux-x86_64/release/extscache/omni.kit.widget.prompt-1.0.7+5941509b)
 -> 'omni.kit.window.content_browser' = { version='^' } selected: [omni.kit.window.content_browser-3.1.4] Available versions:
	 - [omni.kit.window.content_browser-3.1.4+5941509b] (/mnt/c/projects/kit-app-template/_build/linux-x86_64/release/extscache/omni.kit.window.content_browser-3.1.4+5941509b)
 -> 'omni.kit.window.file' = { version='^' } selected: [omni.kit.window.file-2.0.7] Available versions:
	 - [omni.kit.window.file-2.0.7+5941509b] (/mnt/c/projects/kit-app-template/_build/linux-x86_64/release/extscache/omni.kit.window.file-2.0.7+5941509b)
 -> 'omni.ui' = { version='^' } selected: [omni.ui-2.27.2] Available versions:
	 - [omni.ui-2.27.2+5941509b.lx64.r.cp312] (/mnt/c/projects/kit-app-template/_build/linux-x86_64/release/extscache/omni.ui-2.27.2+5941509b.lx64.r.cp312)
 -> 'omni.usd' = { version='^' } selected: [omni.usd-1.13.13] Available versions:
	 - [omni.usd-1.13.13+5941509b.lx64.r.cp312] (/mnt/c/projects/kit-app-template/_build/linux-x86_64/release/extscache/omni.usd-1.13.13+5941509b.lx64.r.cp312)
[ext: omni.anim.curve.core-1.4.2] deps:
 -> 'omni.graph' = { version='^' } selected: [omni.graph-1.141.2] Available versions:
	 - [omni.graph-1.141.2+5941509b.lx64.r.cp312] (/mnt/c/projects/kit-app-template/_build/linux-x86_64/release/extscache/omni.graph-1.141.2+5941509b.lx64.r.cp312)
 -> 'omni.kit.commands' = { version='^' } selected: [omni.kit.commands-1.4.10] Available versions:
	 - [omni.kit.commands-1.4.10+5941509b.lx64.r.cp312] (/mnt/c/projects/kit-app-template/_build/linux-x86_64/release/extscache/omni.kit.commands-1.4.10+5941509b.lx64.r.cp312)
 -> 'omni.kit.notification_manager' = { version='^' } selected: [omni.kit.notification_manager-1.0.10] Available versions:
	 - [omni.kit.notification_manager-1.0.10+5941509b] (/mnt/c/projects/kit-app-template/_build/linux-x86_64/release/extscache/omni.kit.notification_manager-1.0.10+5941509b)
 -> 'omni.kit.usd_undo' = { version='^' } selected: [omni.kit.usd_undo-0.1.8] Available versions:
	 - [omni.kit.usd_undo-0.1.8+5941509b] (/mnt/c/projects/kit-app-template/_build/linux-x86_64/release/extscache/omni.kit.usd_undo-0.1.8+5941509b)
 -> 'omni.timeline' = { version='^' } selected: [omni.timeline-1.1.0] Available versions:
	 - [omni.timeline-1.1.0+5941509b.lx64.r.cp312] (/mnt/c/projects/kit-app-template/_build/linux-x86_64/release/extscache/omni.timeline-1.1.0+5941509b.lx64.r.cp312)
 -> 'omni.usd' = { version='^' } selected: [omni.usd-1.13.13] Available versions:
	 - [omni.usd-1.13.13+5941509b.lx64.r.cp312] (/mnt/c/projects/kit-app-template/_build/linux-x86_64/release/extscache/omni.usd-1.13.13+5941509b.lx64.r.cp312)
 -> 'omni.usd.schema.anim' = { version='^' } selected: [omni.usd.schema.anim-0.0.0] Available versions:
	 - [omni.usd.schema.anim-0.0.0+5941509b.lx64.r.cp312] (/mnt/c/projects/kit-app-template/_build/linux-x86_64/release/extscache/omni.usd.schema.anim-0.0.0+5941509b.lx64.r.cp312)
[ext: omni.kit.usdz_export-1.0.10] deps:
 -> 'omni.kit.notification_manager' = { version='^' } selected: [omni.kit.notification_manager-1.0.10] Available versions:
	 - [omni.kit.notification_manager-1.0.10+5941509b] (/mnt/c/projects/kit-app-template/_build/linux-x86_64/release/extscache/omni.kit.notification_manager-1.0.10+5941509b)
 -> 'omni.kit.pip_archive' = { version='^' } selected: [omni.kit.pip_archive-0.0.0] Available versions:
	 - [omni.kit.pip_archive-0.0.0+5941509b.lx64.cp312] (registry)
 -> 'omni.kit.usd.collect' = { version='^' } selected: [omni.kit.usd.collect-2.4.6] Available versions:
	 - [omni.kit.usd.collect-2.4.6+5941509b] (/mnt/c/projects/kit-app-template/_build/linux-x86_64/release/extscache/omni.kit.usd.collect-2.4.6+5941509b)
 -> 'omni.kit.widget.prompt' = { version='^' } selected: [omni.kit.widget.prompt-1.0.7] Available versions:
	 - [omni.kit.widget.prompt-1.0.7+5941509b] (/mnt/c/projects/kit-app-template/_build/linux-x86_64/release/extscache/omni.kit.widget.prompt-1.0.7+5941509b)
 -> 'omni.kit.window.file_exporter' = { version='^' } selected: [omni.kit.window.file_exporter-1.0.35] Available versions:
	 - [omni.kit.window.file_exporter-1.0.35+5941509b] (/mnt/c/projects/kit-app-template/_build/linux-x86_64/release/extscache/omni.kit.window.file_exporter-1.0.35+5941509b)
 -> 'omni.ui' = { version='^' } selected: [omni.ui-2.27.2] Available versions:
	 - [omni.ui-2.27.2+5941509b.lx64.r.cp312] (/mnt/c/projects/kit-app-template/_build/linux-x86_64/release/extscache/omni.ui-2.27.2+5941509b.lx64.r.cp312)
 -> 'omni.usd' = { version='^' } selected: [omni.usd-1.13.13] Available versions:
	 - [omni.usd-1.13.13+5941509b.lx64.r.cp312] (/mnt/c/projects/kit-app-template/_build/linux-x86_64/release/extscache/omni.usd-1.13.13+5941509b.lx64.r.cp312)
 -> 'omni.usd.libs' = { version='^' } selected: [omni.usd.libs-1.0.1] Available versions:
	 - [omni.usd.libs-1.0.1+5941509b.lx64.r.cp312] (/mnt/c/projects/kit-app-template/_build/linux-x86_64/release/extscache/omni.usd.libs-1.0.1+5941509b.lx64.r.cp312)
[ext: omni.graph.action-1.140.0] deps:
 -> 'omni.graph.action_nodes' = { version='^' } selected: [omni.graph.action_nodes-1.61.0] Available versions:
	 - [omni.graph.action_nodes-1.61.0+108.0.0.lx64.r.cp312.u81f] (/mnt/c/projects/kit-app-template/_build/linux-x86_64/release/extscache/omni.graph.action_nodes-1.61.0+108.0.0.lx64.r.cp312.u81f)
[ext: omni.kit.usd.collect-2.4.6] deps:
 -> 'omni.client' = { version='^' } selected: [omni.client-1.3.0] Available versions:
	 - [omni.client-1.3.0+5941509b.lx64.r] (/mnt/c/projects/kit-app-template/_build/linux-x86_64/release/extscache/omni.client-1.3.0+5941509b.lx64.r)
 -> 'omni.mdl.neuraylib' = { version='^' } selected: [omni.mdl.neuraylib-0.2.15] Available versions:
	 - [omni.mdl.neuraylib-0.2.15+5941509b.lx64.r.cp312] (/mnt/c/projects/kit-app-template/_build/linux-x86_64/release/extscache/omni.mdl.neuraylib-0.2.15+5941509b.lx64.r.cp312)
 -> 'omni.usd' = { version='^' } selected: [omni.usd-1.13.13] Available versions:
	 - [omni.usd-1.13.13+5941509b.lx64.r.cp312] (/mnt/c/projects/kit-app-template/_build/linux-x86_64/release/extscache/omni.usd-1.13.13+5941509b.lx64.r.cp312)
[ext: omni.kit.widget.prompt-1.0.7] deps:
 -> 'omni.ui' = { version='^' } selected: [omni.ui-2.27.2] Available versions:
	 - [omni.ui-2.27.2+5941509b.lx64.r.cp312] (/mnt/c/projects/kit-app-template/_build/linux-x86_64/release/extscache/omni.ui-2.27.2+5941509b.lx64.r.cp312)
[ext: omni.graph.action_nodes-1.61.0] deps:
 -> 'omni.graph' = { version='^1.139.0' } selected: [omni.graph-1.141.2] Available versions:
	 - [omni.graph-1.141.2+5941509b.lx64.r.cp312] (/mnt/c/projects/kit-app-template/_build/linux-x86_64/release/extscache/omni.graph-1.141.2+5941509b.lx64.r.cp312)
 -> 'omni.graph.action_core' = { version='^1.1.0' } selected: [omni.graph.action_core-1.1.7] Available versions:
	 - [omni.graph.action_core-1.1.7+5941509b.lx64.r.cp312] (/mnt/c/projects/kit-app-template/_build/linux-x86_64/release/extscache/omni.graph.action_core-1.1.7+5941509b.lx64.r.cp312)
 -> 'omni.graph.core' = { version='^2.177.1' } selected: [omni.graph.core-2.184.7] Available versions:
	 - [omni.graph.core-2.184.7+5941509b.lx64.r] (/mnt/c/projects/kit-app-template/_build/linux-x86_64/release/extscache/omni.graph.core-2.184.7+5941509b.lx64.r)
 -> 'omni.graph.tools' = { version='^1.77.0' } selected: [omni.graph.tools-1.79.3] Available versions:
	 - [omni.graph.tools-1.79.3+5941509b] (/mnt/c/projects/kit-app-template/_build/linux-x86_64/release/extscache/omni.graph.tools-1.79.3+5941509b)
 -> 'omni.usd' = { version='^1.4.8' } selected: [omni.usd-1.13.13] Available versions:
	 - [omni.usd-1.13.13+5941509b.lx64.r.cp312] (/mnt/c/projects/kit-app-template/_build/linux-x86_64/release/extscache/omni.usd-1.13.13+5941509b.lx64.r.cp312)
 -> 'omni.graph.action_nodes_core' = { version='^' } selected: [omni.graph.action_nodes_core-1.10.0] Available versions:
	 - [omni.graph.action_nodes_core-1.10.0+108.0.0.lx64.r.cp312.u81f] (/mnt/c/projects/kit-app-template/_build/linux-x86_64/release/extscache/omni.graph.action_nodes_core-1.10.0+108.0.0.lx64.r.cp312.u81f)
 -> 'omni.kit.commands' = { version='^' } selected: [omni.kit.commands-1.4.10] Available versions:
	 - [omni.kit.commands-1.4.10+5941509b.lx64.r.cp312] (/mnt/c/projects/kit-app-template/_build/linux-x86_64/release/extscache/omni.kit.commands-1.4.10+5941509b.lx64.r.cp312)
 -> 'omni.kit.window.filepicker' = { version='^' optional=true  } selected: [omni.kit.window.filepicker-2.13.7] Available versions:
	 - [omni.kit.window.filepicker-2.13.7+5941509b] (/mnt/c/projects/kit-app-template/_build/linux-x86_64/release/extscache/omni.kit.window.filepicker-2.13.7+5941509b)
 -> 'omni.timeline' = { version='^' } selected: [omni.timeline-1.1.0] Available versions:
	 - [omni.timeline-1.1.0+5941509b.lx64.r.cp312] (/mnt/c/projects/kit-app-template/_build/linux-x86_64/release/extscache/omni.timeline-1.1.0+5941509b.lx64.r.cp312)
[ext: omni.kit.menu.create-2.0.1] deps:
 -> 'omni.kit.actions.core' = { version='^' } selected: [omni.kit.actions.core-1.0.0] Available versions:
	 - [omni.kit.actions.core-1.0.0+5941509b.lx64.r.cp312] (/mnt/c/projects/kit-app-template/_build/linux-x86_64/release/extscache/omni.kit.actions.core-1.0.0+5941509b.lx64.r.cp312)
 -> 'omni.kit.menu.utils' = { version='^' } selected: [omni.kit.menu.utils-2.1.0] Available versions:
	 - [omni.kit.menu.utils-2.1.0+5941509b] (/mnt/c/projects/kit-app-template/_build/linux-x86_64/release/extscache/omni.kit.menu.utils-2.1.0+5941509b)
 -> 'omni.kit.usd.layers' = { version='^' } selected: [omni.kit.usd.layers-2.3.2] Available versions:
	 - [omni.kit.usd.layers-2.3.2+5941509b.lx64.r.cp312] (/mnt/c/projects/kit-app-template/_build/linux-x86_64/release/extscache/omni.kit.usd.layers-2.3.2+5941509b.lx64.r.cp312)
 -> 'omni.kit.usd.mdl' = { version='^' } selected: [omni.kit.usd.mdl-1.1.5] Available versions:
	 - [omni.kit.usd.mdl-1.1.5+5941509b.lx64.r.cp312] (/mnt/c/projects/kit-app-template/_build/linux-x86_64/release/extscache/omni.kit.usd.mdl-1.1.5+5941509b.lx64.r.cp312)
 -> 'omni.usd' = { version='^' } selected: [omni.usd-1.13.13] Available versions:
	 - [omni.usd-1.13.13+5941509b.lx64.r.cp312] (/mnt/c/projects/kit-app-template/_build/linux-x86_64/release/extscache/omni.usd-1.13.13+5941509b.lx64.r.cp312)
 -> 'omni.usd.schema.audio' = { version='^' optional=true  } selected: [omni.usd.schema.audio-0.0.0] Available versions:
	 - [omni.usd.schema.audio-0.0.0+5941509b.lx64.r.cp312] (/mnt/c/projects/kit-app-template/_build/linux-x86_64/release/extscache/omni.usd.schema.audio-0.0.0+5941509b.lx64.r.cp312)
[ext: omni.graph.ui_nodes-1.60.2] deps:
 -> 'omni.graph' = { version='^1.139.0' } selected: [omni.graph-1.141.2] Available versions:
	 - [omni.graph-1.141.2+5941509b.lx64.r.cp312] (/mnt/c/projects/kit-app-template/_build/linux-x86_64/release/extscache/omni.graph-1.141.2+5941509b.lx64.r.cp312)
 -> 'omni.graph.core' = { version='^2.177.1' } selected: [omni.graph.core-2.184.7] Available versions:
	 - [omni.graph.core-2.184.7+5941509b.lx64.r] (/mnt/c/projects/kit-app-template/_build/linux-x86_64/release/extscache/omni.graph.core-2.184.7+5941509b.lx64.r)
 -> 'omni.graph.tools' = { version='^1.77.0' } selected: [omni.graph.tools-1.79.3] Available versions:
	 - [omni.graph.tools-1.79.3+5941509b] (/mnt/c/projects/kit-app-template/_build/linux-x86_64/release/extscache/omni.graph.tools-1.79.3+5941509b)
 -> 'omni.kit.commands' = { version='^' } selected: [omni.kit.commands-1.4.10] Available versions:
	 - [omni.kit.commands-1.4.10+5941509b.lx64.r.cp312] (/mnt/c/projects/kit-app-template/_build/linux-x86_64/release/extscache/omni.kit.commands-1.4.10+5941509b.lx64.r.cp312)
 -> 'omni.kit.viewport.utility' = { version='^' } selected: [omni.kit.viewport.utility-1.2.2] Available versions:
	 - [omni.kit.viewport.utility-1.2.2+5941509b] (/mnt/c/projects/kit-app-template/_build/linux-x86_64/release/extscache/omni.kit.viewport.utility-1.2.2+5941509b)
 -> 'omni.timeline' = { version='^' } selected: [omni.timeline-1.1.0] Available versions:
	 - [omni.timeline-1.1.0+5941509b.lx64.r.cp312] (/mnt/c/projects/kit-app-template/_build/linux-x86_64/release/extscache/omni.timeline-1.1.0+5941509b.lx64.r.cp312)
 -> 'omni.ui' = { version='^' } selected: [omni.ui-2.27.2] Available versions:
	 - [omni.ui-2.27.2+5941509b.lx64.r.cp312] (/mnt/c/projects/kit-app-template/_build/linux-x86_64/release/extscache/omni.ui-2.27.2+5941509b.lx64.r.cp312)
 -> 'omni.ui.scene' = { version='^' } selected: [omni.ui.scene-1.11.4] Available versions:
	 - [omni.ui.scene-1.11.4+5941509b.lx64.r.cp312] (/mnt/c/projects/kit-app-template/_build/linux-x86_64/release/extscache/omni.ui.scene-1.11.4+5941509b.lx64.r.cp312)
 -> 'omni.usd' = { version='^' } selected: [omni.usd-1.13.13] Available versions:
	 - [omni.usd-1.13.13+5941509b.lx64.r.cp312] (/mnt/c/projects/kit-app-template/_build/linux-x86_64/release/extscache/omni.usd-1.13.13+5941509b.lx64.r.cp312)
[ext: omni.graph.action_nodes_core-1.10.0] deps:
 -> 'omni.graph.action_core' = { version='^1.1.0' } selected: [omni.graph.action_core-1.1.7] Available versions:
	 - [omni.graph.action_core-1.1.7+5941509b.lx64.r.cp312] (/mnt/c/projects/kit-app-template/_build/linux-x86_64/release/extscache/omni.graph.action_core-1.1.7+5941509b.lx64.r.cp312)
 -> 'omni.graph' = { version='^1.139.0' optional=true  } selected: [omni.graph-1.141.2] Available versions:
	 - [omni.graph-1.141.2+5941509b.lx64.r.cp312] (/mnt/c/projects/kit-app-template/_build/linux-x86_64/release/extscache/omni.graph-1.141.2+5941509b.lx64.r.cp312)
 -> 'omni.graph.core' = { version='^' } selected: [omni.graph.core-2.184.7] Available versions:
	 - [omni.graph.core-2.184.7+5941509b.lx64.r] (/mnt/c/projects/kit-app-template/_build/linux-x86_64/release/extscache/omni.graph.core-2.184.7+5941509b.lx64.r)
 -> 'omni.kit.exec.core' = { version='^' } selected: [omni.kit.exec.core-0.13.4] Available versions:
	 - [omni.kit.exec.core-0.13.4+5941509b.lx64.r.cp312] (/mnt/c/projects/kit-app-template/_build/linux-x86_64/release/extscache/omni.kit.exec.core-0.13.4+5941509b.lx64.r.cp312)
[ext: omni.graph.scriptnode-1.60.0] deps:
 -> 'omni.graph' = { version='^1.139.0' } selected: [omni.graph-1.141.2] Available versions:
	 - [omni.graph-1.141.2+5941509b.lx64.r.cp312] (/mnt/c/projects/kit-app-template/_build/linux-x86_64/release/extscache/omni.graph-1.141.2+5941509b.lx64.r.cp312)
 -> 'omni.graph.core' = { version='^2.177.1' } selected: [omni.graph.core-2.184.7] Available versions:
	 - [omni.graph.core-2.184.7+5941509b.lx64.r] (/mnt/c/projects/kit-app-template/_build/linux-x86_64/release/extscache/omni.graph.core-2.184.7+5941509b.lx64.r)
 -> 'omni.graph.tools' = { version='^1.77.0' } selected: [omni.graph.tools-1.79.3] Available versions:
	 - [omni.graph.tools-1.79.3+5941509b] (/mnt/c/projects/kit-app-template/_build/linux-x86_64/release/extscache/omni.graph.tools-1.79.3+5941509b)
 -> 'omni.kit.property.usd' = { version='^' optional=true  } selected: [omni.kit.property.usd-4.6.0] Available versions:
	 - [omni.kit.property.usd-4.6.0+5941509b] (/mnt/c/projects/kit-app-template/_build/linux-x86_64/release/extscache/omni.kit.property.usd-4.6.0+5941509b)
 -> 'omni.kit.widget.searchfield' = { version='^' optional=true  } selected: [omni.kit.widget.searchfield-1.1.8] Available versions:
	 - [omni.kit.widget.searchfield-1.1.8+5941509b] (/mnt/c/projects/kit-app-template/_build/linux-x86_64/release/extscache/omni.kit.widget.searchfield-1.1.8+5941509b)
 -> 'omni.kit.widget.text_editor' = { version='^' optional=true  } selected: [omni.kit.widget.text_editor-1.1.1] Available versions:
	 - [omni.kit.widget.text_editor-1.1.1+5941509b.lx64.r.cp312] (/mnt/c/projects/kit-app-template/_build/linux-x86_64/release/extscache/omni.kit.widget.text_editor-1.1.1+5941509b.lx64.r.cp312)
 -> 'omni.kit.window.popup_dialog' = { version='^' optional=true  } selected: [omni.kit.window.popup_dialog-2.0.24] Available versions:
	 - [omni.kit.window.popup_dialog-2.0.24+5941509b] (/mnt/c/projects/kit-app-template/_build/linux-x86_64/release/extscache/omni.kit.window.popup_dialog-2.0.24+5941509b)
 -> 'omni.kit.window.property' = { version='^' optional=true  } selected: [omni.kit.window.property-1.14.1] Available versions:
	 - [omni.kit.window.property-1.14.1+5941509b] (/mnt/c/projects/kit-app-template/_build/linux-x86_64/release/extscache/omni.kit.window.property-1.14.1+5941509b)
[ext: omni.kit.manipulator.selection-106.0.1] deps:
 -> 'omni.ui' = { version='^' } selected: [omni.ui-2.27.2] Available versions:
	 - [omni.ui-2.27.2+5941509b.lx64.r.cp312] (/mnt/c/projects/kit-app-template/_build/linux-x86_64/release/extscache/omni.ui-2.27.2+5941509b.lx64.r.cp312)
 -> 'omni.ui.scene' = { version='^' } selected: [omni.ui.scene-1.11.4] Available versions:
	 - [omni.ui.scene-1.11.4+5941509b.lx64.r.cp312] (/mnt/c/projects/kit-app-template/_build/linux-x86_64/release/extscache/omni.ui.scene-1.11.4+5941509b.lx64.r.cp312)
 -> 'omni.usd.libs' = { version='^' } selected: [omni.usd.libs-1.0.1] Available versions:
	 - [omni.usd.libs-1.0.1+5941509b.lx64.r.cp312] (/mnt/c/projects/kit-app-template/_build/linux-x86_64/release/extscache/omni.usd.libs-1.0.1+5941509b.lx64.r.cp312)
[ext: omni.kit.manipulator.prim-107.0.1] deps:
 -> 'omni.kit.manipulator.prim.core' = { version='^' } selected: [omni.kit.manipulator.prim.core-107.0.8] Available versions:
	 - [omni.kit.manipulator.prim.core-107.0.8+5941509b] (/mnt/c/projects/kit-app-template/_build/linux-x86_64/release/extscache/omni.kit.manipulator.prim.core-107.0.8+5941509b)
 -> 'omni.kit.manipulator.prim.fabric' = { version='^' } selected: [omni.kit.manipulator.prim.fabric-107.0.4] Available versions:
	 - [omni.kit.manipulator.prim.fabric-107.0.4+5941509b] (/mnt/c/projects/kit-app-template/_build/linux-x86_64/release/extscache/omni.kit.manipulator.prim.fabric-107.0.4+5941509b)
 -> 'omni.kit.manipulator.prim.usd' = { version='^' } selected: [omni.kit.manipulator.prim.usd-107.0.3] Available versions:
	 - [omni.kit.manipulator.prim.usd-107.0.3+5941509b] (/mnt/c/projects/kit-app-template/_build/linux-x86_64/release/extscache/omni.kit.manipulator.prim.usd-107.0.3+5941509b)
[ext: omni.kit.property.usd-4.6.0] deps:
 -> 'omni.client' = { version='^' } selected: [omni.client-1.3.0] Available versions:
	 - [omni.client-1.3.0+5941509b.lx64.r] (/mnt/c/projects/kit-app-template/_build/linux-x86_64/release/extscache/omni.client-1.3.0+5941509b.lx64.r)
 -> 'omni.kit.clipboard' = { version='^' } selected: [omni.kit.clipboard-1.1.0] Available versions:
	 - [omni.kit.clipboard-1.1.0+5941509b.lx64.r.cp312] (/mnt/c/projects/kit-app-template/_build/linux-x86_64/release/extscache/omni.kit.clipboard-1.1.0+5941509b.lx64.r.cp312)
 -> 'omni.kit.commands' = { version='^' } selected: [omni.kit.commands-1.4.10] Available versions:
	 - [omni.kit.commands-1.4.10+5941509b.lx64.r.cp312] (/mnt/c/projects/kit-app-template/_build/linux-x86_64/release/extscache/omni.kit.commands-1.4.10+5941509b.lx64.r.cp312)
 -> 'omni.kit.notification_manager' = { version='^' optional=true  } selected: [omni.kit.notification_manager-1.0.10] Available versions:
	 - [omni.kit.notification_manager-1.0.10+5941509b] (/mnt/c/projects/kit-app-template/_build/linux-x86_64/release/extscache/omni.kit.notification_manager-1.0.10+5941509b)
 -> 'omni.kit.property.adapter.core' = { version='^' } selected: [omni.kit.property.adapter.core-1.0.3] Available versions:
	 - [omni.kit.property.adapter.core-1.0.3+5941509b] (/mnt/c/projects/kit-app-template/_build/linux-x86_64/release/extscache/omni.kit.property.adapter.core-1.0.3+5941509b)
 -> 'omni.kit.property.adapter.fabric' = { version='^' } selected: [omni.kit.property.adapter.fabric-1.0.4] Available versions:
	 - [omni.kit.property.adapter.fabric-1.0.4+5941509b] (/mnt/c/projects/kit-app-template/_build/linux-x86_64/release/extscache/omni.kit.property.adapter.fabric-1.0.4+5941509b)
 -> 'omni.kit.property.adapter.usd' = { version='^' } selected: [omni.kit.property.adapter.usd-1.0.3] Available versions:
	 - [omni.kit.property.adapter.usd-1.0.3+5941509b] (/mnt/c/projects/kit-app-template/_build/linux-x86_64/release/extscache/omni.kit.property.adapter.usd-1.0.3+5941509b)
 -> 'omni.kit.usd.layers' = { version='^' } selected: [omni.kit.usd.layers-2.3.2] Available versions:
	 - [omni.kit.usd.layers-2.3.2+5941509b.lx64.r.cp312] (/mnt/c/projects/kit-app-template/_build/linux-x86_64/release/extscache/omni.kit.usd.layers-2.3.2+5941509b.lx64.r.cp312)
 -> 'omni.kit.widget.context_menu' = { version='^' } selected: [omni.kit.widget.context_menu-1.2.5] Available versions:
	 - [omni.kit.widget.context_menu-1.2.5+5941509b] (/mnt/c/projects/kit-app-template/_build/linux-x86_64/release/extscache/omni.kit.widget.context_menu-1.2.5+5941509b)
 -> 'omni.kit.widget.stage' = { version='^' } selected: [omni.kit.widget.stage-3.1.6] Available versions:
	 - [omni.kit.widget.stage-3.1.6+5941509b] (/mnt/c/projects/kit-app-template/_build/linux-x86_64/release/extscache/omni.kit.widget.stage-3.1.6+5941509b)
 -> 'omni.kit.window.content_browser' = { version='^' optional=true  } selected: [omni.kit.window.content_browser-3.1.4] Available versions:
	 - [omni.kit.window.content_browser-3.1.4+5941509b] (/mnt/c/projects/kit-app-template/_build/linux-x86_64/release/extscache/omni.kit.window.content_browser-3.1.4+5941509b)
 -> 'omni.kit.window.file_importer' = { version='^' optional=true  } selected: [omni.kit.window.file_importer-1.1.18] Available versions:
	 - [omni.kit.window.file_importer-1.1.18+5941509b] (/mnt/c/projects/kit-app-template/_build/linux-x86_64/release/extscache/omni.kit.window.file_importer-1.1.18+5941509b)
 -> 'omni.kit.window.property' = { version='^' } selected: [omni.kit.window.property-1.14.1] Available versions:
	 - [omni.kit.window.property-1.14.1+5941509b] (/mnt/c/projects/kit-app-template/_build/linux-x86_64/release/extscache/omni.kit.window.property-1.14.1+5941509b)
 -> 'omni.timeline' = { version='^' } selected: [omni.timeline-1.1.0] Available versions:
	 - [omni.timeline-1.1.0+5941509b.lx64.r.cp312] (/mnt/c/projects/kit-app-template/_build/linux-x86_64/release/extscache/omni.timeline-1.1.0+5941509b.lx64.r.cp312)
 -> 'omni.ui' = { version='^' } selected: [omni.ui-2.27.2] Available versions:
	 - [omni.ui-2.27.2+5941509b.lx64.r.cp312] (/mnt/c/projects/kit-app-template/_build/linux-x86_64/release/extscache/omni.ui-2.27.2+5941509b.lx64.r.cp312)
 -> 'omni.usd' = { version='^' } selected: [omni.usd-1.13.13] Available versions:
	 - [omni.usd-1.13.13+5941509b.lx64.r.cp312] (/mnt/c/projects/kit-app-template/_build/linux-x86_64/release/extscache/omni.usd-1.13.13+5941509b.lx64.r.cp312)
 -> 'usdrt.scenegraph' = { version='^' } selected: [usdrt.scenegraph-7.6.1] Available versions:
	 - [usdrt.scenegraph-7.6.1+5941509b.lx64.r.cp312] (/mnt/c/projects/kit-app-template/_build/linux-x86_64/release/extscache/usdrt.scenegraph-7.6.1+5941509b.lx64.r.cp312)
[ext: omni.kit.widget.text_editor-1.1.1] deps:
 -> 'omni.ui' = { version='^' } selected: [omni.ui-2.27.2] Available versions:
	 - [omni.ui-2.27.2+5941509b.lx64.r.cp312] (/mnt/c/projects/kit-app-template/_build/linux-x86_64/release/extscache/omni.ui-2.27.2+5941509b.lx64.r.cp312)
[ext: omni.kit.property.adapter.usd-1.0.3] deps:
 -> 'omni.kit.property.adapter.core' = { version='^' } selected: [omni.kit.property.adapter.core-1.0.3] Available versions:
	 - [omni.kit.property.adapter.core-1.0.3+5941509b] (/mnt/c/projects/kit-app-template/_build/linux-x86_64/release/extscache/omni.kit.property.adapter.core-1.0.3+5941509b)
 -> 'omni.usd' = { version='^' } selected: [omni.usd-1.13.13] Available versions:
	 - [omni.usd-1.13.13+5941509b.lx64.r.cp312] (/mnt/c/projects/kit-app-template/_build/linux-x86_64/release/extscache/omni.usd-1.13.13+5941509b.lx64.r.cp312)
 -> 'usdrt.scenegraph' = { version='^' } selected: [usdrt.scenegraph-7.6.1] Available versions:
	 - [usdrt.scenegraph-7.6.1+5941509b.lx64.r.cp312] (/mnt/c/projects/kit-app-template/_build/linux-x86_64/release/extscache/usdrt.scenegraph-7.6.1+5941509b.lx64.r.cp312)
[ext: omni.kit.window.content_browser-3.1.4] deps:
 -> 'omni.client' = { version='^' } selected: [omni.client-1.3.0] Available versions:
	 - [omni.client-1.3.0+5941509b.lx64.r] (/mnt/c/projects/kit-app-template/_build/linux-x86_64/release/extscache/omni.client-1.3.0+5941509b.lx64.r)
 -> 'omni.kit.actions.core' = { version='^' optional=true  } selected: [omni.kit.actions.core-1.0.0] Available versions:
	 - [omni.kit.actions.core-1.0.0+5941509b.lx64.r.cp312] (/mnt/c/projects/kit-app-template/_build/linux-x86_64/release/extscache/omni.kit.actions.core-1.0.0+5941509b.lx64.r.cp312)
 -> 'omni.kit.clipboard' = { version='^' } selected: [omni.kit.clipboard-1.1.0] Available versions:
	 - [omni.kit.clipboard-1.1.0+5941509b.lx64.r.cp312] (/mnt/c/projects/kit-app-template/_build/linux-x86_64/release/extscache/omni.kit.clipboard-1.1.0+5941509b.lx64.r.cp312)
 -> 'omni.kit.helper.file_utils' = { version='^' } selected: [omni.kit.helper.file_utils-0.1.9] Available versions:
	 - [omni.kit.helper.file_utils-0.1.9+5941509b] (/mnt/c/projects/kit-app-template/_build/linux-x86_64/release/extscache/omni.kit.helper.file_utils-0.1.9+5941509b)
 -> 'omni.kit.hotkeys.core' = { version='^' optional=true  } selected: [omni.kit.hotkeys.core-1.3.10] Available versions:
	 - [omni.kit.hotkeys.core-1.3.10+5941509b] (/mnt/c/projects/kit-app-template/_build/linux-x86_64/release/extscache/omni.kit.hotkeys.core-1.3.10+5941509b)
 -> 'omni.kit.menu.utils' = { version='^' } selected: [omni.kit.menu.utils-2.1.0] Available versions:
	 - [omni.kit.menu.utils-2.1.0+5941509b] (/mnt/c/projects/kit-app-template/_build/linux-x86_64/release/extscache/omni.kit.menu.utils-2.1.0+5941509b)
 -> 'omni.kit.pip_archive' = { version='^' } selected: [omni.kit.pip_archive-0.0.0] Available versions:
	 - [omni.kit.pip_archive-0.0.0+5941509b.lx64.cp312] (registry)
 -> 'omni.kit.widget.filebrowser' = { version='^' } selected: [omni.kit.widget.filebrowser-2.12.3] Available versions:
	 - [omni.kit.widget.filebrowser-2.12.3+5941509b] (/mnt/c/projects/kit-app-template/_build/linux-x86_64/release/extscache/omni.kit.widget.filebrowser-2.12.3+5941509b)
 -> 'omni.kit.widget.filter' = { version='^' } selected: [omni.kit.widget.filter-1.1.4] Available versions:
	 - [omni.kit.widget.filter-1.1.4+5941509b] (/mnt/c/projects/kit-app-template/_build/linux-x86_64/release/extscache/omni.kit.widget.filter-1.1.4+5941509b)
 -> 'omni.kit.window.content_browser_registry' = { version='^' } selected: [omni.kit.window.content_browser_registry-0.0.6] Available versions:
	 - [omni.kit.window.content_browser_registry-0.0.6+5941509b] (/mnt/c/projects/kit-app-template/_build/linux-x86_64/release/extscache/omni.kit.window.content_browser_registry-0.0.6+5941509b)
 -> 'omni.kit.window.drop_support' = { version='^' } selected: [omni.kit.window.drop_support-1.0.6] Available versions:
	 - [omni.kit.window.drop_support-1.0.6+5941509b] (/mnt/c/projects/kit-app-template/_build/linux-x86_64/release/extscache/omni.kit.window.drop_support-1.0.6+5941509b)
 -> 'omni.kit.window.file' = { version='^' optional=true  } selected: [omni.kit.window.file-2.0.7] Available versions:
	 - [omni.kit.window.file-2.0.7+5941509b] (/mnt/c/projects/kit-app-template/_build/linux-x86_64/release/extscache/omni.kit.window.file-2.0.7+5941509b)
 -> 'omni.kit.window.file_exporter' = { version='^' } selected: [omni.kit.window.file_exporter-1.0.35] Available versions:
	 - [omni.kit.window.file_exporter-1.0.35+5941509b] (/mnt/c/projects/kit-app-template/_build/linux-x86_64/release/extscache/omni.kit.window.file_exporter-1.0.35+5941509b)
 -> 'omni.kit.window.filepicker' = { version='^' } selected: [omni.kit.window.filepicker-2.13.7] Available versions:
	 - [omni.kit.window.filepicker-2.13.7+5941509b] (/mnt/c/projects/kit-app-template/_build/linux-x86_64/release/extscache/omni.kit.window.filepicker-2.13.7+5941509b)
 -> 'omni.kit.window.popup_dialog' = { version='^' } selected: [omni.kit.window.popup_dialog-2.0.24] Available versions:
	 - [omni.kit.window.popup_dialog-2.0.24+5941509b] (/mnt/c/projects/kit-app-template/_build/linux-x86_64/release/extscache/omni.kit.window.popup_dialog-2.0.24+5941509b)
 -> 'omni.ui' = { version='^' } selected: [omni.ui-2.27.2] Available versions:
	 - [omni.ui-2.27.2+5941509b.lx64.r.cp312] (/mnt/c/projects/kit-app-template/_build/linux-x86_64/release/extscache/omni.ui-2.27.2+5941509b.lx64.r.cp312)
 -> 'omni.usd' = { version='^' optional=true  } selected: [omni.usd-1.13.13] Available versions:
	 - [omni.usd-1.13.13+5941509b.lx64.r.cp312] (/mnt/c/projects/kit-app-template/_build/linux-x86_64/release/extscache/omni.usd-1.13.13+5941509b.lx64.r.cp312)
[ext: omni.kit.window.property-1.14.1] deps:
 -> 'omni.client' = { version='^' } selected: [omni.client-1.3.0] Available versions:
	 - [omni.client-1.3.0+5941509b.lx64.r] (/mnt/c/projects/kit-app-template/_build/linux-x86_64/release/extscache/omni.client-1.3.0+5941509b.lx64.r)
 -> 'omni.kit.menu.utils' = { version='^' } selected: [omni.kit.menu.utils-2.1.0] Available versions:
	 - [omni.kit.menu.utils-2.1.0+5941509b] (/mnt/c/projects/kit-app-template/_build/linux-x86_64/release/extscache/omni.kit.menu.utils-2.1.0+5941509b)
 -> 'omni.kit.widget.context_menu' = { version='^' } selected: [omni.kit.widget.context_menu-1.2.5] Available versions:
	 - [omni.kit.widget.context_menu-1.2.5+5941509b] (/mnt/c/projects/kit-app-template/_build/linux-x86_64/release/extscache/omni.kit.widget.context_menu-1.2.5+5941509b)
 -> 'omni.kit.widget.highlight_label' = { version='^' } selected: [omni.kit.widget.highlight_label-1.0.3] Available versions:
	 - [omni.kit.widget.highlight_label-1.0.3+5941509b] (/mnt/c/projects/kit-app-template/_build/linux-x86_64/release/extscache/omni.kit.widget.highlight_label-1.0.3+5941509b)
 -> 'omni.kit.widget.searchfield' = { version='^' } selected: [omni.kit.widget.searchfield-1.1.8] Available versions:
	 - [omni.kit.widget.searchfield-1.1.8+5941509b] (/mnt/c/projects/kit-app-template/_build/linux-x86_64/release/extscache/omni.kit.widget.searchfield-1.1.8+5941509b)
 -> 'omni.ui' = { version='^' } selected: [omni.ui-2.27.2] Available versions:
	 - [omni.ui-2.27.2+5941509b.lx64.r.cp312] (/mnt/c/projects/kit-app-template/_build/linux-x86_64/release/extscache/omni.ui-2.27.2+5941509b.lx64.r.cp312)
[ext: omni.kit.widget.stage-3.1.6] deps:
 -> 'omni.activity.core' = { version='^' } selected: [omni.activity.core-1.0.3] Available versions:
	 - [omni.activity.core-1.0.3+5941509b.lx64.r.cp312] (/mnt/c/projects/kit-app-template/_build/linux-x86_64/release/extscache/omni.activity.core-1.0.3+5941509b.lx64.r.cp312)
 -> 'omni.client' = { version='^' } selected: [omni.client-1.3.0] Available versions:
	 - [omni.client-1.3.0+5941509b.lx64.r] (/mnt/c/projects/kit-app-template/_build/linux-x86_64/release/extscache/omni.client-1.3.0+5941509b.lx64.r)
 -> 'omni.kit.actions.core' = { version='^' } selected: [omni.kit.actions.core-1.0.0] Available versions:
	 - [omni.kit.actions.core-1.0.0+5941509b.lx64.r.cp312] (/mnt/c/projects/kit-app-template/_build/linux-x86_64/release/extscache/omni.kit.actions.core-1.0.0+5941509b.lx64.r.cp312)
 -> 'omni.kit.context_menu' = { version='^' optional=true  } selected: [omni.kit.context_menu-1.8.6] Available versions:
	 - [omni.kit.context_menu-1.8.6+5941509b] (/mnt/c/projects/kit-app-template/_build/linux-x86_64/release/extscache/omni.kit.context_menu-1.8.6+5941509b)
 -> 'omni.kit.helper.file_utils' = { version='^' } selected: [omni.kit.helper.file_utils-0.1.9] Available versions:
	 - [omni.kit.helper.file_utils-0.1.9+5941509b] (/mnt/c/projects/kit-app-template/_build/linux-x86_64/release/extscache/omni.kit.helper.file_utils-0.1.9+5941509b)
 -> 'omni.kit.hotkeys.core' = { version='^' } selected: [omni.kit.hotkeys.core-1.3.10] Available versions:
	 - [omni.kit.hotkeys.core-1.3.10+5941509b] (/mnt/c/projects/kit-app-template/_build/linux-x86_64/release/extscache/omni.kit.hotkeys.core-1.3.10+5941509b)
 -> 'omni.kit.notification_manager' = { version='^' optional=true  } selected: [omni.kit.notification_manager-1.0.10] Available versions:
	 - [omni.kit.notification_manager-1.0.10+5941509b] (/mnt/c/projects/kit-app-template/_build/linux-x86_64/release/extscache/omni.kit.notification_manager-1.0.10+5941509b)
 -> 'omni.kit.usd.layers' = { version='^' } selected: [omni.kit.usd.layers-2.3.2] Available versions:
	 - [omni.kit.usd.layers-2.3.2+5941509b.lx64.r.cp312] (/mnt/c/projects/kit-app-template/_build/linux-x86_64/release/extscache/omni.kit.usd.layers-2.3.2+5941509b.lx64.r.cp312)
 -> 'omni.kit.widget.filter' = { version='^' } selected: [omni.kit.widget.filter-1.1.4] Available versions:
	 - [omni.kit.widget.filter-1.1.4+5941509b] (/mnt/c/projects/kit-app-template/_build/linux-x86_64/release/extscache/omni.kit.widget.filter-1.1.4+5941509b)
 -> 'omni.kit.widget.options_button' = { version='^' } selected: [omni.kit.widget.options_button-1.0.3] Available versions:
	 - [omni.kit.widget.options_button-1.0.3+5941509b] (/mnt/c/projects/kit-app-template/_build/linux-x86_64/release/extscache/omni.kit.widget.options_button-1.0.3+5941509b)
 -> 'omni.kit.widget.searchfield' = { version='^' } selected: [omni.kit.widget.searchfield-1.1.8] Available versions:
	 - [omni.kit.widget.searchfield-1.1.8+5941509b] (/mnt/c/projects/kit-app-template/_build/linux-x86_64/release/extscache/omni.kit.widget.searchfield-1.1.8+5941509b)
 -> 'omni.kit.window.file_exporter' = { version='^' } selected: [omni.kit.window.file_exporter-1.0.35] Available versions:
	 - [omni.kit.window.file_exporter-1.0.35+5941509b] (/mnt/c/projects/kit-app-template/_build/linux-x86_64/release/extscache/omni.kit.window.file_exporter-1.0.35+5941509b)
 -> 'omni.ui' = { version='^' } selected: [omni.ui-2.27.2] Available versions:
	 - [omni.ui-2.27.2+5941509b.lx64.r.cp312] (/mnt/c/projects/kit-app-template/_build/linux-x86_64/release/extscache/omni.ui-2.27.2+5941509b.lx64.r.cp312)
 -> 'omni.usd' = { version='^' } selected: [omni.usd-1.13.13] Available versions:
	 - [omni.usd-1.13.13+5941509b.lx64.r.cp312] (/mnt/c/projects/kit-app-template/_build/linux-x86_64/release/extscache/omni.usd-1.13.13+5941509b.lx64.r.cp312)
 -> 'omni.usd.schema.audio' = { version='^' optional=true  } selected: [omni.usd.schema.audio-0.0.0] Available versions:
	 - [omni.usd.schema.audio-0.0.0+5941509b.lx64.r.cp312] (/mnt/c/projects/kit-app-template/_build/linux-x86_64/release/extscache/omni.usd.schema.audio-0.0.0+5941509b.lx64.r.cp312)
[ext: omni.kit.window.file-2.0.7] deps:
 -> 'omni.client' = { version='^' } selected: [omni.client-1.3.0] Available versions:
	 - [omni.client-1.3.0+5941509b.lx64.r] (/mnt/c/projects/kit-app-template/_build/linux-x86_64/release/extscache/omni.client-1.3.0+5941509b.lx64.r)
 -> 'omni.kit.actions.core' = { version='^' } selected: [omni.kit.actions.core-1.0.0] Available versions:
	 - [omni.kit.actions.core-1.0.0+5941509b.lx64.r.cp312] (/mnt/c/projects/kit-app-template/_build/linux-x86_64/release/extscache/omni.kit.actions.core-1.0.0+5941509b.lx64.r.cp312)
 -> 'omni.kit.helper.file_utils' = { version='^' } selected: [omni.kit.helper.file_utils-0.1.9] Available versions:
	 - [omni.kit.helper.file_utils-0.1.9+5941509b] (/mnt/c/projects/kit-app-template/_build/linux-x86_64/release/extscache/omni.kit.helper.file_utils-0.1.9+5941509b)
 -> 'omni.kit.pip_archive' = { version='^' } selected: [omni.kit.pip_archive-0.0.0] Available versions:
	 - [omni.kit.pip_archive-0.0.0+5941509b.lx64.cp312] (registry)
 -> 'omni.kit.stage_template.core' = { version='^' optional=true  } selected: [omni.kit.stage_template.core-1.1.22] Available versions:
	 - [omni.kit.stage_template.core-1.1.22+5941509b] (/mnt/c/projects/kit-app-template/_build/linux-x86_64/release/extscache/omni.kit.stage_template.core-1.1.22+5941509b)
 -> 'omni.kit.widget.nucleus_connector' = { version='^' } selected: [omni.kit.widget.nucleus_connector-2.0.1] Available versions:
	 - [omni.kit.widget.nucleus_connector-2.0.1+5941509b] (/mnt/c/projects/kit-app-template/_build/linux-x86_64/release/extscache/omni.kit.widget.nucleus_connector-2.0.1+5941509b)
 -> 'omni.kit.window.file_exporter' = { version='^' } selected: [omni.kit.window.file_exporter-1.0.35] Available versions:
	 - [omni.kit.window.file_exporter-1.0.35+5941509b] (/mnt/c/projects/kit-app-template/_build/linux-x86_64/release/extscache/omni.kit.window.file_exporter-1.0.35+5941509b)
 -> 'omni.kit.window.file_importer' = { version='^' } selected: [omni.kit.window.file_importer-1.1.18] Available versions:
	 - [omni.kit.window.file_importer-1.1.18+5941509b] (/mnt/c/projects/kit-app-template/_build/linux-x86_64/release/extscache/omni.kit.window.file_importer-1.1.18+5941509b)
 -> 'omni.ui' = { version='^' } selected: [omni.ui-2.27.2] Available versions:
	 - [omni.ui-2.27.2+5941509b.lx64.r.cp312] (/mnt/c/projects/kit-app-template/_build/linux-x86_64/release/extscache/omni.ui-2.27.2+5941509b.lx64.r.cp312)
 -> 'omni.usd' = { version='^' } selected: [omni.usd-1.13.13] Available versions:
	 - [omni.usd-1.13.13+5941509b.lx64.r.cp312] (/mnt/c/projects/kit-app-template/_build/linux-x86_64/release/extscache/omni.usd-1.13.13+5941509b.lx64.r.cp312)
[ext: omni.kit.widget.highlight_label-1.0.3] deps:
 -> 'omni.ui' = { version='^' } selected: [omni.ui-2.27.2] Available versions:
	 - [omni.ui-2.27.2+5941509b.lx64.r.cp312] (/mnt/c/projects/kit-app-template/_build/linux-x86_64/release/extscache/omni.ui-2.27.2+5941509b.lx64.r.cp312)
[ext: omni.kit.hotkeys.core-1.3.10] deps:
 -> 'omni.kit.actions.core' = { version='^' } selected: [omni.kit.actions.core-1.0.0] Available versions:
	 - [omni.kit.actions.core-1.0.0+5941509b.lx64.r.cp312] (/mnt/c/projects/kit-app-template/_build/linux-x86_64/release/extscache/omni.kit.actions.core-1.0.0+5941509b.lx64.r.cp312)
 -> 'omni.ui' = { version='^' } selected: [omni.ui-2.27.2] Available versions:
	 - [omni.ui-2.27.2+5941509b.lx64.r.cp312] (/mnt/c/projects/kit-app-template/_build/linux-x86_64/release/extscache/omni.ui-2.27.2+5941509b.lx64.r.cp312)
[ext: omni.kit.widget.filter-1.1.4] deps:
 -> 'omni.kit.widget.options_menu' = { version='^' } selected: [omni.kit.widget.options_menu-1.1.6] Available versions:
	 - [omni.kit.widget.options_menu-1.1.6+5941509b] (/mnt/c/projects/kit-app-template/_build/linux-x86_64/release/extscache/omni.kit.widget.options_menu-1.1.6+5941509b)
 -> 'omni.ui' = { version='^' } selected: [omni.ui-2.27.2] Available versions:
	 - [omni.ui-2.27.2+5941509b.lx64.r.cp312] (/mnt/c/projects/kit-app-template/_build/linux-x86_64/release/extscache/omni.ui-2.27.2+5941509b.lx64.r.cp312)
[ext: omni.kit.window.file_exporter-1.0.35] deps:
 -> 'omni.kit.window.filepicker' = { version='^' } selected: [omni.kit.window.filepicker-2.13.7] Available versions:
	 - [omni.kit.window.filepicker-2.13.7+5941509b] (/mnt/c/projects/kit-app-template/_build/linux-x86_64/release/extscache/omni.kit.window.filepicker-2.13.7+5941509b)
 -> 'omni.ui' = { version='^' } selected: [omni.ui-2.27.2] Available versions:
	 - [omni.ui-2.27.2+5941509b.lx64.r.cp312] (/mnt/c/projects/kit-app-template/_build/linux-x86_64/release/extscache/omni.ui-2.27.2+5941509b.lx64.r.cp312)
 -> 'omni.usd' = { version='^' optional=true  } selected: [omni.usd-1.13.13] Available versions:
	 - [omni.usd-1.13.13+5941509b.lx64.r.cp312] (/mnt/c/projects/kit-app-template/_build/linux-x86_64/release/extscache/omni.usd-1.13.13+5941509b.lx64.r.cp312)
[ext: omni.kit.stage_template.core-1.1.22] deps:
 -> 'omni.usd' = { version='^' } selected: [omni.usd-1.13.13] Available versions:
	 - [omni.usd-1.13.13+5941509b.lx64.r.cp312] (/mnt/c/projects/kit-app-template/_build/linux-x86_64/release/extscache/omni.usd-1.13.13+5941509b.lx64.r.cp312)
[ext: omni.kit.window.content_browser_registry-0.0.6] deps:
 -> 'omni.kit.window.filepicker' = { version='^' } selected: [omni.kit.window.filepicker-2.13.7] Available versions:
	 - [omni.kit.window.filepicker-2.13.7+5941509b] (/mnt/c/projects/kit-app-template/_build/linux-x86_64/release/extscache/omni.kit.window.filepicker-2.13.7+5941509b)
[ext: omni.kit.manipulator.prim.fabric-107.0.4] deps:
 -> 'omni.fabric.commands' = { version='^' } selected: [omni.fabric.commands-1.1.6] Available versions:
	 - [omni.fabric.commands-1.1.6+5941509b.lx64.r.cp312] (/mnt/c/projects/kit-app-template/_build/linux-x86_64/release/extscache/omni.fabric.commands-1.1.6+5941509b.lx64.r.cp312)
 -> 'omni.kit.manipulator.prim.core' = { version='^' } selected: [omni.kit.manipulator.prim.core-107.0.8] Available versions:
	 - [omni.kit.manipulator.prim.core-107.0.8+5941509b] (/mnt/c/projects/kit-app-template/_build/linux-x86_64/release/extscache/omni.kit.manipulator.prim.core-107.0.8+5941509b)
 -> 'omni.kit.viewport.manipulator.transform' = { version='^' } selected: [omni.kit.viewport.manipulator.transform-107.0.4] Available versions:
	 - [omni.kit.viewport.manipulator.transform-107.0.4+5941509b] (/mnt/c/projects/kit-app-template/_build/linux-x86_64/release/extscache/omni.kit.viewport.manipulator.transform-107.0.4+5941509b)
 -> 'omni.usd' = { version='^' } selected: [omni.usd-1.13.13] Available versions:
	 - [omni.usd-1.13.13+5941509b.lx64.r.cp312] (/mnt/c/projects/kit-app-template/_build/linux-x86_64/release/extscache/omni.usd-1.13.13+5941509b.lx64.r.cp312)
 -> 'usdrt.scenegraph' = { version='^' } selected: [usdrt.scenegraph-7.6.1] Available versions:
	 - [usdrt.scenegraph-7.6.1+5941509b.lx64.r.cp312] (/mnt/c/projects/kit-app-template/_build/linux-x86_64/release/extscache/usdrt.scenegraph-7.6.1+5941509b.lx64.r.cp312)
[ext: omni.kit.manipulator.prim.usd-107.0.3] deps:
 -> 'omni.kit.manipulator.prim.core' = { version='^' } selected: [omni.kit.manipulator.prim.core-107.0.8] Available versions:
	 - [omni.kit.manipulator.prim.core-107.0.8+5941509b] (/mnt/c/projects/kit-app-template/_build/linux-x86_64/release/extscache/omni.kit.manipulator.prim.core-107.0.8+5941509b)
 -> 'omni.kit.viewport.manipulator.transform' = { version='^' } selected: [omni.kit.viewport.manipulator.transform-107.0.4] Available versions:
	 - [omni.kit.viewport.manipulator.transform-107.0.4+5941509b] (/mnt/c/projects/kit-app-template/_build/linux-x86_64/release/extscache/omni.kit.viewport.manipulator.transform-107.0.4+5941509b)
 -> 'omni.usd' = { version='^' } selected: [omni.usd-1.13.13] Available versions:
	 - [omni.usd-1.13.13+5941509b.lx64.r.cp312] (/mnt/c/projects/kit-app-template/_build/linux-x86_64/release/extscache/omni.usd-1.13.13+5941509b.lx64.r.cp312)
[ext: omni.kit.property.adapter.fabric-1.0.4] deps:
 -> 'omni.kit.property.adapter.core' = { version='^' } selected: [omni.kit.property.adapter.core-1.0.3] Available versions:
	 - [omni.kit.property.adapter.core-1.0.3+5941509b] (/mnt/c/projects/kit-app-template/_build/linux-x86_64/release/extscache/omni.kit.property.adapter.core-1.0.3+5941509b)
 -> 'omni.usd' = { version='^' } selected: [omni.usd-1.13.13] Available versions:
	 - [omni.usd-1.13.13+5941509b.lx64.r.cp312] (/mnt/c/projects/kit-app-template/_build/linux-x86_64/release/extscache/omni.usd-1.13.13+5941509b.lx64.r.cp312)
 -> 'usdrt.scenegraph' = { version='^' } selected: [usdrt.scenegraph-7.6.1] Available versions:
	 - [usdrt.scenegraph-7.6.1+5941509b.lx64.r.cp312] (/mnt/c/projects/kit-app-template/_build/linux-x86_64/release/extscache/usdrt.scenegraph-7.6.1+5941509b.lx64.r.cp312)
[ext: omni.fabric.commands-1.1.6] deps:
 -> 'omni.hydra.usdrt_delegate' = { version='^' } selected: [omni.hydra.usdrt_delegate-7.5.1] Available versions:
	 - [omni.hydra.usdrt_delegate-7.5.1+5941509b.lx64.r.cp312] (/mnt/c/projects/kit-app-template/_build/linux-x86_64/release/extscache/omni.hydra.usdrt_delegate-7.5.1+5941509b.lx64.r.cp312)
 -> 'omni.kit.primitive.mesh' = { version='^' } selected: [omni.kit.primitive.mesh-1.0.17] Available versions:
	 - [omni.kit.primitive.mesh-1.0.17+5941509b] (/mnt/c/projects/kit-app-template/_build/linux-x86_64/release/extscache/omni.kit.primitive.mesh-1.0.17+5941509b)
 -> 'omni.usd' = { version='^' } selected: [omni.usd-1.13.13] Available versions:
	 - [omni.usd-1.13.13+5941509b.lx64.r.cp312] (/mnt/c/projects/kit-app-template/_build/linux-x86_64/release/extscache/omni.usd-1.13.13+5941509b.lx64.r.cp312)
[ext: omni.kit.manipulator.prim.core-107.0.8] deps:
 -> 'omni.kit.context_menu' = { version='^' } selected: [omni.kit.context_menu-1.8.6] Available versions:
	 - [omni.kit.context_menu-1.8.6+5941509b] (/mnt/c/projects/kit-app-template/_build/linux-x86_64/release/extscache/omni.kit.context_menu-1.8.6+5941509b)
 -> 'omni.kit.manipulator.selector' = { version='^' } selected: [omni.kit.manipulator.selector-1.1.3] Available versions:
	 - [omni.kit.manipulator.selector-1.1.3+5941509b] (/mnt/c/projects/kit-app-template/_build/linux-x86_64/release/extscache/omni.kit.manipulator.selector-1.1.3+5941509b)
 -> 'omni.kit.manipulator.tool.snap' = { version='^' } selected: [omni.kit.manipulator.tool.snap-1.5.13] Available versions:
	 - [omni.kit.manipulator.tool.snap-1.5.13+5941509b] (/mnt/c/projects/kit-app-template/_build/linux-x86_64/release/extscache/omni.kit.manipulator.tool.snap-1.5.13+5941509b)
 -> 'omni.kit.manipulator.transform' = { version='^' } selected: [omni.kit.manipulator.transform-107.0.0] Available versions:
	 - [omni.kit.manipulator.transform-107.0.0+5941509b] (/mnt/c/projects/kit-app-template/_build/linux-x86_64/release/extscache/omni.kit.manipulator.transform-107.0.0+5941509b)
 -> 'omni.kit.viewport.manipulator.transform' = { version='^' } selected: [omni.kit.viewport.manipulator.transform-107.0.4] Available versions:
	 - [omni.kit.viewport.manipulator.transform-107.0.4+5941509b] (/mnt/c/projects/kit-app-template/_build/linux-x86_64/release/extscache/omni.kit.viewport.manipulator.transform-107.0.4+5941509b)
 -> 'omni.kit.viewport.registry' = { version='^' } selected: [omni.kit.viewport.registry-104.0.6] Available versions:
	 - [omni.kit.viewport.registry-104.0.6+5941509b] (/mnt/c/projects/kit-app-template/_build/linux-x86_64/release/extscache/omni.kit.viewport.registry-104.0.6+5941509b)
 -> 'omni.kit.widget.toolbar' = { version='^' optional=true  } selected: [omni.kit.widget.toolbar-2.0.2] Available versions:
	 - [omni.kit.widget.toolbar-2.0.2+5941509b] (/mnt/c/projects/kit-app-template/_build/linux-x86_64/release/extscache/omni.kit.widget.toolbar-2.0.2+5941509b)
 -> 'omni.timeline' = { version='^' } selected: [omni.timeline-1.1.0] Available versions:
	 - [omni.timeline-1.1.0+5941509b.lx64.r.cp312] (/mnt/c/projects/kit-app-template/_build/linux-x86_64/release/extscache/omni.timeline-1.1.0+5941509b.lx64.r.cp312)
 -> 'omni.usd' = { version='^' } selected: [omni.usd-1.13.13] Available versions:
	 - [omni.usd-1.13.13+5941509b.lx64.r.cp312] (/mnt/c/projects/kit-app-template/_build/linux-x86_64/release/extscache/omni.usd-1.13.13+5941509b.lx64.r.cp312)
[ext: omni.kit.property.adapter.core-1.0.3] deps:
 -> 'omni.usd' = { version='^' } selected: [omni.usd-1.13.13] Available versions:
	 - [omni.usd-1.13.13+5941509b.lx64.r.cp312] (/mnt/c/projects/kit-app-template/_build/linux-x86_64/release/extscache/omni.usd-1.13.13+5941509b.lx64.r.cp312)
[ext: omni.kit.primitive.mesh-1.0.17] deps:
 -> 'omni.kit.actions.core' = { version='^' } selected: [omni.kit.actions.core-1.0.0] Available versions:
	 - [omni.kit.actions.core-1.0.0+5941509b.lx64.r.cp312] (/mnt/c/projects/kit-app-template/_build/linux-x86_64/release/extscache/omni.kit.actions.core-1.0.0+5941509b.lx64.r.cp312)
 -> 'omni.kit.commands' = { version='^' } selected: [omni.kit.commands-1.4.10] Available versions:
	 - [omni.kit.commands-1.4.10+5941509b.lx64.r.cp312] (/mnt/c/projects/kit-app-template/_build/linux-x86_64/release/extscache/omni.kit.commands-1.4.10+5941509b.lx64.r.cp312)
 -> 'omni.kit.menu.utils' = { version='^' optional=true  } selected: [omni.kit.menu.utils-2.1.0] Available versions:
	 - [omni.kit.menu.utils-2.1.0+5941509b] (/mnt/c/projects/kit-app-template/_build/linux-x86_64/release/extscache/omni.kit.menu.utils-2.1.0+5941509b)
 -> 'omni.kit.usd.layers' = { version='^' } selected: [omni.kit.usd.layers-2.3.2] Available versions:
	 - [omni.kit.usd.layers-2.3.2+5941509b.lx64.r.cp312] (/mnt/c/projects/kit-app-template/_build/linux-x86_64/release/extscache/omni.kit.usd.layers-2.3.2+5941509b.lx64.r.cp312)
 -> 'omni.ui' = { version='^' optional=true  } selected: [omni.ui-2.27.2] Available versions:
	 - [omni.ui-2.27.2+5941509b.lx64.r.cp312] (/mnt/c/projects/kit-app-template/_build/linux-x86_64/release/extscache/omni.ui-2.27.2+5941509b.lx64.r.cp312)
 -> 'omni.usd' = { version='^' } selected: [omni.usd-1.13.13] Available versions:
	 - [omni.usd-1.13.13+5941509b.lx64.r.cp312] (/mnt/c/projects/kit-app-template/_build/linux-x86_64/release/extscache/omni.usd-1.13.13+5941509b.lx64.r.cp312)
[ext: omni.kit.viewport.manipulator.transform-107.0.4] deps:
 -> 'omni.kit.context_menu' = { version='^' } selected: [omni.kit.context_menu-1.8.6] Available versions:
	 - [omni.kit.context_menu-1.8.6+5941509b] (/mnt/c/projects/kit-app-template/_build/linux-x86_64/release/extscache/omni.kit.context_menu-1.8.6+5941509b)
 -> 'omni.kit.manipulator.selector' = { version='^' } selected: [omni.kit.manipulator.selector-1.1.3] Available versions:
	 - [omni.kit.manipulator.selector-1.1.3+5941509b] (/mnt/c/projects/kit-app-template/_build/linux-x86_64/release/extscache/omni.kit.manipulator.selector-1.1.3+5941509b)
 -> 'omni.kit.manipulator.tool.snap' = { version='^' } selected: [omni.kit.manipulator.tool.snap-1.5.13] Available versions:
	 - [omni.kit.manipulator.tool.snap-1.5.13+5941509b] (/mnt/c/projects/kit-app-template/_build/linux-x86_64/release/extscache/omni.kit.manipulator.tool.snap-1.5.13+5941509b)
 -> 'omni.kit.manipulator.transform' = { version='^' } selected: [omni.kit.manipulator.transform-107.0.0] Available versions:
	 - [omni.kit.manipulator.transform-107.0.0+5941509b] (/mnt/c/projects/kit-app-template/_build/linux-x86_64/release/extscache/omni.kit.manipulator.transform-107.0.0+5941509b)
 -> 'omni.kit.pip_archive' = { version='^' } selected: [omni.kit.pip_archive-0.0.0] Available versions:
	 - [omni.kit.pip_archive-0.0.0+5941509b.lx64.cp312] (registry)
 -> 'omni.kit.viewport.registry' = { version='^' } selected: [omni.kit.viewport.registry-104.0.6] Available versions:
	 - [omni.kit.viewport.registry-104.0.6+5941509b] (/mnt/c/projects/kit-app-template/_build/linux-x86_64/release/extscache/omni.kit.viewport.registry-104.0.6+5941509b)
 -> 'omni.kit.widget.toolbar' = { version='^' optional=true  } selected: [omni.kit.widget.toolbar-2.0.2] Available versions:
	 - [omni.kit.widget.toolbar-2.0.2+5941509b] (/mnt/c/projects/kit-app-template/_build/linux-x86_64/release/extscache/omni.kit.widget.toolbar-2.0.2+5941509b)
 -> 'omni.kit.window.preferences' = { version='^' optional=true  } selected: [omni.kit.window.preferences-1.8.0] Available versions:
	 - [omni.kit.window.preferences-1.8.0+5941509b] (/mnt/c/projects/kit-app-template/_build/linux-x86_64/release/extscache/omni.kit.window.preferences-1.8.0+5941509b)
 -> 'omni.timeline' = { version='^' } selected: [omni.timeline-1.1.0] Available versions:
	 - [omni.timeline-1.1.0+5941509b.lx64.r.cp312] (/mnt/c/projects/kit-app-template/_build/linux-x86_64/release/extscache/omni.timeline-1.1.0+5941509b.lx64.r.cp312)
 -> 'omni.ui' = { version='^' } selected: [omni.ui-2.27.2] Available versions:
	 - [omni.ui-2.27.2+5941509b.lx64.r.cp312] (/mnt/c/projects/kit-app-template/_build/linux-x86_64/release/extscache/omni.ui-2.27.2+5941509b.lx64.r.cp312)
 -> 'omni.ui.scene' = { version='^' } selected: [omni.ui.scene-1.11.4] Available versions:
	 - [omni.ui.scene-1.11.4+5941509b.lx64.r.cp312] (/mnt/c/projects/kit-app-template/_build/linux-x86_64/release/extscache/omni.ui.scene-1.11.4+5941509b.lx64.r.cp312)
 -> 'usdrt.scenegraph' = { version='^' } selected: [usdrt.scenegraph-7.6.1] Available versions:
	 - [usdrt.scenegraph-7.6.1+5941509b.lx64.r.cp312] (/mnt/c/projects/kit-app-template/_build/linux-x86_64/release/extscache/usdrt.scenegraph-7.6.1+5941509b.lx64.r.cp312)
[ext: omni.graph.action_core-1.1.7] deps:
 -> 'omni.graph.core' = { version='^' } selected: [omni.graph.core-2.184.7] Available versions:
	 - [omni.graph.core-2.184.7+5941509b.lx64.r] (/mnt/c/projects/kit-app-template/_build/linux-x86_64/release/extscache/omni.graph.core-2.184.7+5941509b.lx64.r)
[ext: omni.graph-1.141.2] deps:
 -> 'omni.client' = { version='^' } selected: [omni.client-1.3.0] Available versions:
	 - [omni.client-1.3.0+5941509b.lx64.r] (/mnt/c/projects/kit-app-template/_build/linux-x86_64/release/extscache/omni.client-1.3.0+5941509b.lx64.r)
 -> 'omni.graph.core' = { version='^' } selected: [omni.graph.core-2.184.7] Available versions:
	 - [omni.graph.core-2.184.7+5941509b.lx64.r] (/mnt/c/projects/kit-app-template/_build/linux-x86_64/release/extscache/omni.graph.core-2.184.7+5941509b.lx64.r)
 -> 'omni.graph.tools' = { version='^1.77.0' } selected: [omni.graph.tools-1.79.3] Available versions:
	 - [omni.graph.tools-1.79.3+5941509b] (/mnt/c/projects/kit-app-template/_build/linux-x86_64/release/extscache/omni.graph.tools-1.79.3+5941509b)
 -> 'omni.kit.commands' = { version='^' } selected: [omni.kit.commands-1.4.10] Available versions:
	 - [omni.kit.commands-1.4.10+5941509b.lx64.r.cp312] (/mnt/c/projects/kit-app-template/_build/linux-x86_64/release/extscache/omni.kit.commands-1.4.10+5941509b.lx64.r.cp312)
 -> 'omni.kit.usd_undo' = { version='^' } selected: [omni.kit.usd_undo-0.1.8] Available versions:
	 - [omni.kit.usd_undo-0.1.8+5941509b] (/mnt/c/projects/kit-app-template/_build/linux-x86_64/release/extscache/omni.kit.usd_undo-0.1.8+5941509b)
 -> 'omni.usd' = { version='^' } selected: [omni.usd-1.13.13] Available versions:
	 - [omni.usd-1.13.13+5941509b.lx64.r.cp312] (/mnt/c/projects/kit-app-template/_build/linux-x86_64/release/extscache/omni.usd-1.13.13+5941509b.lx64.r.cp312)
 -> 'usdrt.scenegraph' = { version='^' } selected: [usdrt.scenegraph-7.6.1] Available versions:
	 - [usdrt.scenegraph-7.6.1+5941509b.lx64.r.cp312] (/mnt/c/projects/kit-app-template/_build/linux-x86_64/release/extscache/usdrt.scenegraph-7.6.1+5941509b.lx64.r.cp312)
[ext: omni.kit.manipulator.tool.snap-1.5.13] deps:
 -> 'omni.kit.actions.core' = { version='^' } selected: [omni.kit.actions.core-1.0.0] Available versions:
	 - [omni.kit.actions.core-1.0.0+5941509b.lx64.r.cp312] (/mnt/c/projects/kit-app-template/_build/linux-x86_64/release/extscache/omni.kit.actions.core-1.0.0+5941509b.lx64.r.cp312)
 -> 'omni.kit.context_menu' = { version='^' } selected: [omni.kit.context_menu-1.8.6] Available versions:
	 - [omni.kit.context_menu-1.8.6+5941509b] (/mnt/c/projects/kit-app-template/_build/linux-x86_64/release/extscache/omni.kit.context_menu-1.8.6+5941509b)
 -> 'omni.kit.manipulator.transform' = { version='^' } selected: [omni.kit.manipulator.transform-107.0.0] Available versions:
	 - [omni.kit.manipulator.transform-107.0.0+5941509b] (/mnt/c/projects/kit-app-template/_build/linux-x86_64/release/extscache/omni.kit.manipulator.transform-107.0.0+5941509b)
 -> 'omni.kit.raycast.query' = { version='^' } selected: [omni.kit.raycast.query-1.1.0] Available versions:
	 - [omni.kit.raycast.query-1.1.0+5941509b.lx64.r.cp312] (/mnt/c/projects/kit-app-template/_build/linux-x86_64/release/extscache/omni.kit.raycast.query-1.1.0+5941509b.lx64.r.cp312)
 -> 'omni.kit.viewport.utility' = { version='^' } selected: [omni.kit.viewport.utility-1.2.2] Available versions:
	 - [omni.kit.viewport.utility-1.2.2+5941509b] (/mnt/c/projects/kit-app-template/_build/linux-x86_64/release/extscache/omni.kit.viewport.utility-1.2.2+5941509b)
 -> 'omni.kit.widget.options_menu' = { version='^' } selected: [omni.kit.widget.options_menu-1.1.6] Available versions:
	 - [omni.kit.widget.options_menu-1.1.6+5941509b] (/mnt/c/projects/kit-app-template/_build/linux-x86_64/release/extscache/omni.kit.widget.options_menu-1.1.6+5941509b)
 -> 'omni.kit.widget.toolbar' = { version='^' } selected: [omni.kit.widget.toolbar-2.0.2] Available versions:
	 - [omni.kit.widget.toolbar-2.0.2+5941509b] (/mnt/c/projects/kit-app-template/_build/linux-x86_64/release/extscache/omni.kit.widget.toolbar-2.0.2+5941509b)
 -> 'omni.ui.scene' = { version='^' } selected: [omni.ui.scene-1.11.4] Available versions:
	 - [omni.ui.scene-1.11.4+5941509b.lx64.r.cp312] (/mnt/c/projects/kit-app-template/_build/linux-x86_64/release/extscache/omni.ui.scene-1.11.4+5941509b.lx64.r.cp312)
 -> 'omni.usd' = { version='^' } selected: [omni.usd-1.13.13] Available versions:
	 - [omni.usd-1.13.13+5941509b.lx64.r.cp312] (/mnt/c/projects/kit-app-template/_build/linux-x86_64/release/extscache/omni.usd-1.13.13+5941509b.lx64.r.cp312)
[ext: omni.kit.widget.searchfield-1.1.8] deps:
 -> 'omni.ui' = { version='^' } selected: [omni.ui-2.27.2] Available versions:
	 - [omni.ui-2.27.2+5941509b.lx64.r.cp312] (/mnt/c/projects/kit-app-template/_build/linux-x86_64/release/extscache/omni.ui-2.27.2+5941509b.lx64.r.cp312)
[ext: omni.kit.widget.toolbar-2.0.2] deps:
 -> 'omni.kit.actions.core' = { version='^' } selected: [omni.kit.actions.core-1.0.0] Available versions:
	 - [omni.kit.actions.core-1.0.0+5941509b.lx64.r.cp312] (/mnt/c/projects/kit-app-template/_build/linux-x86_64/release/extscache/omni.kit.actions.core-1.0.0+5941509b.lx64.r.cp312)
 -> 'omni.kit.commands' = { version='^' } selected: [omni.kit.commands-1.4.10] Available versions:
	 - [omni.kit.commands-1.4.10+5941509b.lx64.r.cp312] (/mnt/c/projects/kit-app-template/_build/linux-x86_64/release/extscache/omni.kit.commands-1.4.10+5941509b.lx64.r.cp312)
 -> 'omni.kit.context_menu' = { version='^' } selected: [omni.kit.context_menu-1.8.6] Available versions:
	 - [omni.kit.context_menu-1.8.6+5941509b] (/mnt/c/projects/kit-app-template/_build/linux-x86_64/release/extscache/omni.kit.context_menu-1.8.6+5941509b)
 -> 'omni.kit.menu.utils' = { version='^' } selected: [omni.kit.menu.utils-2.1.0] Available versions:
	 - [omni.kit.menu.utils-2.1.0+5941509b] (/mnt/c/projects/kit-app-template/_build/linux-x86_64/release/extscache/omni.kit.menu.utils-2.1.0+5941509b)
 -> 'omni.kit.widget.options_menu' = { version='^' } selected: [omni.kit.widget.options_menu-1.1.6] Available versions:
	 - [omni.kit.widget.options_menu-1.1.6+5941509b] (/mnt/c/projects/kit-app-template/_build/linux-x86_64/release/extscache/omni.kit.widget.options_menu-1.1.6+5941509b)
 -> 'omni.timeline' = { version='^' } selected: [omni.timeline-1.1.0] Available versions:
	 - [omni.timeline-1.1.0+5941509b.lx64.r.cp312] (/mnt/c/projects/kit-app-template/_build/linux-x86_64/release/extscache/omni.timeline-1.1.0+5941509b.lx64.r.cp312)
 -> 'omni.ui' = { version='^' } selected: [omni.ui-2.27.2] Available versions:
	 - [omni.ui-2.27.2+5941509b.lx64.r.cp312] (/mnt/c/projects/kit-app-template/_build/linux-x86_64/release/extscache/omni.ui-2.27.2+5941509b.lx64.r.cp312)
[ext: omni.graph.tools-1.79.3] deps:
 -> 'omni.kit.test' = { version='^' } selected: [omni.kit.test-2.0.1] Available versions:
	 - [omni.kit.test-2.0.1+5941509b.lx64.r.cp312] (/mnt/c/projects/kit-app-template/_build/linux-x86_64/release/extscache/omni.kit.test-2.0.1+5941509b.lx64.r.cp312)
 -> 'omni.usd.libs' = { version='^' } selected: [omni.usd.libs-1.0.1] Available versions:
	 - [omni.usd.libs-1.0.1+5941509b.lx64.r.cp312] (/mnt/c/projects/kit-app-template/_build/linux-x86_64/release/extscache/omni.usd.libs-1.0.1+5941509b.lx64.r.cp312)
[ext: omni.kit.manipulator.transform-107.0.0] deps:
 -> 'omni.kit.context_menu' = { version='^' } selected: [omni.kit.context_menu-1.8.6] Available versions:
	 - [omni.kit.context_menu-1.8.6+5941509b] (/mnt/c/projects/kit-app-template/_build/linux-x86_64/release/extscache/omni.kit.context_menu-1.8.6+5941509b)
 -> 'omni.kit.pip_archive' = { version='^' } selected: [omni.kit.pip_archive-0.0.0] Available versions:
	 - [omni.kit.pip_archive-0.0.0+5941509b.lx64.cp312] (registry)
 -> 'omni.kit.window.preferences' = { version='^' optional=true  } selected: [omni.kit.window.preferences-1.8.0] Available versions:
	 - [omni.kit.window.preferences-1.8.0+5941509b] (/mnt/c/projects/kit-app-template/_build/linux-x86_64/release/extscache/omni.kit.window.preferences-1.8.0+5941509b)
 -> 'omni.ui' = { version='^' } selected: [omni.ui-2.27.2] Available versions:
	 - [omni.ui-2.27.2+5941509b.lx64.r.cp312] (/mnt/c/projects/kit-app-template/_build/linux-x86_64/release/extscache/omni.ui-2.27.2+5941509b.lx64.r.cp312)
 -> 'omni.ui.scene' = { version='^' } selected: [omni.ui.scene-1.11.4] Available versions:
	 - [omni.ui.scene-1.11.4+5941509b.lx64.r.cp312] (/mnt/c/projects/kit-app-template/_build/linux-x86_64/release/extscache/omni.ui.scene-1.11.4+5941509b.lx64.r.cp312)
[ext: omni.kit.viewport.utility-1.2.2] deps:
 -> 'omni.kit.viewport.window' = { version='^' optional=true  } selected: [omni.kit.viewport.window-107.0.14] Available versions:
	 - [omni.kit.viewport.window-107.0.14+5941509b] (/mnt/c/projects/kit-app-template/_build/linux-x86_64/release/extscache/omni.kit.viewport.window-107.0.14+5941509b)
 -> 'omni.usd.libs' = { version='^' } selected: [omni.usd.libs-1.0.1] Available versions:
	 - [omni.usd.libs-1.0.1+5941509b.lx64.r.cp312] (/mnt/c/projects/kit-app-template/_build/linux-x86_64/release/extscache/omni.usd.libs-1.0.1+5941509b.lx64.r.cp312)
[ext: omni.kit.manipulator.selector-1.1.3] deps:
 -> 'omni.usd' = { version='^' } selected: [omni.usd-1.13.13] Available versions:
	 - [omni.usd-1.13.13+5941509b.lx64.r.cp312] (/mnt/c/projects/kit-app-template/_build/linux-x86_64/release/extscache/omni.usd-1.13.13+5941509b.lx64.r.cp312)
[ext: omni.kit.window.preferences-1.8.0] deps:
 -> 'omni.kit.actions.core' = { version='^' } selected: [omni.kit.actions.core-1.0.0] Available versions:
	 - [omni.kit.actions.core-1.0.0+5941509b.lx64.r.cp312] (/mnt/c/projects/kit-app-template/_build/linux-x86_64/release/extscache/omni.kit.actions.core-1.0.0+5941509b.lx64.r.cp312)
 -> 'omni.kit.menu.utils' = { version='^' } selected: [omni.kit.menu.utils-2.1.0] Available versions:
	 - [omni.kit.menu.utils-2.1.0+5941509b] (/mnt/c/projects/kit-app-template/_build/linux-x86_64/release/extscache/omni.kit.menu.utils-2.1.0+5941509b)
 -> 'omni.kit.widget.settings' = { version='^' } selected: [omni.kit.widget.settings-1.2.3] Available versions:
	 - [omni.kit.widget.settings-1.2.3+5941509b] (/mnt/c/projects/kit-app-template/_build/linux-x86_64/release/extscache/omni.kit.widget.settings-1.2.3+5941509b)
 -> 'omni.kit.window.popup_dialog' = { version='^' } selected: [omni.kit.window.popup_dialog-2.0.24] Available versions:
	 - [omni.kit.window.popup_dialog-2.0.24+5941509b] (/mnt/c/projects/kit-app-template/_build/linux-x86_64/release/extscache/omni.kit.window.popup_dialog-2.0.24+5941509b)
 -> 'omni.ui' = { version='^' } selected: [omni.ui-2.27.2] Available versions:
	 - [omni.ui-2.27.2+5941509b.lx64.r.cp312] (/mnt/c/projects/kit-app-template/_build/linux-x86_64/release/extscache/omni.ui-2.27.2+5941509b.lx64.r.cp312)
 -> 'omni.usd' = { version='^' optional=true  } selected: [omni.usd-1.13.13] Available versions:
	 - [omni.usd-1.13.13+5941509b.lx64.r.cp312] (/mnt/c/projects/kit-app-template/_build/linux-x86_64/release/extscache/omni.usd-1.13.13+5941509b.lx64.r.cp312)
[ext: omni.kit.viewport.window-107.0.14] deps:
 -> 'omni.hydra.engine.stats' = { version='^' optional=true  } selected: [omni.hydra.engine.stats-1.0.3] Available versions:
	 - [omni.hydra.engine.stats-1.0.3+5941509b.lx64.r.cp312] (/mnt/c/projects/kit-app-template/_build/linux-x86_64/release/extscache/omni.hydra.engine.stats-1.0.3+5941509b.lx64.r.cp312)
 -> 'omni.kit.actions.core' = { version='^' } selected: [omni.kit.actions.core-1.0.0] Available versions:
	 - [omni.kit.actions.core-1.0.0+5941509b.lx64.r.cp312] (/mnt/c/projects/kit-app-template/_build/linux-x86_64/release/extscache/omni.kit.actions.core-1.0.0+5941509b.lx64.r.cp312)
 -> 'omni.kit.material.library' = { version='^' optional=true  } selected: [omni.kit.material.library-2.0.9] Available versions:
	 - [omni.kit.material.library-2.0.9+5941509b] (/mnt/c/projects/kit-app-template/_build/linux-x86_64/release/extscache/omni.kit.material.library-2.0.9+5941509b)
 -> 'omni.kit.menu.utils' = { version='^' optional=true  } selected: [omni.kit.menu.utils-2.1.0] Available versions:
	 - [omni.kit.menu.utils-2.1.0+5941509b] (/mnt/c/projects/kit-app-template/_build/linux-x86_64/release/extscache/omni.kit.menu.utils-2.1.0+5941509b)
 -> 'omni.kit.raycast.query' = { version='^' optional=true  } selected: [omni.kit.raycast.query-1.1.0] Available versions:
	 - [omni.kit.raycast.query-1.1.0+5941509b.lx64.r.cp312] (/mnt/c/projects/kit-app-template/_build/linux-x86_64/release/extscache/omni.kit.raycast.query-1.1.0+5941509b.lx64.r.cp312)
 -> 'omni.kit.usd.layers' = { version='^' optional=true  } selected: [omni.kit.usd.layers-2.3.2] Available versions:
	 - [omni.kit.usd.layers-2.3.2+5941509b.lx64.r.cp312] (/mnt/c/projects/kit-app-template/_build/linux-x86_64/release/extscache/omni.kit.usd.layers-2.3.2+5941509b.lx64.r.cp312)
 -> 'omni.kit.viewport.legacy_gizmos' = { version='^' optional=true  } selected: [omni.kit.viewport.legacy_gizmos-1.0.21] Available versions:
	 - [omni.kit.viewport.legacy_gizmos-1.0.21+5941509b.lx64.r.cp312] (/mnt/c/projects/kit-app-template/_build/linux-x86_64/release/extscache/omni.kit.viewport.legacy_gizmos-1.0.21+5941509b.lx64.r.cp312)
 -> 'omni.kit.viewport.registry' = { version='^' } selected: [omni.kit.viewport.registry-104.0.6] Available versions:
	 - [omni.kit.viewport.registry-104.0.6+5941509b] (/mnt/c/projects/kit-app-template/_build/linux-x86_64/release/extscache/omni.kit.viewport.registry-104.0.6+5941509b)
 -> 'omni.kit.widget.viewport' = { version='^' } selected: [omni.kit.widget.viewport-108.0.1] Available versions:
	 - [omni.kit.widget.viewport-108.0.1+5941509b] (/mnt/c/projects/kit-app-template/_build/linux-x86_64/release/extscache/omni.kit.widget.viewport-108.0.1+5941509b)
 -> 'omni.kit.window.drop_support' = { version='^' optional=true  } selected: [omni.kit.window.drop_support-1.0.6] Available versions:
	 - [omni.kit.window.drop_support-1.0.6+5941509b] (/mnt/c/projects/kit-app-template/_build/linux-x86_64/release/extscache/omni.kit.window.drop_support-1.0.6+5941509b)
 -> 'omni.timeline' = { version='^' } selected: [omni.timeline-1.1.0] Available versions:
	 - [omni.timeline-1.1.0+5941509b.lx64.r.cp312] (/mnt/c/projects/kit-app-template/_build/linux-x86_64/release/extscache/omni.timeline-1.1.0+5941509b.lx64.r.cp312)
 -> 'omni.ui' = { version='^' } selected: [omni.ui-2.27.2] Available versions:
	 - [omni.ui-2.27.2+5941509b.lx64.r.cp312] (/mnt/c/projects/kit-app-template/_build/linux-x86_64/release/extscache/omni.ui-2.27.2+5941509b.lx64.r.cp312)
 -> 'omni.ui.scene' = { version='^' } selected: [omni.ui.scene-1.11.4] Available versions:
	 - [omni.ui.scene-1.11.4+5941509b.lx64.r.cp312] (/mnt/c/projects/kit-app-template/_build/linux-x86_64/release/extscache/omni.ui.scene-1.11.4+5941509b.lx64.r.cp312)
 -> 'omni.usd' = { version='^' } selected: [omni.usd-1.13.13] Available versions:
	 - [omni.usd-1.13.13+5941509b.lx64.r.cp312] (/mnt/c/projects/kit-app-template/_build/linux-x86_64/release/extscache/omni.usd-1.13.13+5941509b.lx64.r.cp312)
[ext: omni.graph.core-2.184.7] deps:
 -> 'omni.gpucompute.plugins' = { version='^' } selected: [omni.gpucompute.plugins-0.0.0] Available versions:
	 - [omni.gpucompute.plugins-0.0.0+5941509b.lx64.r] (/mnt/c/projects/kit-app-template/_build/linux-x86_64/release/extscache/omni.gpucompute.plugins-0.0.0+5941509b.lx64.r)
 -> 'omni.kit.exec.core' = { version='^' } selected: [omni.kit.exec.core-0.13.4] Available versions:
	 - [omni.kit.exec.core-0.13.4+5941509b.lx64.r.cp312] (/mnt/c/projects/kit-app-template/_build/linux-x86_64/release/extscache/omni.kit.exec.core-0.13.4+5941509b.lx64.r.cp312)
 -> 'omni.kit.renderer.core' = { version='^' } selected: [omni.kit.renderer.core-1.1.1] Available versions:
	 - [omni.kit.renderer.core-1.1.1+5941509b.lx64.r.cp312] (/mnt/c/projects/kit-app-template/_build/linux-x86_64/release/extscache/omni.kit.renderer.core-1.1.1+5941509b.lx64.r.cp312)
 -> 'omni.usd' = { version='^' } selected: [omni.usd-1.13.13] Available versions:
	 - [omni.usd-1.13.13+5941509b.lx64.r.cp312] (/mnt/c/projects/kit-app-template/_build/linux-x86_64/release/extscache/omni.usd-1.13.13+5941509b.lx64.r.cp312)
 -> 'omni.usd.schema.omnigraph' = { version='^' } selected: [omni.usd.schema.omnigraph-1.0.0] Available versions:
	 - [omni.usd.schema.omnigraph-1.0.0+5941509b.lx64.r.cp312] (/mnt/c/projects/kit-app-template/_build/linux-x86_64/release/extscache/omni.usd.schema.omnigraph-1.0.0+5941509b.lx64.r.cp312)
 -> 'usdrt.scenegraph' = { version='^' } selected: [usdrt.scenegraph-7.6.1] Available versions:
	 - [usdrt.scenegraph-7.6.1+5941509b.lx64.r.cp312] (/mnt/c/projects/kit-app-template/_build/linux-x86_64/release/extscache/usdrt.scenegraph-7.6.1+5941509b.lx64.r.cp312)
[ext: omni.kit.viewport.legacy_gizmos-1.0.21] deps:
 -> 'carb.windowing.plugins' = { version='^' } selected: [carb.windowing.plugins-1.0.0] Available versions:
	 - [carb.windowing.plugins-1.0.0+5941509b.lx64.r] (/mnt/c/projects/kit-app-template/_build/linux-x86_64/release/extscache/carb.windowing.plugins-1.0.0+5941509b.lx64.r)
 -> 'omni.usd' = { version='^' } selected: [omni.usd-1.13.13] Available versions:
	 - [omni.usd-1.13.13+5941509b.lx64.r.cp312] (/mnt/c/projects/kit-app-template/_build/linux-x86_64/release/extscache/omni.usd-1.13.13+5941509b.lx64.r.cp312)
[ext: omni.kit.widget.viewport-108.0.1] deps:
 -> 'omni.activity.core' = { version='^' optional=true  } selected: [omni.activity.core-1.0.3] Available versions:
	 - [omni.activity.core-1.0.3+5941509b.lx64.r.cp312] (/mnt/c/projects/kit-app-template/_build/linux-x86_64/release/extscache/omni.activity.core-1.0.3+5941509b.lx64.r.cp312)
 -> 'omni.kit.commands' = { version='^' optional=true  } selected: [omni.kit.commands-1.4.10] Available versions:
	 - [omni.kit.commands-1.4.10+5941509b.lx64.r.cp312] (/mnt/c/projects/kit-app-template/_build/linux-x86_64/release/extscache/omni.kit.commands-1.4.10+5941509b.lx64.r.cp312)
 -> 'omni.kit.hydra_texture' = { version='^' } selected: [omni.kit.hydra_texture-1.4.7] Available versions:
	 - [omni.kit.hydra_texture-1.4.7+5941509b.lx64.r.cp312] (/mnt/c/projects/kit-app-template/_build/linux-x86_64/release/extscache/omni.kit.hydra_texture-1.4.7+5941509b.lx64.r.cp312)
 -> 'omni.kit.viewport.scene_camera_model' = { version='^' optional=true  } selected: [omni.kit.viewport.scene_camera_model-1.0.6] Available versions:
	 - [omni.kit.viewport.scene_camera_model-1.0.6+5941509b.lx64.r.cp312] (/mnt/c/projects/kit-app-template/_build/linux-x86_64/release/extscache/omni.kit.viewport.scene_camera_model-1.0.6+5941509b.lx64.r.cp312)
 -> 'omni.ui' = { version='^' } selected: [omni.ui-2.27.2] Available versions:
	 - [omni.ui-2.27.2+5941509b.lx64.r.cp312] (/mnt/c/projects/kit-app-template/_build/linux-x86_64/release/extscache/omni.ui-2.27.2+5941509b.lx64.r.cp312)
[ext: omni.kit.window.drop_support-1.0.6] deps:
 -> 'omni.appwindow' = { version='^' } selected: [omni.appwindow-1.2.0] Available versions:
	 - [omni.appwindow-1.2.0+5941509b.lx64.r.cp312] (/mnt/c/projects/kit-app-template/_build/linux-x86_64/release/extscache/omni.appwindow-1.2.0+5941509b.lx64.r.cp312)
 -> 'omni.ui' = { version='^' } selected: [omni.ui-2.27.2] Available versions:
	 - [omni.ui-2.27.2+5941509b.lx64.r.cp312] (/mnt/c/projects/kit-app-template/_build/linux-x86_64/release/extscache/omni.ui-2.27.2+5941509b.lx64.r.cp312)
[ext: omni.kit.viewport.registry-104.0.6] deps:
 -> 'omni.ui' = { version='^' } selected: [omni.ui-2.27.2] Available versions:
	 - [omni.ui-2.27.2+5941509b.lx64.r.cp312] (/mnt/c/projects/kit-app-template/_build/linux-x86_64/release/extscache/omni.ui-2.27.2+5941509b.lx64.r.cp312)
[ext: omni.kit.hydra_texture-1.4.7] deps:
 -> 'omni.gpu_foundation' = { version='^' } selected: [omni.gpu_foundation-0.0.0] Available versions:
	 - [omni.gpu_foundation-0.0.0+5941509b.lx64.r.cp312] (/mnt/c/projects/kit-app-template/_build/linux-x86_64/release/extscache/omni.gpu_foundation-0.0.0+5941509b.lx64.r.cp312)
 -> 'omni.hydra.rtx' = { version='^' optional=true  } selected: [omni.hydra.rtx-1.0.0] Available versions:
	 - [omni.hydra.rtx-1.0.0+5941509b.lx64.r] (/mnt/c/projects/kit-app-template/_build/linux-x86_64/release/extscache/omni.hydra.rtx-1.0.0+5941509b.lx64.r)
 -> 'omni.kit.renderer.core' = { version='^' optional=true  } selected: [omni.kit.renderer.core-1.1.1] Available versions:
	 - [omni.kit.renderer.core-1.1.1+5941509b.lx64.r.cp312] (/mnt/c/projects/kit-app-template/_build/linux-x86_64/release/extscache/omni.kit.renderer.core-1.1.1+5941509b.lx64.r.cp312)
 -> 'omni.usd' = { version='^' } selected: [omni.usd-1.13.13] Available versions:
	 - [omni.usd-1.13.13+5941509b.lx64.r.cp312] (/mnt/c/projects/kit-app-template/_build/linux-x86_64/release/extscache/omni.usd-1.13.13+5941509b.lx64.r.cp312)
[ext: omni.kit.viewport.scene_camera_model-1.0.6] deps:
 -> 'omni.ui.scene' = { version='^' } selected: [omni.ui.scene-1.11.4] Available versions:
	 - [omni.ui.scene-1.11.4+5941509b.lx64.r.cp312] (/mnt/c/projects/kit-app-template/_build/linux-x86_64/release/extscache/omni.ui.scene-1.11.4+5941509b.lx64.r.cp312)
 -> 'omni.usd' = { version='^' } selected: [omni.usd-1.13.13] Available versions:
	 - [omni.usd-1.13.13+5941509b.lx64.r.cp312] (/mnt/c/projects/kit-app-template/_build/linux-x86_64/release/extscache/omni.usd-1.13.13+5941509b.lx64.r.cp312)
[ext: omni.kit.widget.settings-1.2.3] deps:
 -> 'omni.kit.commands' = { version='^' } selected: [omni.kit.commands-1.4.10] Available versions:
	 - [omni.kit.commands-1.4.10+5941509b.lx64.r.cp312] (/mnt/c/projects/kit-app-template/_build/linux-x86_64/release/extscache/omni.kit.commands-1.4.10+5941509b.lx64.r.cp312)
 -> 'omni.kit.widget.searchable_combobox' = { version='^' optional=true  } selected: [omni.kit.widget.searchable_combobox-1.0.6] Available versions:
	 - [omni.kit.widget.searchable_combobox-1.0.6+5941509b] (/mnt/c/projects/kit-app-template/_build/linux-x86_64/release/extscache/omni.kit.widget.searchable_combobox-1.0.6+5941509b)
 -> 'omni.ui' = { version='^' } selected: [omni.ui-2.27.2] Available versions:
	 - [omni.ui-2.27.2+5941509b.lx64.r.cp312] (/mnt/c/projects/kit-app-template/_build/linux-x86_64/release/extscache/omni.ui-2.27.2+5941509b.lx64.r.cp312)
[ext: omni.kit.material.library-2.0.9] deps:
 -> 'omni.client' = { version='^' } selected: [omni.client-1.3.0] Available versions:
	 - [omni.client-1.3.0+5941509b.lx64.r] (/mnt/c/projects/kit-app-template/_build/linux-x86_64/release/extscache/omni.client-1.3.0+5941509b.lx64.r)
 -> 'omni.kit.actions.core' = { version='^' } selected: [omni.kit.actions.core-1.0.0] Available versions:
	 - [omni.kit.actions.core-1.0.0+5941509b.lx64.r.cp312] (/mnt/c/projects/kit-app-template/_build/linux-x86_64/release/extscache/omni.kit.actions.core-1.0.0+5941509b.lx64.r.cp312)
 -> 'omni.kit.commands' = { version='^' } selected: [omni.kit.commands-1.4.10] Available versions:
	 - [omni.kit.commands-1.4.10+5941509b.lx64.r.cp312] (/mnt/c/projects/kit-app-template/_build/linux-x86_64/release/extscache/omni.kit.commands-1.4.10+5941509b.lx64.r.cp312)
 -> 'omni.kit.context_menu' = { version='^' optional=true  } selected: [omni.kit.context_menu-1.8.6] Available versions:
	 - [omni.kit.context_menu-1.8.6+5941509b] (/mnt/c/projects/kit-app-template/_build/linux-x86_64/release/extscache/omni.kit.context_menu-1.8.6+5941509b)
 -> 'omni.kit.menu.utils' = { version='^' optional=true  } selected: [omni.kit.menu.utils-2.1.0] Available versions:
	 - [omni.kit.menu.utils-2.1.0+5941509b] (/mnt/c/projects/kit-app-template/_build/linux-x86_64/release/extscache/omni.kit.menu.utils-2.1.0+5941509b)
 -> 'omni.kit.notification_manager' = { version='^' optional=true  } selected: [omni.kit.notification_manager-1.0.10] Available versions:
	 - [omni.kit.notification_manager-1.0.10+5941509b] (/mnt/c/projects/kit-app-template/_build/linux-x86_64/release/extscache/omni.kit.notification_manager-1.0.10+5941509b)
 -> 'omni.kit.usd.layers' = { version='^' } selected: [omni.kit.usd.layers-2.3.2] Available versions:
	 - [omni.kit.usd.layers-2.3.2+5941509b.lx64.r.cp312] (/mnt/c/projects/kit-app-template/_build/linux-x86_64/release/extscache/omni.kit.usd.layers-2.3.2+5941509b.lx64.r.cp312)
 -> 'omni.kit.window.file_importer' = { version='^' optional=true  } selected: [omni.kit.window.file_importer-1.1.18] Available versions:
	 - [omni.kit.window.file_importer-1.1.18+5941509b] (/mnt/c/projects/kit-app-template/_build/linux-x86_64/release/extscache/omni.kit.window.file_importer-1.1.18+5941509b)
 -> 'omni.materialx.libs' = { version='^' } selected: [omni.materialx.libs-1.0.9] Available versions:
	 - [omni.materialx.libs-1.0.9+5941509b.lx64.r.cp312] (/mnt/c/projects/kit-app-template/_build/linux-x86_64/release/extscache/omni.materialx.libs-1.0.9+5941509b.lx64.r.cp312)
 -> 'omni.mdl' = { version='^' } selected: [omni.mdl-56.0.3] Available versions:
	 - [omni.mdl-56.0.3+5941509b.lx64.r.cp312] (/mnt/c/projects/kit-app-template/_build/linux-x86_64/release/extscache/omni.mdl-56.0.3+5941509b.lx64.r.cp312)
 -> 'omni.mdl.neuraylib' = { version='^' } selected: [omni.mdl.neuraylib-0.2.15] Available versions:
	 - [omni.mdl.neuraylib-0.2.15+5941509b.lx64.r.cp312] (/mnt/c/projects/kit-app-template/_build/linux-x86_64/release/extscache/omni.mdl.neuraylib-0.2.15+5941509b.lx64.r.cp312)
 -> 'omni.ui' = { version='^' } selected: [omni.ui-2.27.2] Available versions:
	 - [omni.ui-2.27.2+5941509b.lx64.r.cp312] (/mnt/c/projects/kit-app-template/_build/linux-x86_64/release/extscache/omni.ui-2.27.2+5941509b.lx64.r.cp312)
 -> 'omni.usd' = { version='^' } selected: [omni.usd-1.13.13] Available versions:
	 - [omni.usd-1.13.13+5941509b.lx64.r.cp312] (/mnt/c/projects/kit-app-template/_build/linux-x86_64/release/extscache/omni.usd-1.13.13+5941509b.lx64.r.cp312)
[ext: omni.kit.raycast.query-1.1.0] deps:
 -> 'omni.hydra.rtx' = { version='^' optional=true  } selected: [omni.hydra.rtx-1.0.0] Available versions:
	 - [omni.hydra.rtx-1.0.0+5941509b.lx64.r] (/mnt/c/projects/kit-app-template/_build/linux-x86_64/release/extscache/omni.hydra.rtx-1.0.0+5941509b.lx64.r)
 -> 'omni.usd' = { version='^' } selected: [omni.usd-1.13.13] Available versions:
	 - [omni.usd-1.13.13+5941509b.lx64.r.cp312] (/mnt/c/projects/kit-app-template/_build/linux-x86_64/release/extscache/omni.usd-1.13.13+5941509b.lx64.r.cp312)
[ext: omni.kit.menu.utils-2.1.0] deps:
 -> 'omni.kit.actions.core' = { version='^' } selected: [omni.kit.actions.core-1.0.0] Available versions:
	 - [omni.kit.actions.core-1.0.0+5941509b.lx64.r.cp312] (/mnt/c/projects/kit-app-template/_build/linux-x86_64/release/extscache/omni.kit.actions.core-1.0.0+5941509b.lx64.r.cp312)
 -> 'omni.kit.menu.core' = { version='^' } selected: [omni.kit.menu.core-1.1.2] Available versions:
	 - [omni.kit.menu.core-1.1.2+5941509b] (/mnt/c/projects/kit-app-template/_build/linux-x86_64/release/extscache/omni.kit.menu.core-1.1.2+5941509b)
 -> 'omni.ui' = { version='^' } selected: [omni.ui-2.27.2] Available versions:
	 - [omni.ui-2.27.2+5941509b.lx64.r.cp312] (/mnt/c/projects/kit-app-template/_build/linux-x86_64/release/extscache/omni.ui-2.27.2+5941509b.lx64.r.cp312)
[ext: omni.kit.window.file_importer-1.1.18] deps:
 -> 'omni.kit.async_engine' = { version='^' } selected: [omni.kit.async_engine-0.0.3] Available versions:
	 - [omni.kit.async_engine-0.0.3] (/home/kamran/.cache/packman/chk/kit-kernel/108.0.0+feature.221586.5941509b.gl.manylinux_2_35_x86_64.release+c3/extscore/omni.kit.async_engine)
 -> 'omni.kit.window.filepicker' = { version='^' } selected: [omni.kit.window.filepicker-2.13.7] Available versions:
	 - [omni.kit.window.filepicker-2.13.7+5941509b] (/mnt/c/projects/kit-app-template/_build/linux-x86_64/release/extscache/omni.kit.window.filepicker-2.13.7+5941509b)
 -> 'omni.ui' = { version='^' } selected: [omni.ui-2.27.2] Available versions:
	 - [omni.ui-2.27.2+5941509b.lx64.r.cp312] (/mnt/c/projects/kit-app-template/_build/linux-x86_64/release/extscache/omni.ui-2.27.2+5941509b.lx64.r.cp312)
 -> 'omni.usd' = { version='^' optional=true  } selected: [omni.usd-1.13.13] Available versions:
	 - [omni.usd-1.13.13+5941509b.lx64.r.cp312] (/mnt/c/projects/kit-app-template/_build/linux-x86_64/release/extscache/omni.usd-1.13.13+5941509b.lx64.r.cp312)
[ext: omni.hydra.rtx-1.0.0] deps:
 -> 'omni.client' = { version='^' } selected: [omni.client-1.3.0] Available versions:
	 - [omni.client-1.3.0+5941509b.lx64.r] (/mnt/c/projects/kit-app-template/_build/linux-x86_64/release/extscache/omni.client-1.3.0+5941509b.lx64.r)
 -> 'omni.gpu_foundation' = { version='^' } selected: [omni.gpu_foundation-0.0.0] Available versions:
	 - [omni.gpu_foundation-0.0.0+5941509b.lx64.r.cp312] (/mnt/c/projects/kit-app-template/_build/linux-x86_64/release/extscache/omni.gpu_foundation-0.0.0+5941509b.lx64.r.cp312)
 -> 'omni.hydra.rtx.shadercache.vulkan' = { version='^' } selected: [omni.hydra.rtx.shadercache.vulkan-1.0.0] Available versions:
	 - [omni.hydra.rtx.shadercache.vulkan-1.0.0+5941509b.lx64.r] (registry)
 -> 'omni.hydra.scene_delegate' = { version='^' } selected: [omni.hydra.scene_delegate-0.3.4] Available versions:
	 - [omni.hydra.scene_delegate-0.3.4+5941509b.lx64.r] (/mnt/c/projects/kit-app-template/_build/linux-x86_64/release/extscache/omni.hydra.scene_delegate-0.3.4+5941509b.lx64.r)
 -> 'omni.index' = { version='^' } selected: [omni.index-1.0.1] Available versions:
	 - [omni.index-1.0.1+5941509b.lx64.r] (/mnt/c/projects/kit-app-template/_build/linux-x86_64/release/extscache/omni.index-1.0.1+5941509b.lx64.r)
 -> 'omni.kit.usd.mdl' = { version='^' } selected: [omni.kit.usd.mdl-1.1.5] Available versions:
	 - [omni.kit.usd.mdl-1.1.5+5941509b.lx64.r.cp312] (/mnt/c/projects/kit-app-template/_build/linux-x86_64/release/extscache/omni.kit.usd.mdl-1.1.5+5941509b.lx64.r.cp312)
 -> 'omni.mdl.neuraylib' = { version='^' } selected: [omni.mdl.neuraylib-0.2.15] Available versions:
	 - [omni.mdl.neuraylib-0.2.15+5941509b.lx64.r.cp312] (/mnt/c/projects/kit-app-template/_build/linux-x86_64/release/extscache/omni.mdl.neuraylib-0.2.15+5941509b.lx64.r.cp312)
 -> 'omni.ujitso.client' = { version='^' } selected: [omni.ujitso.client-0.0.0] Available versions:
	 - [omni.ujitso.client-0.0.0+5941509b.lx64.r] (/mnt/c/projects/kit-app-template/_build/linux-x86_64/release/extscache/omni.ujitso.client-0.0.0+5941509b.lx64.r)
 -> 'omni.usd.core' = { version='^' } selected: [omni.usd.core-1.5.4] Available versions:
	 - [omni.usd.core-1.5.4+5941509b.lx64.r] (/mnt/c/projects/kit-app-template/_build/linux-x86_64/release/extscache/omni.usd.core-1.5.4+5941509b.lx64.r)
 -> 'omni.volume' = { version='^' } selected: [omni.volume-0.5.2] Available versions:
	 - [omni.volume-0.5.2+5941509b.lx64.r.cp312] (/mnt/c/projects/kit-app-template/_build/linux-x86_64/release/extscache/omni.volume-0.5.2+5941509b.lx64.r.cp312)
[ext: omni.kit.window.filepicker-2.13.7] deps:
 -> 'omni.client' = { version='^' } selected: [omni.client-1.3.0] Available versions:
	 - [omni.client-1.3.0+5941509b.lx64.r] (/mnt/c/projects/kit-app-template/_build/linux-x86_64/release/extscache/omni.client-1.3.0+5941509b.lx64.r)
 -> 'omni.kit.clipboard' = { version='^' } selected: [omni.kit.clipboard-1.1.0] Available versions:
	 - [omni.kit.clipboard-1.1.0+5941509b.lx64.r.cp312] (/mnt/c/projects/kit-app-template/_build/linux-x86_64/release/extscache/omni.kit.clipboard-1.1.0+5941509b.lx64.r.cp312)
 -> 'omni.kit.helper.file_utils' = { version='^' } selected: [omni.kit.helper.file_utils-0.1.9] Available versions:
	 - [omni.kit.helper.file_utils-0.1.9+5941509b] (/mnt/c/projects/kit-app-template/_build/linux-x86_64/release/extscache/omni.kit.helper.file_utils-0.1.9+5941509b)
 -> 'omni.kit.notification_manager' = { version='^' } selected: [omni.kit.notification_manager-1.0.10] Available versions:
	 - [omni.kit.notification_manager-1.0.10+5941509b] (/mnt/c/projects/kit-app-template/_build/linux-x86_64/release/extscache/omni.kit.notification_manager-1.0.10+5941509b)
 -> 'omni.kit.widget.browser_bar' = { version='^' } selected: [omni.kit.widget.browser_bar-2.0.10] Available versions:
	 - [omni.kit.widget.browser_bar-2.0.10+5941509b] (/mnt/c/projects/kit-app-template/_build/linux-x86_64/release/extscache/omni.kit.widget.browser_bar-2.0.10+5941509b)
 -> 'omni.kit.widget.context_menu' = { version='^' } selected: [omni.kit.widget.context_menu-1.2.5] Available versions:
	 - [omni.kit.widget.context_menu-1.2.5+5941509b] (/mnt/c/projects/kit-app-template/_build/linux-x86_64/release/extscache/omni.kit.widget.context_menu-1.2.5+5941509b)
 -> 'omni.kit.widget.filebrowser' = { version='^' } selected: [omni.kit.widget.filebrowser-2.12.3] Available versions:
	 - [omni.kit.widget.filebrowser-2.12.3+5941509b] (/mnt/c/projects/kit-app-template/_build/linux-x86_64/release/extscache/omni.kit.widget.filebrowser-2.12.3+5941509b)
 -> 'omni.kit.widget.nucleus_connector' = { version='^' } selected: [omni.kit.widget.nucleus_connector-2.0.1] Available versions:
	 - [omni.kit.widget.nucleus_connector-2.0.1+5941509b] (/mnt/c/projects/kit-app-template/_build/linux-x86_64/release/extscache/omni.kit.widget.nucleus_connector-2.0.1+5941509b)
 -> 'omni.kit.widget.options_button' = { version='^' } selected: [omni.kit.widget.options_button-1.0.3] Available versions:
	 - [omni.kit.widget.options_button-1.0.3+5941509b] (/mnt/c/projects/kit-app-template/_build/linux-x86_64/release/extscache/omni.kit.widget.options_button-1.0.3+5941509b)
 -> 'omni.kit.window.popup_dialog' = { version='^' } selected: [omni.kit.window.popup_dialog-2.0.24] Available versions:
	 - [omni.kit.window.popup_dialog-2.0.24+5941509b] (/mnt/c/projects/kit-app-template/_build/linux-x86_64/release/extscache/omni.kit.window.popup_dialog-2.0.24+5941509b)
 -> 'omni.ui' = { version='^' } selected: [omni.ui-2.27.2] Available versions:
	 - [omni.ui-2.27.2+5941509b.lx64.r.cp312] (/mnt/c/projects/kit-app-template/_build/linux-x86_64/release/extscache/omni.ui-2.27.2+5941509b.lx64.r.cp312)
 -> 'omni.ui.scene' = { version='^' } selected: [omni.ui.scene-1.11.4] Available versions:
	 - [omni.ui.scene-1.11.4+5941509b.lx64.r.cp312] (/mnt/c/projects/kit-app-template/_build/linux-x86_64/release/extscache/omni.ui.scene-1.11.4+5941509b.lx64.r.cp312)
 -> 'omni.usd.core' = { version='^' optional=true  } selected: [omni.usd.core-1.5.4] Available versions:
	 - [omni.usd.core-1.5.4+5941509b.lx64.r] (/mnt/c/projects/kit-app-template/_build/linux-x86_64/release/extscache/omni.usd.core-1.5.4+5941509b.lx64.r)
[ext: omni.hydra.rtx.shadercache.vulkan-1.0.0] no deps
[ext: omni.ujitso.client-0.0.0] deps:
 -> 'omni.hsscclient' = { version='^' } selected: [omni.hsscclient-1.1.3] Available versions:
	 - [omni.hsscclient-1.1.3+5941509b.lx64.r.cp312] (/mnt/c/projects/kit-app-template/_build/linux-x86_64/release/extscache/omni.hsscclient-1.1.3+5941509b.lx64.r.cp312)
 -> 'omni.ujitso.default' = { version='^' } selected: [omni.ujitso.default-1.0.0] Available versions:
	 - [omni.ujitso.default-1.0.0+5941509b.lx64.r.cp312] (/mnt/c/projects/kit-app-template/_build/linux-x86_64/release/extscache/omni.ujitso.default-1.0.0+5941509b.lx64.r.cp312)
[ext: omni.index-1.0.1] deps:
 -> 'omni.client' = { version='^' } selected: [omni.client-1.3.0] Available versions:
	 - [omni.client-1.3.0+5941509b.lx64.r] (/mnt/c/projects/kit-app-template/_build/linux-x86_64/release/extscache/omni.client-1.3.0+5941509b.lx64.r)
 -> 'omni.index.libs' = { version='^' } selected: [omni.index.libs-387500.939.0] Available versions:
	 - [omni.index.libs-387500.939.0+5941509b.lx64.r] (registry)
 -> 'omni.usd.libs' = { version='^' } selected: [omni.usd.libs-1.0.1] Available versions:
	 - [omni.usd.libs-1.0.1+5941509b.lx64.r.cp312] (/mnt/c/projects/kit-app-template/_build/linux-x86_64/release/extscache/omni.usd.libs-1.0.1+5941509b.lx64.r.cp312)
[ext: omni.ui.scene-1.11.4] deps:
 -> 'omni.ui' = { version='^' } selected: [omni.ui-2.27.2] Available versions:
	 - [omni.ui-2.27.2+5941509b.lx64.r.cp312] (/mnt/c/projects/kit-app-template/_build/linux-x86_64/release/extscache/omni.ui-2.27.2+5941509b.lx64.r.cp312)
[ext: omni.kit.widget.filebrowser-2.12.3] deps:
 -> 'omni.client' = { version='^' } selected: [omni.client-1.3.0] Available versions:
	 - [omni.client-1.3.0+5941509b.lx64.r] (/mnt/c/projects/kit-app-template/_build/linux-x86_64/release/extscache/omni.client-1.3.0+5941509b.lx64.r)
 -> 'omni.kit.helper.file_utils' = { version='^' } selected: [omni.kit.helper.file_utils-0.1.9] Available versions:
	 - [omni.kit.helper.file_utils-0.1.9+5941509b] (/mnt/c/projects/kit-app-template/_build/linux-x86_64/release/extscache/omni.kit.helper.file_utils-0.1.9+5941509b)
 -> 'omni.ui' = { version='^' } selected: [omni.ui-2.27.2] Available versions:
	 - [omni.ui-2.27.2+5941509b.lx64.r.cp312] (/mnt/c/projects/kit-app-template/_build/linux-x86_64/release/extscache/omni.ui-2.27.2+5941509b.lx64.r.cp312)
[ext: omni.index.libs-387500.939.0] no deps
[ext: omni.kit.widget.searchable_combobox-1.0.6] deps:
 -> 'omni.ui' = { version='^' } selected: [omni.ui-2.27.2] Available versions:
	 - [omni.ui-2.27.2+5941509b.lx64.r.cp312] (/mnt/c/projects/kit-app-template/_build/linux-x86_64/release/extscache/omni.ui-2.27.2+5941509b.lx64.r.cp312)
[ext: omni.kit.context_menu-1.8.6] deps:
 -> 'omni.kit.usd.layers' = { version='^' } selected: [omni.kit.usd.layers-2.3.2] Available versions:
	 - [omni.kit.usd.layers-2.3.2+5941509b.lx64.r.cp312] (/mnt/c/projects/kit-app-template/_build/linux-x86_64/release/extscache/omni.kit.usd.layers-2.3.2+5941509b.lx64.r.cp312)
 -> 'omni.kit.widget.context_menu' = { version='^' } selected: [omni.kit.widget.context_menu-1.2.5] Available versions:
	 - [omni.kit.widget.context_menu-1.2.5+5941509b] (/mnt/c/projects/kit-app-template/_build/linux-x86_64/release/extscache/omni.kit.widget.context_menu-1.2.5+5941509b)
 -> 'omni.usd' = { version='^' } selected: [omni.usd-1.13.13] Available versions:
	 - [omni.usd-1.13.13+5941509b.lx64.r.cp312] (/mnt/c/projects/kit-app-template/_build/linux-x86_64/release/extscache/omni.usd-1.13.13+5941509b.lx64.r.cp312)
 -> 'omni.usd.schema.audio' = { version='^' optional=true  } selected: [omni.usd.schema.audio-0.0.0] Available versions:
	 - [omni.usd.schema.audio-0.0.0+5941509b.lx64.r.cp312] (/mnt/c/projects/kit-app-template/_build/linux-x86_64/release/extscache/omni.usd.schema.audio-0.0.0+5941509b.lx64.r.cp312)
[ext: omni.kit.widget.options_button-1.0.3] deps:
 -> 'omni.kit.widget.options_menu' = { version='^' } selected: [omni.kit.widget.options_menu-1.1.6] Available versions:
	 - [omni.kit.widget.options_menu-1.1.6+5941509b] (/mnt/c/projects/kit-app-template/_build/linux-x86_64/release/extscache/omni.kit.widget.options_menu-1.1.6+5941509b)
 -> 'omni.ui' = { version='^' } selected: [omni.ui-2.27.2] Available versions:
	 - [omni.ui-2.27.2+5941509b.lx64.r.cp312] (/mnt/c/projects/kit-app-template/_build/linux-x86_64/release/extscache/omni.ui-2.27.2+5941509b.lx64.r.cp312)
[ext: omni.kit.helper.file_utils-0.1.9] deps:
 -> 'omni.client' = { version='^' } selected: [omni.client-1.3.0] Available versions:
	 - [omni.client-1.3.0+5941509b.lx64.r] (/mnt/c/projects/kit-app-template/_build/linux-x86_64/release/extscache/omni.client-1.3.0+5941509b.lx64.r)
 -> 'omni.usd' = { version='^' optional=true  } selected: [omni.usd-1.13.13] Available versions:
	 - [omni.usd-1.13.13+5941509b.lx64.r.cp312] (/mnt/c/projects/kit-app-template/_build/linux-x86_64/release/extscache/omni.usd-1.13.13+5941509b.lx64.r.cp312)
[ext: omni.kit.notification_manager-1.0.10] deps:
 -> 'omni.ui' = { version='^' } selected: [omni.ui-2.27.2] Available versions:
	 - [omni.ui-2.27.2+5941509b.lx64.r.cp312] (/mnt/c/projects/kit-app-template/_build/linux-x86_64/release/extscache/omni.ui-2.27.2+5941509b.lx64.r.cp312)
[ext: omni.kit.clipboard-1.1.0] deps:
 -> 'omni.appwindow' = { version='^' } selected: [omni.appwindow-1.2.0] Available versions:
	 - [omni.appwindow-1.2.0+5941509b.lx64.r.cp312] (/mnt/c/projects/kit-app-template/_build/linux-x86_64/release/extscache/omni.appwindow-1.2.0+5941509b.lx64.r.cp312)
[ext: omni.kit.widget.context_menu-1.2.5] deps:
 -> 'omni.kit.menu.core' = { version='^' } selected: [omni.kit.menu.core-1.1.2] Available versions:
	 - [omni.kit.menu.core-1.1.2+5941509b] (/mnt/c/projects/kit-app-template/_build/linux-x86_64/release/extscache/omni.kit.menu.core-1.1.2+5941509b)
 -> 'omni.ui' = { version='^' } selected: [omni.ui-2.27.2] Available versions:
	 - [omni.ui-2.27.2+5941509b.lx64.r.cp312] (/mnt/c/projects/kit-app-template/_build/linux-x86_64/release/extscache/omni.ui-2.27.2+5941509b.lx64.r.cp312)
[ext: omni.kit.widget.options_menu-1.1.6] deps:
 -> 'omni.ui' = { version='^' } selected: [omni.ui-2.27.2] Available versions:
	 - [omni.ui-2.27.2+5941509b.lx64.r.cp312] (/mnt/c/projects/kit-app-template/_build/linux-x86_64/release/extscache/omni.ui-2.27.2+5941509b.lx64.r.cp312)
[ext: omni.kit.menu.core-1.1.2] deps:
 -> 'omni.ui' = { version='^' } selected: [omni.ui-2.27.2] Available versions:
	 - [omni.ui-2.27.2+5941509b.lx64.r.cp312] (/mnt/c/projects/kit-app-template/_build/linux-x86_64/release/extscache/omni.ui-2.27.2+5941509b.lx64.r.cp312)
[ext: omni.kit.usd.layers-2.3.2] deps:
 -> 'omni.client' = { version='^' } selected: [omni.client-1.3.0] Available versions:
	 - [omni.client-1.3.0+5941509b.lx64.r] (/mnt/c/projects/kit-app-template/_build/linux-x86_64/release/extscache/omni.client-1.3.0+5941509b.lx64.r)
 -> 'omni.kit.commands' = { version='^' } selected: [omni.kit.commands-1.4.10] Available versions:
	 - [omni.kit.commands-1.4.10+5941509b.lx64.r.cp312] (/mnt/c/projects/kit-app-template/_build/linux-x86_64/release/extscache/omni.kit.commands-1.4.10+5941509b.lx64.r.cp312)
 -> 'omni.usd' = { version='^' } selected: [omni.usd-1.13.13] Available versions:
	 - [omni.usd-1.13.13+5941509b.lx64.r.cp312] (/mnt/c/projects/kit-app-template/_build/linux-x86_64/release/extscache/omni.usd-1.13.13+5941509b.lx64.r.cp312)
 -> 'omni.usd.libs' = { version='^' } selected: [omni.usd.libs-1.0.1] Available versions:
	 - [omni.usd.libs-1.0.1+5941509b.lx64.r.cp312] (/mnt/c/projects/kit-app-template/_build/linux-x86_64/release/extscache/omni.usd.libs-1.0.1+5941509b.lx64.r.cp312)
[ext: omni.hydra.engine.stats-1.0.3] deps:
 -> 'omni.gpu_foundation' = { version='^' } selected: [omni.gpu_foundation-0.0.0] Available versions:
	 - [omni.gpu_foundation-0.0.0+5941509b.lx64.r.cp312] (/mnt/c/projects/kit-app-template/_build/linux-x86_64/release/extscache/omni.gpu_foundation-0.0.0+5941509b.lx64.r.cp312)
 -> 'omni.usd' = { version='^' } selected: [omni.usd-1.13.13] Available versions:
	 - [omni.usd-1.13.13+5941509b.lx64.r.cp312] (/mnt/c/projects/kit-app-template/_build/linux-x86_64/release/extscache/omni.usd-1.13.13+5941509b.lx64.r.cp312)
[ext: omni.kit.widget.browser_bar-2.0.10] deps:
 -> 'omni.kit.widget.path_field' = { version='^' } selected: [omni.kit.widget.path_field-2.0.12] Available versions:
	 - [omni.kit.widget.path_field-2.0.12+5941509b] (/mnt/c/projects/kit-app-template/_build/linux-x86_64/release/extscache/omni.kit.widget.path_field-2.0.12+5941509b)
 -> 'omni.ui' = { version='^' } selected: [omni.ui-2.27.2] Available versions:
	 - [omni.ui-2.27.2+5941509b.lx64.r.cp312] (/mnt/c/projects/kit-app-template/_build/linux-x86_64/release/extscache/omni.ui-2.27.2+5941509b.lx64.r.cp312)
[ext: omni.volume-0.5.2] deps:
 -> 'omni.assets.plugins' = { version='^' } selected: [omni.assets.plugins-0.0.0] Available versions:
	 - [omni.assets.plugins-0.0.0+5941509b.lx64.r] (/mnt/c/projects/kit-app-template/_build/linux-x86_64/release/extscache/omni.assets.plugins-0.0.0+5941509b.lx64.r)
 -> 'omni.client' = { version='^' } selected: [omni.client-1.3.0] Available versions:
	 - [omni.client-1.3.0+5941509b.lx64.r] (/mnt/c/projects/kit-app-template/_build/linux-x86_64/release/extscache/omni.client-1.3.0+5941509b.lx64.r)
 -> 'omni.kit.pip_archive' = { version='^' } selected: [omni.kit.pip_archive-0.0.0] Available versions:
	 - [omni.kit.pip_archive-0.0.0+5941509b.lx64.cp312] (registry)
[ext: omni.kit.widget.path_field-2.0.12] deps:
 -> 'omni.ui' = { version='^' } selected: [omni.ui-2.27.2] Available versions:
	 - [omni.ui-2.27.2+5941509b.lx64.r.cp312] (/mnt/c/projects/kit-app-template/_build/linux-x86_64/release/extscache/omni.ui-2.27.2+5941509b.lx64.r.cp312)
[ext: omni.usd.schema.omnigraph-1.0.0] deps:
 -> 'omni.usd.libs' = { version='^' } selected: [omni.usd.libs-1.0.1] Available versions:
	 - [omni.usd.libs-1.0.1+5941509b.lx64.r.cp312] (/mnt/c/projects/kit-app-template/_build/linux-x86_64/release/extscache/omni.usd.libs-1.0.1+5941509b.lx64.r.cp312)
[ext: omni.kit.asset_converter-5.0.12] deps:
 -> 'omni.client' = { version='^' } selected: [omni.client-1.3.0] Available versions:
	 - [omni.client-1.3.0+5941509b.lx64.r] (/mnt/c/projects/kit-app-template/_build/linux-x86_64/release/extscache/omni.client-1.3.0+5941509b.lx64.r)
 -> 'omni.mdl' = { version='^' } selected: [omni.mdl-56.0.3] Available versions:
	 - [omni.mdl-56.0.3+5941509b.lx64.r.cp312] (/mnt/c/projects/kit-app-template/_build/linux-x86_64/release/extscache/omni.mdl-56.0.3+5941509b.lx64.r.cp312)
 -> 'omni.mdl.neuraylib' = { version='^' } selected: [omni.mdl.neuraylib-0.2.15] Available versions:
	 - [omni.mdl.neuraylib-0.2.15+5941509b.lx64.r.cp312] (/mnt/c/projects/kit-app-template/_build/linux-x86_64/release/extscache/omni.mdl.neuraylib-0.2.15+5941509b.lx64.r.cp312)
 -> 'omni.usd' = { version='^' } selected: [omni.usd-1.13.13] Available versions:
	 - [omni.usd-1.13.13+5941509b.lx64.r.cp312] (/mnt/c/projects/kit-app-template/_build/linux-x86_64/release/extscache/omni.usd-1.13.13+5941509b.lx64.r.cp312)
[ext: omni.usd-1.13.13] deps:
 -> 'carb.audio' = { version='^' } selected: [carb.audio-0.1.0] Available versions:
	 - [carb.audio-0.1.0+5941509b.lx64.r.cp312.cp311] (/mnt/c/projects/kit-app-template/_build/linux-x86_64/release/extscache/carb.audio-0.1.0+5941509b.lx64.r.cp312)
 -> 'omni.assets.plugins' = { version='^' } selected: [omni.assets.plugins-0.0.0] Available versions:
	 - [omni.assets.plugins-0.0.0+5941509b.lx64.r] (/mnt/c/projects/kit-app-template/_build/linux-x86_64/release/extscache/omni.assets.plugins-0.0.0+5941509b.lx64.r)
 -> 'omni.client' = { version='^' } selected: [omni.client-1.3.0] Available versions:
	 - [omni.client-1.3.0+5941509b.lx64.r] (/mnt/c/projects/kit-app-template/_build/linux-x86_64/release/extscache/omni.client-1.3.0+5941509b.lx64.r)
 -> 'omni.hydra.scene_delegate' = { version='^' optional=true  } selected: [omni.hydra.scene_delegate-0.3.4] Available versions:
	 - [omni.hydra.scene_delegate-0.3.4+5941509b.lx64.r] (/mnt/c/projects/kit-app-template/_build/linux-x86_64/release/extscache/omni.hydra.scene_delegate-0.3.4+5941509b.lx64.r)
 -> 'omni.hydra.usdrt_delegate' = { version='^' optional=true  } selected: [omni.hydra.usdrt_delegate-7.5.1] Available versions:
	 - [omni.hydra.usdrt_delegate-7.5.1+5941509b.lx64.r.cp312] (/mnt/c/projects/kit-app-template/_build/linux-x86_64/release/extscache/omni.hydra.usdrt_delegate-7.5.1+5941509b.lx64.r.cp312)
 -> 'omni.kit.async_engine' = { version='^' } selected: [omni.kit.async_engine-0.0.3] Available versions:
	 - [omni.kit.async_engine-0.0.3] (/home/kamran/.cache/packman/chk/kit-kernel/108.0.0+feature.221586.5941509b.gl.manylinux_2_35_x86_64.release+c3/extscore/omni.kit.async_engine)
 -> 'omni.kit.audiodeviceenum' = { version='^' } selected: [omni.kit.audiodeviceenum-1.0.2] Available versions:
	 - [omni.kit.audiodeviceenum-1.0.2+5941509b.lx64.r.cp312] (/mnt/c/projects/kit-app-template/_build/linux-x86_64/release/extscache/omni.kit.audiodeviceenum-1.0.2+5941509b.lx64.r.cp312)
 -> 'omni.kit.commands' = { version='^' } selected: [omni.kit.commands-1.4.10] Available versions:
	 - [omni.kit.commands-1.4.10+5941509b.lx64.r.cp312] (/mnt/c/projects/kit-app-template/_build/linux-x86_64/release/extscache/omni.kit.commands-1.4.10+5941509b.lx64.r.cp312)
 -> 'omni.kit.exec.core' = { version='^' } selected: [omni.kit.exec.core-0.13.4] Available versions:
	 - [omni.kit.exec.core-0.13.4+5941509b.lx64.r.cp312] (/mnt/c/projects/kit-app-template/_build/linux-x86_64/release/extscache/omni.kit.exec.core-0.13.4+5941509b.lx64.r.cp312)
 -> 'omni.kit.usd_undo' = { version='^' } selected: [omni.kit.usd_undo-0.1.8] Available versions:
	 - [omni.kit.usd_undo-0.1.8+5941509b] (/mnt/c/projects/kit-app-template/_build/linux-x86_64/release/extscache/omni.kit.usd_undo-0.1.8+5941509b)
 -> 'omni.kit.widget.nucleus_connector' = { version='^' optional=true  } selected: [omni.kit.widget.nucleus_connector-2.0.1] Available versions:
	 - [omni.kit.widget.nucleus_connector-2.0.1+5941509b] (/mnt/c/projects/kit-app-template/_build/linux-x86_64/release/extscache/omni.kit.widget.nucleus_connector-2.0.1+5941509b)
 -> 'omni.timeline' = { version='^' } selected: [omni.timeline-1.1.0] Available versions:
	 - [omni.timeline-1.1.0+5941509b.lx64.r.cp312] (/mnt/c/projects/kit-app-template/_build/linux-x86_64/release/extscache/omni.timeline-1.1.0+5941509b.lx64.r.cp312)
 -> 'omni.usd.core' = { version='^' } selected: [omni.usd.core-1.5.4] Available versions:
	 - [omni.usd.core-1.5.4+5941509b.lx64.r] (/mnt/c/projects/kit-app-template/_build/linux-x86_64/release/extscache/omni.usd.core-1.5.4+5941509b.lx64.r)
[ext: omni.hydra.scene_delegate-0.3.4] deps:
 -> 'omni.client' = { version='^' } selected: [omni.client-1.3.0] Available versions:
	 - [omni.client-1.3.0+5941509b.lx64.r] (/mnt/c/projects/kit-app-template/_build/linux-x86_64/release/extscache/omni.client-1.3.0+5941509b.lx64.r)
 -> 'omni.gpu_foundation' = { version='^' } selected: [omni.gpu_foundation-0.0.0] Available versions:
	 - [omni.gpu_foundation-0.0.0+5941509b.lx64.r.cp312] (/mnt/c/projects/kit-app-template/_build/linux-x86_64/release/extscache/omni.gpu_foundation-0.0.0+5941509b.lx64.r.cp312)
 -> 'omni.gpucompute.plugins' = { version='^' } selected: [omni.gpucompute.plugins-0.0.0] Available versions:
	 - [omni.gpucompute.plugins-0.0.0+5941509b.lx64.r] (/mnt/c/projects/kit-app-template/_build/linux-x86_64/release/extscache/omni.gpucompute.plugins-0.0.0+5941509b.lx64.r)
 -> 'omni.usd.core' = { version='^' } selected: [omni.usd.core-1.5.4] Available versions:
	 - [omni.usd.core-1.5.4+5941509b.lx64.r] (/mnt/c/projects/kit-app-template/_build/linux-x86_64/release/extscache/omni.usd.core-1.5.4+5941509b.lx64.r)
 -> 'omni.usd.libs' = { version='^' } selected: [omni.usd.libs-1.0.1] Available versions:
	 - [omni.usd.libs-1.0.1+5941509b.lx64.r.cp312] (/mnt/c/projects/kit-app-template/_build/linux-x86_64/release/extscache/omni.usd.libs-1.0.1+5941509b.lx64.r.cp312)
 -> 'omni.usd.schema.anim' = { version='^' optional=true  } selected: [omni.usd.schema.anim-0.0.0] Available versions:
	 - [omni.usd.schema.anim-0.0.0+5941509b.lx64.r.cp312] (/mnt/c/projects/kit-app-template/_build/linux-x86_64/release/extscache/omni.usd.schema.anim-0.0.0+5941509b.lx64.r.cp312)
 -> 'omni.usd.schema.audio' = { version='^' optional=true  } selected: [omni.usd.schema.audio-0.0.0] Available versions:
	 - [omni.usd.schema.audio-0.0.0+5941509b.lx64.r.cp312] (/mnt/c/projects/kit-app-template/_build/linux-x86_64/release/extscache/omni.usd.schema.audio-0.0.0+5941509b.lx64.r.cp312)
 -> 'omni.usd.schema.geospatial' = { version='^' } selected: [omni.usd.schema.geospatial-0.0.0] Available versions:
	 - [omni.usd.schema.geospatial-0.0.0+5941509b.lx64.r.cp312] (/mnt/c/projects/kit-app-template/_build/linux-x86_64/release/extscache/omni.usd.schema.geospatial-0.0.0+5941509b.lx64.r.cp312)
[ext: omni.kit.usd_undo-0.1.8] deps:
 -> 'omni.usd.libs' = { version='^' } selected: [omni.usd.libs-1.0.1] Available versions:
	 - [omni.usd.libs-1.0.1+5941509b.lx64.r.cp312] (/mnt/c/projects/kit-app-template/_build/linux-x86_64/release/extscache/omni.usd.libs-1.0.1+5941509b.lx64.r.cp312)
[ext: omni.timeline-1.1.0] no deps
[ext: omni.kit.widget.nucleus_connector-2.0.1] deps:
 -> 'omni.client' = { version='^' } selected: [omni.client-1.3.0] Available versions:
	 - [omni.client-1.3.0+5941509b.lx64.r] (/mnt/c/projects/kit-app-template/_build/linux-x86_64/release/extscache/omni.client-1.3.0+5941509b.lx64.r)
 -> 'omni.kit.pip_archive' = { version='^' optional=true  } selected: [omni.kit.pip_archive-0.0.0] Available versions:
	 - [omni.kit.pip_archive-0.0.0+5941509b.lx64.cp312] (registry)
 -> 'omni.kit.window.popup_dialog' = { version='^' } selected: [omni.kit.window.popup_dialog-2.0.24] Available versions:
	 - [omni.kit.window.popup_dialog-2.0.24+5941509b] (/mnt/c/projects/kit-app-template/_build/linux-x86_64/release/extscache/omni.kit.window.popup_dialog-2.0.24+5941509b)
 -> 'omni.ui' = { version='^' } selected: [omni.ui-2.27.2] Available versions:
	 - [omni.ui-2.27.2+5941509b.lx64.r.cp312] (/mnt/c/projects/kit-app-template/_build/linux-x86_64/release/extscache/omni.ui-2.27.2+5941509b.lx64.r.cp312)
[ext: omni.hydra.usdrt_delegate-7.5.1] deps:
 -> 'omni.activity.core' = { version='^' } selected: [omni.activity.core-1.0.3] Available versions:
	 - [omni.activity.core-1.0.3+5941509b.lx64.r.cp312] (/mnt/c/projects/kit-app-template/_build/linux-x86_64/release/extscache/omni.activity.core-1.0.3+5941509b.lx64.r.cp312)
 -> 'omni.client' = { version='^' } selected: [omni.client-1.3.0] Available versions:
	 - [omni.client-1.3.0+5941509b.lx64.r] (/mnt/c/projects/kit-app-template/_build/linux-x86_64/release/extscache/omni.client-1.3.0+5941509b.lx64.r)
 -> 'omni.gpu_foundation' = { version='^' } selected: [omni.gpu_foundation-0.0.0] Available versions:
	 - [omni.gpu_foundation-0.0.0+5941509b.lx64.r.cp312] (/mnt/c/projects/kit-app-template/_build/linux-x86_64/release/extscache/omni.gpu_foundation-0.0.0+5941509b.lx64.r.cp312)
 -> 'omni.gpucompute.plugins' = { version='^' } selected: [omni.gpucompute.plugins-0.0.0] Available versions:
	 - [omni.gpucompute.plugins-0.0.0+5941509b.lx64.r] (/mnt/c/projects/kit-app-template/_build/linux-x86_64/release/extscache/omni.gpucompute.plugins-0.0.0+5941509b.lx64.r)
 -> 'omni.usd.core' = { version='^' } selected: [omni.usd.core-1.5.4] Available versions:
	 - [omni.usd.core-1.5.4+5941509b.lx64.r] (/mnt/c/projects/kit-app-template/_build/linux-x86_64/release/extscache/omni.usd.core-1.5.4+5941509b.lx64.r)
 -> 'omni.usd.schema.anim' = { version='^' } selected: [omni.usd.schema.anim-0.0.0] Available versions:
	 - [omni.usd.schema.anim-0.0.0+5941509b.lx64.r.cp312] (/mnt/c/projects/kit-app-template/_build/linux-x86_64/release/extscache/omni.usd.schema.anim-0.0.0+5941509b.lx64.r.cp312)
 -> 'omni.usd.schema.audio' = { version='^' optional=true  } selected: [omni.usd.schema.audio-0.0.0] Available versions:
	 - [omni.usd.schema.audio-0.0.0+5941509b.lx64.r.cp312] (/mnt/c/projects/kit-app-template/_build/linux-x86_64/release/extscache/omni.usd.schema.audio-0.0.0+5941509b.lx64.r.cp312)
 -> 'usdrt.scenegraph' = { version='^' } selected: [usdrt.scenegraph-7.6.1] Available versions:
	 - [usdrt.scenegraph-7.6.1+5941509b.lx64.r.cp312] (/mnt/c/projects/kit-app-template/_build/linux-x86_64/release/extscache/usdrt.scenegraph-7.6.1+5941509b.lx64.r.cp312)
[ext: omni.kit.window.popup_dialog-2.0.24] deps:
 -> 'omni.ui' = { version='^' } selected: [omni.ui-2.27.2] Available versions:
	 - [omni.ui-2.27.2+5941509b.lx64.r.cp312] (/mnt/c/projects/kit-app-template/_build/linux-x86_64/release/extscache/omni.ui-2.27.2+5941509b.lx64.r.cp312)
[ext: omni.usd.core-1.5.4] deps:
 -> 'omni.client' = { version='^' } selected: [omni.client-1.3.0] Available versions:
	 - [omni.client-1.3.0+5941509b.lx64.r] (/mnt/c/projects/kit-app-template/_build/linux-x86_64/release/extscache/omni.client-1.3.0+5941509b.lx64.r)
 -> 'omni.usd.libs' = { version='^' } selected: [omni.usd.libs-1.0.1] Available versions:
	 - [omni.usd.libs-1.0.1+5941509b.lx64.r.cp312] (/mnt/c/projects/kit-app-template/_build/linux-x86_64/release/extscache/omni.usd.libs-1.0.1+5941509b.lx64.r.cp312)
 -> 'omni.usd.schema.audio' = { version='^' } selected: [omni.usd.schema.audio-0.0.0] Available versions:
	 - [omni.usd.schema.audio-0.0.0+5941509b.lx64.r.cp312] (/mnt/c/projects/kit-app-template/_build/linux-x86_64/release/extscache/omni.usd.schema.audio-0.0.0+5941509b.lx64.r.cp312)
 -> 'omni.usd_resolver' = { version='^' } selected: [omni.usd_resolver-1.0.0] Available versions:
	 - [omni.usd_resolver-1.0.0+5941509b.lx64.r.cp312] (/mnt/c/projects/kit-app-template/_build/linux-x86_64/release/extscache/omni.usd_resolver-1.0.0+5941509b.lx64.r.cp312)
[ext: usdrt.scenegraph-7.6.1] deps:
 -> 'omni.cubric' = { version='^' } selected: [omni.cubric-0.1.0] Available versions:
	 - [omni.cubric-0.1.0+5941509b.lx64.r] (/mnt/c/projects/kit-app-template/_build/linux-x86_64/release/extscache/omni.cubric-0.1.0+5941509b.lx64.r)
 -> 'omni.gpucompute.plugins' = { version='^' } selected: [omni.gpucompute.plugins-0.0.0] Available versions:
	 - [omni.gpucompute.plugins-0.0.0+5941509b.lx64.r] (/mnt/c/projects/kit-app-template/_build/linux-x86_64/release/extscache/omni.gpucompute.plugins-0.0.0+5941509b.lx64.r)
 -> 'omni.usd.libs' = { version='^' } selected: [omni.usd.libs-1.0.1] Available versions:
	 - [omni.usd.libs-1.0.1+5941509b.lx64.r.cp312] (/mnt/c/projects/kit-app-template/_build/linux-x86_64/release/extscache/omni.usd.libs-1.0.1+5941509b.lx64.r.cp312)
[ext: omni.usd_resolver-1.0.0] deps:
 -> 'omni.client' = { version='^' } selected: [omni.client-1.3.0] Available versions:
	 - [omni.client-1.3.0+5941509b.lx64.r] (/mnt/c/projects/kit-app-template/_build/linux-x86_64/release/extscache/omni.client-1.3.0+5941509b.lx64.r)
 -> 'omni.usd.libs' = { version='^' } selected: [omni.usd.libs-1.0.1] Available versions:
	 - [omni.usd.libs-1.0.1+5941509b.lx64.r.cp312] (/mnt/c/projects/kit-app-template/_build/linux-x86_64/release/extscache/omni.usd.libs-1.0.1+5941509b.lx64.r.cp312)
[ext: omni.cubric-0.1.0] no deps
[ext: omni.kit.commands-1.4.10] deps:
 -> 'omni.kit.actions.core' = { version='^' } selected: [omni.kit.actions.core-1.0.0] Available versions:
	 - [omni.kit.actions.core-1.0.0+5941509b.lx64.r.cp312] (/mnt/c/projects/kit-app-template/_build/linux-x86_64/release/extscache/omni.kit.actions.core-1.0.0+5941509b.lx64.r.cp312)
[ext: omni.kit.exec.core-0.13.4] deps:
 -> 'omni.graph.exec' = { version='^' } selected: [omni.graph.exec-0.9.6] Available versions:
	 - [omni.graph.exec-0.9.6+5941509b.lx64.r] (/mnt/c/projects/kit-app-template/_build/linux-x86_64/release/extscache/omni.graph.exec-0.9.6+5941509b.lx64.r)
 -> 'omni.usd.libs' = { version='^' } selected: [omni.usd.libs-1.0.1] Available versions:
	 - [omni.usd.libs-1.0.1+5941509b.lx64.r.cp312] (/mnt/c/projects/kit-app-template/_build/linux-x86_64/release/extscache/omni.usd.libs-1.0.1+5941509b.lx64.r.cp312)
[ext: omni.kit.actions.core-1.0.0] no deps
[ext: omni.graph.exec-0.9.6] no deps
[ext: omni.kit.audiodeviceenum-1.0.2] deps:
 -> 'carb.audio' = { version='^' } selected: [carb.audio-0.1.0] Available versions:
	 - [carb.audio-0.1.0+5941509b.lx64.r.cp312.cp311] (/mnt/c/projects/kit-app-template/_build/linux-x86_64/release/extscache/carb.audio-0.1.0+5941509b.lx64.r.cp312)
[ext: carb.audio-0.1.0] deps:
 -> 'omni.assets.plugins' = { version='^' } selected: [omni.assets.plugins-0.0.0] Available versions:
	 - [omni.assets.plugins-0.0.0+5941509b.lx64.r] (/mnt/c/projects/kit-app-template/_build/linux-x86_64/release/extscache/omni.assets.plugins-0.0.0+5941509b.lx64.r)
[ext: omni.usd.schema.physx-108.0.4] deps:
 -> 'omni.usd.libs' = { version='^' } selected: [omni.usd.libs-1.0.1] Available versions:
	 - [omni.usd.libs-1.0.1+5941509b.lx64.r.cp312] (/mnt/c/projects/kit-app-template/_build/linux-x86_64/release/extscache/omni.usd.libs-1.0.1+5941509b.lx64.r.cp312)
[ext: omni.usd.schema.geospatial-0.0.0] deps:
 -> 'omni.usd.libs' = { version='^' } selected: [omni.usd.libs-1.0.1] Available versions:
	 - [omni.usd.libs-1.0.1+5941509b.lx64.r.cp312] (/mnt/c/projects/kit-app-template/_build/linux-x86_64/release/extscache/omni.usd.libs-1.0.1+5941509b.lx64.r.cp312)
[ext: omni.usd.schema.audio-0.0.0] deps:
 -> 'omni.usd.libs' = { version='^' } selected: [omni.usd.libs-1.0.1] Available versions:
	 - [omni.usd.libs-1.0.1+5941509b.lx64.r.cp312] (/mnt/c/projects/kit-app-template/_build/linux-x86_64/release/extscache/omni.usd.libs-1.0.1+5941509b.lx64.r.cp312)
[ext: omni.usd.schema.anim-0.0.0] deps:
 -> 'omni.usd.libs' = { version='^' } selected: [omni.usd.libs-1.0.1] Available versions:
	 - [omni.usd.libs-1.0.1+5941509b.lx64.r.cp312] (/mnt/c/projects/kit-app-template/_build/linux-x86_64/release/extscache/omni.usd.libs-1.0.1+5941509b.lx64.r.cp312)
[ext: omni.usd.schema.metrics.assembler-108.0.0] deps:
 -> 'omni.usd.libs' = { version='^' } selected: [omni.usd.libs-1.0.1] Available versions:
	 - [omni.usd.libs-1.0.1+5941509b.lx64.r.cp312] (/mnt/c/projects/kit-app-template/_build/linux-x86_64/release/extscache/omni.usd.libs-1.0.1+5941509b.lx64.r.cp312)
[ext: omni.kit.mainwindow-1.0.3] deps:
 -> 'omni.ui' = { version='^' } selected: [omni.ui-2.27.2] Available versions:
	 - [omni.ui-2.27.2+5941509b.lx64.r.cp312] (/mnt/c/projects/kit-app-template/_build/linux-x86_64/release/extscache/omni.ui-2.27.2+5941509b.lx64.r.cp312)
[ext: omni.ui-2.27.2] deps:
 -> 'omni.appwindow' = { version='^' } selected: [omni.appwindow-1.2.0] Available versions:
	 - [omni.appwindow-1.2.0+5941509b.lx64.r.cp312] (/mnt/c/projects/kit-app-template/_build/linux-x86_64/release/extscache/omni.appwindow-1.2.0+5941509b.lx64.r.cp312)
 -> 'omni.kit.renderer.imgui' = { version='^' } selected: [omni.kit.renderer.imgui-2.0.6] Available versions:
	 - [omni.kit.renderer.imgui-2.0.6+5941509b.lx64.r.cp312] (/mnt/c/projects/kit-app-template/_build/linux-x86_64/release/extscache/omni.kit.renderer.imgui-2.0.6+5941509b.lx64.r.cp312)
[ext: omni.kit.renderer.imgui-2.0.6] deps:
 -> 'omni.appwindow' = { version='^' } selected: [omni.appwindow-1.2.0] Available versions:
	 - [omni.appwindow-1.2.0+5941509b.lx64.r.cp312] (/mnt/c/projects/kit-app-template/_build/linux-x86_64/release/extscache/omni.appwindow-1.2.0+5941509b.lx64.r.cp312)
 -> 'omni.kit.renderer.capture' = { version='^' } selected: [omni.kit.renderer.capture-1.0.2] Available versions:
	 - [omni.kit.renderer.capture-1.0.2+5941509b.lx64.r.cp312] (/mnt/c/projects/kit-app-template/_build/linux-x86_64/release/extscache/omni.kit.renderer.capture-1.0.2+5941509b.lx64.r.cp312)
 -> 'omni.kit.renderer.core' = { version='^' } selected: [omni.kit.renderer.core-1.1.1] Available versions:
	 - [omni.kit.renderer.core-1.1.1+5941509b.lx64.r.cp312] (/mnt/c/projects/kit-app-template/_build/linux-x86_64/release/extscache/omni.kit.renderer.core-1.1.1+5941509b.lx64.r.cp312)
[ext: omni.kit.renderer.capture-1.0.2] deps:
 -> 'omni.kit.renderer.core' = { version='^' } selected: [omni.kit.renderer.core-1.1.1] Available versions:
	 - [omni.kit.renderer.core-1.1.1+5941509b.lx64.r.cp312] (/mnt/c/projects/kit-app-template/_build/linux-x86_64/release/extscache/omni.kit.renderer.core-1.1.1+5941509b.lx64.r.cp312)
[ext: omni.kit.renderer.core-1.1.1] deps:
 -> 'omni.appwindow' = { version='^' } selected: [omni.appwindow-1.2.0] Available versions:
	 - [omni.appwindow-1.2.0+5941509b.lx64.r.cp312] (/mnt/c/projects/kit-app-template/_build/linux-x86_64/release/extscache/omni.appwindow-1.2.0+5941509b.lx64.r.cp312)
 -> 'omni.client' = { version='^' } selected: [omni.client-1.3.0] Available versions:
	 - [omni.client-1.3.0+5941509b.lx64.r] (/mnt/c/projects/kit-app-template/_build/linux-x86_64/release/extscache/omni.client-1.3.0+5941509b.lx64.r)
 -> 'omni.kit.renderer.init' = { version='^' } selected: [omni.kit.renderer.init-0.0.0] Available versions:
	 - [omni.kit.renderer.init-0.0.0+5941509b.lx64.r] (/mnt/c/projects/kit-app-template/_build/linux-x86_64/release/extscache/omni.kit.renderer.init-0.0.0+5941509b.lx64.r)
[ext: omni.appwindow-1.2.0] deps:
 -> 'carb.windowing.plugins' = { version='^' } selected: [carb.windowing.plugins-1.0.0] Available versions:
	 - [carb.windowing.plugins-1.0.0+5941509b.lx64.r] (/mnt/c/projects/kit-app-template/_build/linux-x86_64/release/extscache/carb.windowing.plugins-1.0.0+5941509b.lx64.r)
 -> 'omni.kit.loop' = { version='^' } selected: [omni.kit.loop-default-0.2.2] Available versions:
	 (none found)
[ext: omni.kit.test-2.0.1] deps:
 -> 'omni.kit.async_engine' = { version='^' } selected: [omni.kit.async_engine-0.0.3] Available versions:
	 - [omni.kit.async_engine-0.0.3] (/home/kamran/.cache/packman/chk/kit-kernel/108.0.0+feature.221586.5941509b.gl.manylinux_2_35_x86_64.release+c3/extscore/omni.kit.async_engine)
 -> 'omni.kit.loop' = { version='^' } selected: [omni.kit.loop-default-0.2.2] Available versions:
	 (none found)
 -> 'omni.kit.pip_archive' = { version='^' } selected: [omni.kit.pip_archive-0.0.0] Available versions:
	 - [omni.kit.pip_archive-0.0.0+5941509b.lx64.cp312] (registry)
[ext: omni.kit.loop-default-0.2.2] no deps
[ext: omni.kit.telemetry-0.5.2] deps:
 -> 'omni.kit.pip_archive' = { version='^' } selected: [omni.kit.pip_archive-0.0.0] Available versions:
	 - [omni.kit.pip_archive-0.0.0+5941509b.lx64.cp312] (registry)
[ext: omni.kit.usd.mdl-1.1.5] deps:
 -> 'omni.mdl.neuraylib' = { version='^' } selected: [omni.mdl.neuraylib-0.2.15] Available versions:
	 - [omni.mdl.neuraylib-0.2.15+5941509b.lx64.r.cp312] (/mnt/c/projects/kit-app-template/_build/linux-x86_64/release/extscache/omni.mdl.neuraylib-0.2.15+5941509b.lx64.r.cp312)
 -> 'omni.usd.libs' = { version='^' } selected: [omni.usd.libs-1.0.1] Available versions:
	 - [omni.usd.libs-1.0.1+5941509b.lx64.r.cp312] (/mnt/c/projects/kit-app-template/_build/linux-x86_64/release/extscache/omni.usd.libs-1.0.1+5941509b.lx64.r.cp312)
[ext: omni.mdl.neuraylib-0.2.15] deps:
 -> 'omni.iray.libs' = { version='^' } selected: [omni.iray.libs-0.0.0] Available versions:
	 - [omni.iray.libs-0.0.0+5941509b.lx64.r] (/mnt/c/projects/kit-app-template/_build/linux-x86_64/release/extscache/omni.iray.libs-0.0.0+5941509b.lx64.r)
 -> 'omni.mdl' = { version='^' } selected: [omni.mdl-56.0.3] Available versions:
	 - [omni.mdl-56.0.3+5941509b.lx64.r.cp312] (/mnt/c/projects/kit-app-template/_build/linux-x86_64/release/extscache/omni.mdl-56.0.3+5941509b.lx64.r.cp312)
[ext: omni.iray.libs-0.0.0] no deps
[ext: omni.mdl-56.0.3] deps:
 -> 'omni.client' = { version='^' } selected: [omni.client-1.3.0] Available versions:
	 - [omni.client-1.3.0+5941509b.lx64.r] (/mnt/c/projects/kit-app-template/_build/linux-x86_64/release/extscache/omni.client-1.3.0+5941509b.lx64.r)
 -> 'omni.kit.pip_archive' = { version='^' } selected: [omni.kit.pip_archive-0.0.0] Available versions:
	 - [omni.kit.pip_archive-0.0.0+5941509b.lx64.cp312] (registry)
[ext: omni.usd.libs-1.0.1] deps:
 -> 'omni.gpucompute.plugins' = { version='^' optional=true  } selected: [omni.gpucompute.plugins-0.0.0] Available versions:
	 - [omni.gpucompute.plugins-0.0.0+5941509b.lx64.r] (/mnt/c/projects/kit-app-template/_build/linux-x86_64/release/extscache/omni.gpucompute.plugins-0.0.0+5941509b.lx64.r)
 -> 'omni.usd.config' = { version='^' } selected: [omni.usd.config-1.0.6] Available versions:
	 - [omni.usd.config-1.0.6+5941509b] (/mnt/c/projects/kit-app-template/_build/linux-x86_64/release/extscache/omni.usd.config-1.0.6+5941509b)
[ext: omni.gpucompute.plugins-0.0.0] deps:
 -> 'omni.gpu_foundation' = { version='^' } selected: [omni.gpu_foundation-0.0.0] Available versions:
	 - [omni.gpu_foundation-0.0.0+5941509b.lx64.r.cp312] (/mnt/c/projects/kit-app-template/_build/linux-x86_64/release/extscache/omni.gpu_foundation-0.0.0+5941509b.lx64.r.cp312)
[ext: omni.usd.config-1.0.6] deps:
 -> 'omni.materialx.libs' = { version='^' optional=true  } selected: [omni.materialx.libs-1.0.9] Available versions:
	 - [omni.materialx.libs-1.0.9+5941509b.lx64.r.cp312] (/mnt/c/projects/kit-app-template/_build/linux-x86_64/release/extscache/omni.materialx.libs-1.0.9+5941509b.lx64.r.cp312)
[ext: omni.kit.pip_archive-0.0.0] deps:
 -> 'omni.kit.pipapi' = { version='^' } selected: [omni.kit.pipapi-0.0.0] Available versions:
	 - [omni.kit.pipapi-0.0.0+5941509b] (/mnt/c/projects/kit-app-template/_build/linux-x86_64/release/extscache/omni.kit.pipapi-0.0.0+5941509b)
[ext: omni.materialx.libs-1.0.9] no deps
[ext: omni.kit.pipapi-0.0.0] no deps
[ext: omni.kit.renderer.init-0.0.0] deps:
 -> 'carb.windowing.plugins' = { version='^' } selected: [carb.windowing.plugins-1.0.0] Available versions:
	 - [carb.windowing.plugins-1.0.0+5941509b.lx64.r] (/mnt/c/projects/kit-app-template/_build/linux-x86_64/release/extscache/carb.windowing.plugins-1.0.0+5941509b.lx64.r)
 -> 'omni.assets.plugins' = { version='^' } selected: [omni.assets.plugins-0.0.0] Available versions:
	 - [omni.assets.plugins-0.0.0+5941509b.lx64.r] (/mnt/c/projects/kit-app-template/_build/linux-x86_64/release/extscache/omni.assets.plugins-0.0.0+5941509b.lx64.r)
 -> 'omni.gpu_foundation' = { version='^' } selected: [omni.gpu_foundation-0.0.0] Available versions:
	 - [omni.gpu_foundation-0.0.0+5941509b.lx64.r.cp312] (/mnt/c/projects/kit-app-template/_build/linux-x86_64/release/extscache/omni.gpu_foundation-0.0.0+5941509b.lx64.r.cp312)
[ext: carb.windowing.plugins-1.0.0] no deps
[ext: omni.gpu_foundation-0.0.0] deps:
 -> 'omni.activity.profiler' = { version='^' optional=true  } selected: [omni.activity.profiler-1.0.4] Available versions:
	 - [omni.activity.profiler-1.0.4+5941509b.lx64.r.cp312] (/mnt/c/projects/kit-app-template/_build/linux-x86_64/release/extscache/omni.activity.profiler-1.0.4+5941509b.lx64.r.cp312)
 -> 'omni.assets.plugins' = { version='^' } selected: [omni.assets.plugins-0.0.0] Available versions:
	 - [omni.assets.plugins-0.0.0+5941509b.lx64.r] (/mnt/c/projects/kit-app-template/_build/linux-x86_64/release/extscache/omni.assets.plugins-0.0.0+5941509b.lx64.r)
 -> 'omni.client' = { version='^' optional=true  } selected: [omni.client-1.3.0] Available versions:
	 - [omni.client-1.3.0+5941509b.lx64.r] (/mnt/c/projects/kit-app-template/_build/linux-x86_64/release/extscache/omni.client-1.3.0+5941509b.lx64.r)
 -> 'omni.gpu_foundation.shadercache.vulkan' = { version='^' } selected: [omni.gpu_foundation.shadercache.vulkan-1.0.0] Available versions:
	 - [omni.gpu_foundation.shadercache.vulkan-1.0.0+5941509b.lx64.r] (/mnt/c/projects/kit-app-template/_build/linux-x86_64/release/extscache/omni.gpu_foundation.shadercache.vulkan-1.0.0+5941509b.lx64.r)
 -> 'omni.hsscclient' = { version='^' optional=true  } selected: [omni.hsscclient-1.1.3] Available versions:
	 - [omni.hsscclient-1.1.3+5941509b.lx64.r.cp312] (/mnt/c/projects/kit-app-template/_build/linux-x86_64/release/extscache/omni.hsscclient-1.1.3+5941509b.lx64.r.cp312)
 -> 'omni.stats' = { version='^' } selected: [omni.stats-1.0.1] Available versions:
	 - [omni.stats-1.0.1+5941509b.lx64.r.cp312] (/mnt/c/projects/kit-app-template/_build/linux-x86_64/release/extscache/omni.stats-1.0.1+5941509b.lx64.r.cp312)
 -> 'omni.ujitso.default' = { version='^' optional=true  } selected: [omni.ujitso.default-1.0.0] Available versions:
	 - [omni.ujitso.default-1.0.0+5941509b.lx64.r.cp312] (/mnt/c/projects/kit-app-template/_build/linux-x86_64/release/extscache/omni.ujitso.default-1.0.0+5941509b.lx64.r.cp312)
[ext: omni.activity.profiler-1.0.4] deps:
 -> 'omni.activity.core' = { version='^' } selected: [omni.activity.core-1.0.3] Available versions:
	 - [omni.activity.core-1.0.3+5941509b.lx64.r.cp312] (/mnt/c/projects/kit-app-template/_build/linux-x86_64/release/extscache/omni.activity.core-1.0.3+5941509b.lx64.r.cp312)
[ext: omni.gpu_foundation.shadercache.vulkan-1.0.0] no deps
[ext: omni.ujitso.default-1.0.0] deps:
 -> 'omni.blobkey' = { version='^' } selected: [omni.blobkey-1.1.2] Available versions:
	 - [omni.blobkey-1.1.2+5941509b.lx64.r] (/mnt/c/projects/kit-app-template/_build/linux-x86_64/release/extscache/omni.blobkey-1.1.2+5941509b.lx64.r)
 -> 'omni.client' = { version='^' } selected: [omni.client-1.3.0] Available versions:
	 - [omni.client-1.3.0+5941509b.lx64.r] (/mnt/c/projects/kit-app-template/_build/linux-x86_64/release/extscache/omni.client-1.3.0+5941509b.lx64.r)
 -> 'omni.datastore' = { version='^' } selected: [omni.datastore-0.0.0] Available versions:
	 - [omni.datastore-0.0.0+5941509b.lx64.r] (/mnt/c/projects/kit-app-template/_build/linux-x86_64/release/extscache/omni.datastore-0.0.0+5941509b.lx64.r)
 -> 'omni.stats' = { version='^' } selected: [omni.stats-1.0.1] Available versions:
	 - [omni.stats-1.0.1+5941509b.lx64.r.cp312] (/mnt/c/projects/kit-app-template/_build/linux-x86_64/release/extscache/omni.stats-1.0.1+5941509b.lx64.r.cp312)
[ext: omni.activity.core-1.0.3] no deps
[ext: omni.hsscclient-1.1.3] deps:
 -> 'omni.blobkey' = { version='^' } selected: [omni.blobkey-1.1.2] Available versions:
	 - [omni.blobkey-1.1.2+5941509b.lx64.r] (/mnt/c/projects/kit-app-template/_build/linux-x86_64/release/extscache/omni.blobkey-1.1.2+5941509b.lx64.r)
[ext: omni.stats-1.0.1] no deps
[ext: omni.datastore-0.0.0] deps:
 -> 'omni.blobkey' = { version='^' } selected: [omni.blobkey-1.1.2] Available versions:
	 - [omni.blobkey-1.1.2+5941509b.lx64.r] (/mnt/c/projects/kit-app-template/_build/linux-x86_64/release/extscache/omni.blobkey-1.1.2+5941509b.lx64.r)
 -> 'omni.grpc.lib' = { version='^' } selected: [omni.grpc.lib-1.0.0] Available versions:
	 - [omni.grpc.lib-1.0.0+5941509b.lx64.r] (/mnt/c/projects/kit-app-template/_build/linux-x86_64/release/extscache/omni.grpc.lib-1.0.0+5941509b.lx64.r)
 -> 'omni.metrics.core' = { version='^' } selected: [omni.metrics.core-0.0.3] Available versions:
	 - [omni.metrics.core-0.0.3+5941509b.lx64.r] (/mnt/c/projects/kit-app-template/_build/linux-x86_64/release/extscache/omni.metrics.core-0.0.3+5941509b.lx64.r)
[ext: omni.assets.plugins-0.0.0] no deps
[ext: omni.blobkey-1.1.2] no deps
[ext: omni.metrics.core-0.0.3] no deps
[ext: omni.client-1.3.0] deps:
 -> 'omni.client.lib' = { version='^' } selected: [omni.client.lib-1.1.0] Available versions:
	 - [omni.client.lib-1.1.0+lx64.r.cp312] (/home/kamran/.cache/packman/chk/kit-kernel/108.0.0+feature.221586.5941509b.gl.manylinux_2_35_x86_64.release+c3/extscore/omni.client.lib)
[ext: omni.grpc.lib-1.0.0] deps:
 -> 'omni.protobuf.lib' = { version='^' } selected: [omni.protobuf.lib-1.0.0] Available versions:
	 - [omni.protobuf.lib-1.0.0+5941509b.lx64.r] (/mnt/c/projects/kit-app-template/_build/linux-x86_64/release/extscache/omni.protobuf.lib-1.0.0+5941509b.lx64.r)
[ext: omni.client.lib-1.1.0] deps:
 -> 'omni.kit.async_engine' = { version='^' } selected: [omni.kit.async_engine-0.0.3] Available versions:
	 - [omni.kit.async_engine-0.0.3] (/home/kamran/.cache/packman/chk/kit-kernel/108.0.0+feature.221586.5941509b.gl.manylinux_2_35_x86_64.release+c3/extscore/omni.kit.async_engine)
[ext: omni.protobuf.lib-1.0.0] no deps
[ext: omni.kit.async_engine-0.0.3] no deps
 Synced registries:
	 - kit/default         : found 402 packages 
	 - kit/sdk             : found 732 packages 
	 - kit/community       : found 447 packages 
	 - kit/prod/sdk        : found 732 packages 

2025-08-23T21:51:02Z [2,568ms] [Info] [omni.ext.plugin] Pulling extension: [ext: omni.kit.pip_archive-0.0.0] (order: -1000) Triggered by: omni.kit.debug.python-1.0.1, omni.kit.manipulator.transform-107.0.0, omni.kit.telemetry-0.5.2, omni.kit.test-2.0.1, omni.kit.tool.collect-2.2.18, omni.kit.usdz_export-1.0.10, omni.kit.viewport.manipulator.transform-107.0.4, omni.kit.window.commands-0.2.9, omni.kit.window.content_browser-3.1.4, omni.kit.window.file-2.0.7, omni.mdl-56.0.3, omni.volume-0.5.2, omni.warp.core-1.8.1
2025-08-23T21:51:02Z [2,569ms] [Info] [omni.ext.plugin] Pulling extension: [ext: omni.index.libs-387500.939.0] (order: 0) Triggered by: omni.index-1.0.1
2025-08-23T21:51:02Z [2,569ms] [Info] [omni.kit.app.plugin] [2.660s] Pulling extension: `omni.index.libs-387500.939.0` from the registry.
2025-08-23T21:51:02Z [2,569ms] [Info] [omni.kit.app.plugin] [2.660s] Pulling extension: `omni.kit.pip_archive-0.0.0` from the registry.
2025-08-23T21:51:02Z [2,569ms] [Info] [omni.ext.plugin] Pulling extension: [ext: omni.hydra.rtx.shadercache.vulkan-1.0.0] (order: 0) Triggered by: omni.hydra.rtx-1.0.0
2025-08-23T21:51:02Z [2,569ms] [Info] [omni.kit.registry.nucleus.utils.common] [kit/sdk] pull extension: omni.index.libs-387500.939.0+5941509b.lx64.r in '/mnt/c/projects/kit-app-template/_build/linux-x86_64/release/extscache'
2025-08-23T21:51:02Z [2,570ms] [Info] [omni.kit.app.plugin] [2.661s] Pulling extension: `omni.hydra.rtx.shadercache.vulkan-1.0.0` from the registry.
2025-08-23T21:51:02Z [2,570ms] [Info] [omni.kit.registry.nucleus.utils.common] [kit/sdk] pull extension: omni.kit.pip_archive-0.0.0+5941509b.lx64.cp312 in '/mnt/c/projects/kit-app-template/_build/linux-x86_64/release/extscache'
2025-08-23T21:51:02Z [2,572ms] [Info] [omni.kit.registry.nucleus.utils.common] [kit/sdk] pull extension: omni.hydra.rtx.shadercache.vulkan-1.0.0+5941509b.lx64.r in '/mnt/c/projects/kit-app-template/_build/linux-x86_64/release/extscache'
2025-08-23T21:51:02Z [2,572ms] [Info] [omni.kit.registry.nucleus.utils.common] [kit/sdk] omni.kit.pip_archive-0.0.0+5941509b.lx64.cp312 (archive_name: omni.kit.pip_archive-a98e3ee5d9b0b024) is not in cache: '/home/kamran/.local/share/ov/data/exts/v2'
2025-08-23T21:51:02Z [2,573ms] [Info] [omni.kit.registry.nucleus.utils.common] [kit/sdk] omni.index.libs-387500.939.0+5941509b.lx64.r (archive_name: omni.index.libs-b1dc037e76dfc0d0) is not in cache: '/home/kamran/.local/share/ov/data/exts/v2'
2025-08-23T21:51:02Z [2,573ms] [Info] [omni.kit.app._impl] [py stdout]: [omni.kit.registry.nucleus] [tid: 134547425453632] downloading: 'http://d4i3qtqj3r0z5.cloudfront.net/omni.kit.pip_archive-a98e3ee5d9b0b024.zip' -> '/tmp/tmp5aog7uiq/omni.kit.pip_archive-0.0.0+5941509b.lx64.cp312.zip'...
2025-08-23T21:51:02Z [2,574ms] [Info] [omni.kit.registry.nucleus.utils.omni_client_utils] (downloading ext archive) copying: http://d4i3qtqj3r0z5.cloudfront.net/omni.kit.pip_archive-a98e3ee5d9b0b024.zip -> /tmp/tmp5aog7uiq/omni.kit.pip_archive-0.0.0+5941509b.lx64.cp312.zip
2025-08-23T21:51:02Z [2,574ms] [Info] [omni.kit.app._impl] [py stdout]: [omni.kit.registry.nucleus] [tid: 134546259424832] downloading: 'http://d4i3qtqj3r0z5.cloudfront.net/omni.index.libs-b1dc037e76dfc0d0.zip' -> '/tmp/tmpvqnob_cm/omni.index.libs-387500.939.0+5941509b.lx64.r.zip'...
2025-08-23T21:51:02Z [2,574ms] [Info] [omni.kit.registry.nucleus.utils.omni_client_utils] (downloading ext archive) copying: http://d4i3qtqj3r0z5.cloudfront.net/omni.index.libs-b1dc037e76dfc0d0.zip -> /tmp/tmpvqnob_cm/omni.index.libs-387500.939.0+5941509b.lx64.r.zip
2025-08-23T21:51:02Z [2,575ms] [Info] [omni.kit.app._impl] [py stdout]: [omni.kit.registry.nucleus] [tid: 134547408668224] creating a link: /mnt/c/projects/kit-app-template/_build/linux-x86_64/release/extscache/omni.hydra.rtx.shadercache.vulkan-1.0.0+5941509b.lx64.r -> /home/kamran/.local/share/ov/data/exts/v2/omni.hydra.rtx.shadercache.vulkan-d4e5e3d2e81b54d3
2025-08-23T21:51:02Z [2,580ms] [Info] [packman.link] Created symbolic link
2025-08-23T21:51:02Z [2,584ms] [Info] [omni.kit.registry.nucleus.utils.common] -----> func:pull_extension took: 0.0128s
2025-08-23T21:51:02Z [2,585ms] [Info] [omni.kit.app.plugin] [2.676s] Extension: `omni.hydra.rtx.shadercache.vulkan-1.0.0` was installed.
2025-08-23T21:51:02Z [3,286ms] [Info] [omni.kit.registry.nucleus.utils.omni_client_utils] result: Result.OK
2025-08-23T21:51:02Z [3,287ms] [Info] [omni.kit.registry.nucleus.utils.common] ----> func:omni_client_copy took: 0.7130s
2025-08-23T21:51:02Z [3,287ms] [Info] [omni.kit.app._impl] [py stdout]: [omni.kit.registry.nucleus] [tid: 134547425453632] unpacking: /tmp/tmp5aog7uiq/omni.kit.pip_archive-0.0.0+5941509b.lx64.cp312.zip -> /home/kamran/.local/share/ov/data/exts/v2/omni.kit.pip_archive-a98e3ee5d9b0b024
2025-08-23T21:51:02Z [3,299ms] [Info] [omni.ext._impl] [omni.ext] unpack_archive: '/tmp/tmp5aog7uiq/omni.kit.pip_archive-0.0.0+5941509b.lx64.cp312.zip' to '/home/kamran/.local/share/ov/data/exts/v2/omni.kit.pip_archive-a98e3ee5d9b0b024'
2025-08-23T21:51:03Z [3,825ms] [Info] [omni.kit.app._impl] [py stdout]: [omni.kit.registry.nucleus] [tid: 134547425453632] creating a link: /mnt/c/projects/kit-app-template/_build/linux-x86_64/release/extscache/omni.kit.pip_archive-0.0.0+5941509b.lx64.cp312 -> /home/kamran/.local/share/ov/data/exts/v2/omni.kit.pip_archive-a98e3ee5d9b0b024
2025-08-23T21:51:03Z [3,827ms] [Info] [packman.link] Created symbolic link
2025-08-23T21:51:03Z [3,833ms] [Info] [omni.kit.registry.nucleus.utils.common] ---> func:pull_extension took: 1.2622s
2025-08-23T21:51:03Z [3,833ms] [Info] [omni.kit.app.plugin] [3.924s] Extension: `omni.kit.pip_archive-0.0.0` was installed.
2025-08-23T21:51:05Z [5,672ms] [Info] [omni.kit.registry.nucleus.utils.omni_client_utils] result: Result.OK
2025-08-23T21:51:05Z [5,672ms] [Info] [omni.kit.registry.nucleus.utils.common] --> func:omni_client_copy took: 3.0979s
2025-08-23T21:51:05Z [5,672ms] [Info] [omni.kit.app._impl] [py stdout]: [omni.kit.registry.nucleus] [tid: 134546259424832] unpacking: /tmp/tmpvqnob_cm/omni.index.libs-387500.939.0+5941509b.lx64.r.zip -> /home/kamran/.local/share/ov/data/exts/v2/omni.index.libs-b1dc037e76dfc0d0
2025-08-23T21:51:05Z [5,673ms] [Info] [omni.ext._impl] [omni.ext] unpack_archive: '/tmp/tmpvqnob_cm/omni.index.libs-387500.939.0+5941509b.lx64.r.zip' to '/home/kamran/.local/share/ov/data/exts/v2/omni.index.libs-b1dc037e76dfc0d0'
2025-08-23T21:51:06Z [6,557ms] [Error] [omni.kit.registry.nucleus.utils.common] [kit/sdk] Failed pulling extension 'omni.index.libs-387500.939.0+5941509b.lx64.r' with: 'Traceback (most recent call last):
  File "/home/kamran/.cache/packman/chk/kit-kernel/108.0.0+feature.221586.5941509b.gl.manylinux_2_35_x86_64.release+c3/extscore/omni.kit.registry.nucleus/omni/kit/registry/nucleus/registry_provider.py", line 644, in _pull_extension_async
    return await self._pull_extension_async_impl(ext_id, ext_folder, sync)
           ^^^^^^^^^^^^^^^^^^^^^^^^^^^^^^^^^^^^^^^^^^^^^^^^^^^^^^^^^^^^^^^
  File "/home/kamran/.cache/packman/chk/kit-kernel/108.0.0+feature.221586.5941509b.gl.manylinux_2_35_x86_64.release+c3/extscore/omni.kit.registry.nucleus/omni/kit/registry/nucleus/registry_provider.py", line 740, in _pull_extension_async_impl
    unpack()
  File "/home/kamran/.cache/packman/chk/kit-kernel/108.0.0+feature.221586.5941509b.gl.manylinux_2_35_x86_64.release+c3/extscore/omni.kit.registry.nucleus/omni/kit/registry/nucleus/registry_provider.py", line 729, in unpack
    omni.ext.unpack_extension(
  File "/home/kamran/.cache/packman/chk/kit-kernel/108.0.0+feature.221586.5941509b.gl.manylinux_2_35_x86_64.release+c3/kernel/py/omni/ext/_impl/__init__.py", line 314, in unpack_extension
    archivezip.extract_archive_to_folder(archive_path, extract_to, skip_security_checks)
  File "/home/kamran/.cache/packman/chk/kit-kernel/108.0.0+feature.221586.5941509b.gl.manylinux_2_35_x86_64.release+c3/kernel/py/omni/ext/_impl/packman/archivezip.py", line 270, in extract_archive_to_folder
    _extract_file(zip_file, file_info, output_folder)
  File "/home/kamran/.cache/packman/chk/kit-kernel/108.0.0+feature.221586.5941509b.gl.manylinux_2_35_x86_64.release+c3/kernel/py/omni/ext/_impl/packman/archivezip.py", line 183, in _extract_file
    zip.extract(file_info, path=extract_dir)
  File "/home/kamran/.cache/packman/chk/kit-kernel/108.0.0+feature.221586.5941509b.gl.manylinux_2_35_x86_64.release+c3/python/lib/python3.12/zipfile/__init__.py", line 1739, in extract
    return self._extract_member(member, path, pwd)
           ^^^^^^^^^^^^^^^^^^^^^^^^^^^^^^^^^^^^^^^
  File "/home/kamran/.cache/packman/chk/kit-kernel/108.0.0+feature.221586.5941509b.gl.manylinux_2_35_x86_64.release+c3/python/lib/python3.12/zipfile/__init__.py", line 1815, in _extract_member
    shutil.copyfileobj(source, target)
  File "/home/kamran/.cache/packman/chk/kit-kernel/108.0.0+feature.221586.5941509b.gl.manylinux_2_35_x86_64.release+c3/python/lib/python3.12/shutil.py", line 203, in copyfileobj
    while buf := fsrc_read(length):
                 ^^^^^^^^^^^^^^^^^
  File "/home/kamran/.cache/packman/chk/kit-kernel/108.0.0+feature.221586.5941509b.gl.manylinux_2_35_x86_64.release+c3/python/lib/python3.12/zipfile/__init__.py", line 992, in read
    data = self._read1(n)
           ^^^^^^^^^^^^^^
  File "/home/kamran/.cache/packman/chk/kit-kernel/108.0.0+feature.221586.5941509b.gl.manylinux_2_35_x86_64.release+c3/python/lib/python3.12/zipfile/__init__.py", line 1082, in _read1
    self._update_crc(data)
  File "/home/kamran/.cache/packman/chk/kit-kernel/108.0.0+feature.221586.5941509b.gl.manylinux_2_35_x86_64.release+c3/python/lib/python3.12/zipfile/__init__.py", line 1010, in _update_crc
    raise BadZipFile("Bad CRC-32 for file %r" % self.name)
zipfile.BadZipFile: Bad CRC-32 for file 'bin/nvindex-libs/libnvindex.so'
'
2025-08-23T21:51:06Z [6,558ms] [Info] [omni.kit.registry.nucleus.utils.common] -> func:pull_extension took: 3.9889s
2025-08-23T21:51:06Z [6,559ms] [Error] [omni.ext.plugin] Failed to pull extension: 'omni.index.libs-387500.939.0' in '/mnt/c/projects/kit-app-template/_build/linux-x86_64/release/extscache'.
2025-08-23T21:51:06Z [6,559ms] [Error] [omni.ext.plugin] One or a few of extensions failed to pull.
2025-08-23T21:51:06Z [6,559ms] [Error] [omni.kit.app.plugin] Failed to generate version file, kit file: my_company.my_editor-0.1.0 failed to resolve dependencies.
2025-08-23T21:51:06Z [6,560ms] [Error] [omni.kit.app.plugin] Exiting app because of dependency solver failure...
2025-08-23T21:51:06Z [6,560ms] [Info] [omni.kit.app.plugin] No run loop was found, quitting...
2025-08-23T21:51:06Z [6,560ms] [Info] [omni.kit.app.plugin] Application auto-quits as it worked for the specified number of frames: 0
2025-08-23T21:51:06Z [6,561ms] [Info] [omni.kit.app.plugin] app started
2025-08-23T21:51:06Z [6,561ms] [Info] [carb.crashreporter-breakpad.plugin] enabled: false
